/*
SQLyog Ultimate v10.00 Beta1
MySQL - 5.7.16-log : Database - mobile_to_mobile_money_dev
*********************************************************************
*/

/*!40101 SET NAMES utf8 */;

/*!40101 SET SQL_MODE=''*/;

/*!40014 SET @OLD_UNIQUE_CHECKS=@@UNIQUE_CHECKS, UNIQUE_CHECKS=0 */;
/*!40014 SET @OLD_FOREIGN_KEY_CHECKS=@@FOREIGN_KEY_CHECKS, FOREIGN_KEY_CHECKS=0 */;
/*!40101 SET @OLD_SQL_MODE=@@SQL_MODE, SQL_MODE='NO_AUTO_VALUE_ON_ZERO' */;
/*!40111 SET @OLD_SQL_NOTES=@@SQL_NOTES, SQL_NOTES=0 */;
CREATE DATABASE /*!32312 IF NOT EXISTS*/`mobile_to_mobile_money_dev` /*!40100 DEFAULT CHARACTER SET utf8 */;

USE `mobile_to_mobile_money_dev`;

/*Table structure for table `address` */

DROP TABLE IF EXISTS `address`;

CREATE TABLE `address` (
  `id` bigint(20) NOT NULL AUTO_INCREMENT,
  `address_1` varchar(255) DEFAULT NULL,
  `address_2` varchar(255) DEFAULT NULL,
  `address_3` varchar(255) DEFAULT NULL,
  `city_or_distirct` varchar(255) DEFAULT NULL,
  `country` varchar(255) DEFAULT NULL,
  `created_by` varchar(255) DEFAULT NULL,
  `created_date` date DEFAULT NULL,
  `is_deleted` tinyint(1) DEFAULT '0',
  `modified_by` varchar(255) DEFAULT NULL,
  `modified_date` date DEFAULT NULL,
  `postal_code` varchar(255) DEFAULT NULL,
  `state` varchar(255) DEFAULT NULL,
  `address_type_id` bigint(20) DEFAULT NULL,
  `customer_id` bigint(20) DEFAULT NULL,
  `house_no` varchar(45) DEFAULT NULL,
  PRIMARY KEY (`id`),
  KEY `FKkkjn52mg1vha4yjpm0douso7f` (`address_type_id`),
  KEY `FK93c3js0e22ll1xlu21nvrhqgg` (`customer_id`),
  CONSTRAINT `FK93c3js0e22ll1xlu21nvrhqgg` FOREIGN KEY (`customer_id`) REFERENCES `customer` (`id`),
  CONSTRAINT `FKkkjn52mg1vha4yjpm0douso7f` FOREIGN KEY (`address_type_id`) REFERENCES `address_type` (`id`)
) ENGINE=InnoDB AUTO_INCREMENT=395 DEFAULT CHARSET=utf8;

/*Data for the table `address` */

insert  into `address`(`id`,`address_1`,`address_2`,`address_3`,`city_or_distirct`,`country`,`created_by`,`created_date`,`is_deleted`,`modified_by`,`modified_date`,`postal_code`,`state`,`address_type_id`,`customer_id`,`house_no`) values (351,'Church Street Bangalore',NULL,NULL,'NA','INDIA',NULL,NULL,0,NULL,NULL,'560001','Karnataka',1,10000183,NULL),(352,'Bangalore',NULL,NULL,'NA','INDIA',NULL,NULL,0,NULL,NULL,'590006','karnataka',1,10000184,NULL),(353,'Bangalore',NULL,NULL,'NA','INDIA',NULL,NULL,0,NULL,NULL,'590006','karnataka',1,10000185,NULL),(354,'Banglore',NULL,NULL,'NA','INDIA',NULL,NULL,0,NULL,NULL,'587101','Karnataka',1,10000186,NULL),(355,'Bangalore',NULL,NULL,'NA','INDIA',NULL,NULL,0,NULL,NULL,'590006','karnataka',1,10000187,NULL),(356,'Bangalore',NULL,NULL,'NA','INDIA',NULL,NULL,0,NULL,NULL,'590006','karnataka',1,10000188,NULL),(357,'Bangalore',NULL,NULL,'NA','INDIA',NULL,NULL,0,NULL,NULL,'590006','karnataka',1,10000189,NULL),(358,'Bangalore',NULL,NULL,'NA','INDIA',NULL,NULL,0,NULL,NULL,'590006','karnataka',1,10000190,NULL),(359,'Bangalore',NULL,NULL,'NA','INDIA',NULL,NULL,0,NULL,NULL,'516126','Andhra Pradesh',1,10000191,NULL),(360,'Banglore',NULL,NULL,'NA','INDIA',NULL,NULL,0,NULL,NULL,'587010','Andhra Pradesh',1,10000192,NULL),(361,'Bangalore',NULL,NULL,'NA','INDIA',NULL,NULL,0,NULL,NULL,'590006','karnataka',1,10000193,NULL),(362,'Bangalore',NULL,NULL,'NA','INDIA',NULL,NULL,0,NULL,NULL,'123444','Andhra Pradesh',1,10000194,NULL),(363,'Bangalore',NULL,NULL,'NA','INDIA',NULL,NULL,0,NULL,NULL,'123333','Andhra Pradesh',1,10000195,NULL),(364,'Bangalore',NULL,NULL,'NA','INDIA',NULL,NULL,0,NULL,NULL,'590006','karnataka',1,10000196,NULL),(365,'Bangalore',NULL,NULL,'NA','INDIA',NULL,NULL,0,NULL,NULL,'590006','karnataka',1,10000197,NULL),(366,'Bangalore',NULL,NULL,'NA','INDIA',NULL,NULL,0,NULL,NULL,'590006','karnataka',1,10000198,NULL),(367,'Bangalore',NULL,NULL,'NA','INDIA',NULL,NULL,0,NULL,NULL,'590006','karnataka',1,10000199,NULL),(368,'Bangalore',NULL,NULL,'NA','INDIA',NULL,NULL,0,NULL,NULL,'590006','karnataka',1,10000200,NULL),(370,'Bangalore',NULL,NULL,'NA','INDIA',NULL,NULL,0,NULL,NULL,'590006','karnataka',1,10000203,NULL),(371,'Dfgdfgd',NULL,NULL,'NA','INDIA',NULL,NULL,0,NULL,NULL,'343243','Andhra Pradesh',1,10000204,NULL),(372,'Fffff',NULL,NULL,'NA','INDIA',NULL,NULL,0,NULL,NULL,'888888','Andhra Pradesh',1,10000205,NULL),(373,'Dddd',NULL,NULL,'NA','INDIA',NULL,NULL,0,NULL,NULL,'545555','Andhra Pradesh',1,10000206,NULL),(374,'Ccxx',NULL,NULL,'NA','INDIA',NULL,NULL,0,NULL,NULL,'555555','Assam',1,10000207,NULL),(375,'Ffffff',NULL,NULL,'NA','INDIA',NULL,NULL,0,NULL,NULL,'555555','Andhra Pradesh',1,10000208,NULL),(376,'Bangalore',NULL,NULL,'NA','INDIA',NULL,NULL,0,NULL,NULL,'123213','Andhra Pradesh',1,10000209,NULL),(377,'Bangalore',NULL,NULL,'NA','INDIA',NULL,NULL,0,NULL,NULL,'765478','Andhra Pradesh',1,10000210,NULL),(378,'Jhjh’s',NULL,NULL,'NA','INDIA',NULL,NULL,0,NULL,NULL,'438857','Andhra Pradesh',1,10000211,NULL),(379,'Fdhbghs',NULL,NULL,'NA','INDIA',NULL,NULL,0,NULL,NULL,'324234','Andhra Pradesh',1,10000212,NULL),(380,'Banglore',NULL,NULL,'NA','INDIA',NULL,NULL,0,NULL,NULL,'587101','Karnataka',1,10000213,NULL),(382,'Banglore',NULL,NULL,'NA','INDIA',NULL,NULL,0,NULL,NULL,'587070','Karnataka',1,10000215,NULL),(383,'Banglore',NULL,NULL,'NA','INDIA',NULL,NULL,0,NULL,NULL,'545545','Karnataka',1,10000216,NULL),(384,'There',NULL,NULL,'NA','INDIA',NULL,NULL,0,NULL,NULL,'454354','Chhattisgarh',1,10000217,NULL),(385,'#108 3rd Main Saraswati Nagar-560079',NULL,NULL,'NA','INDIA',NULL,NULL,0,NULL,NULL,'560079','Karnataka',1,10000218,NULL),(386,'Kurunghat\nKodathur\nPerumpadappu\n679580',NULL,NULL,'NA','INDIA',NULL,NULL,0,NULL,NULL,'679580','Kerala',1,10000219,NULL),(387,'Test',NULL,NULL,'NA','INDIA',NULL,NULL,0,NULL,NULL,'000000','test',1,10000220,NULL),(388,'Test',NULL,NULL,'NA','INDIA',NULL,NULL,0,NULL,NULL,'000000','test',1,10000221,NULL),(389,'Test',NULL,NULL,'NA','INDIA',NULL,NULL,0,NULL,NULL,'000000','test',1,10000222,NULL),(390,'Test',NULL,NULL,'NA','INDIA',NULL,NULL,0,NULL,NULL,'000000','test',1,10000223,NULL),(391,'Test',NULL,NULL,'NA','INDIA',NULL,NULL,0,NULL,NULL,'000000','test',1,10000224,NULL),(392,'Test',NULL,NULL,'NA','INDIA',NULL,NULL,0,NULL,NULL,'000000','test',1,10000225,NULL),(393,'Test',NULL,NULL,'NA','INDIA',NULL,NULL,0,NULL,NULL,'000000','test',1,10000226,NULL),(394,'Bangalore',NULL,NULL,'NA','INDIA',NULL,NULL,0,NULL,NULL,'123456','Andhra Pradesh',1,10000227,NULL);

/*Table structure for table `address_type` */

DROP TABLE IF EXISTS `address_type`;

CREATE TABLE `address_type` (
  `id` bigint(20) NOT NULL,
  `created_by` varchar(255) DEFAULT NULL,
  `created_date` date DEFAULT NULL,
  `modified_by` varchar(255) DEFAULT NULL,
  `modified_date` date DEFAULT NULL,
  `name` varchar(255) DEFAULT NULL,
  PRIMARY KEY (`id`)
) ENGINE=InnoDB DEFAULT CHARSET=utf8;

/*Data for the table `address_type` */

insert  into `address_type`(`id`,`created_by`,`created_date`,`modified_by`,`modified_date`,`name`) values (1,NULL,NULL,NULL,NULL,'PERMANENT'),(2,NULL,NULL,NULL,NULL,'PRESENT');

/*Table structure for table `bank_detail` */

DROP TABLE IF EXISTS `bank_detail`;

CREATE TABLE `bank_detail` (
  `id` bigint(20) NOT NULL AUTO_INCREMENT,
  `account_number` varchar(255) DEFAULT NULL,
  `created_by` varchar(255) DEFAULT NULL,
  `created_date` date DEFAULT NULL,
  `ifsc_code` varchar(255) DEFAULT NULL,
  `is_deleted` tinyint(1) DEFAULT '0',
  `modified_by` varchar(255) DEFAULT NULL,
  `modified_date` date DEFAULT NULL,
  `name` varchar(255) DEFAULT NULL,
  `customer_id` bigint(20) DEFAULT NULL,
  PRIMARY KEY (`id`),
  KEY `FKdshbqygasp8h83o774iq41qt0` (`customer_id`),
  CONSTRAINT `FKdshbqygasp8h83o774iq41qt0` FOREIGN KEY (`customer_id`) REFERENCES `customer` (`id`) ON DELETE NO ACTION
) ENGINE=InnoDB AUTO_INCREMENT=191 DEFAULT CHARSET=utf8;

/*Data for the table `bank_detail` */

insert  into `bank_detail`(`id`,`account_number`,`created_by`,`created_date`,`ifsc_code`,`is_deleted`,`modified_by`,`modified_date`,`name`,`customer_id`) values (182,'123456867',NULL,NULL,'SBM0383',0,NULL,NULL,NULL,10000200),(187,'863688',NULL,NULL,'HSHSH677HSU',0,NULL,NULL,NULL,10000186),(188,'026291800001191',NULL,NULL,'YESB0000270',0,NULL,NULL,NULL,10000183),(190,'12345678909',NULL,NULL,'QWERUDHDHHS',0,NULL,NULL,NULL,10000186);

/*Table structure for table `commission` */

DROP TABLE IF EXISTS `commission`;

CREATE TABLE `commission` (
  `id` int(11) NOT NULL,
  `created_by` varchar(255) DEFAULT NULL,
  `created_date` date DEFAULT NULL,
  `end_date` date DEFAULT NULL,
  `is_active` tinyint(4) DEFAULT NULL,
  `kouchan_charges` double DEFAULT NULL,
  `modified_by` varchar(255) DEFAULT NULL,
  `modified_date` date DEFAULT NULL,
  `range_from` double DEFAULT NULL,
  `range_to` double DEFAULT NULL,
  `start_date` date DEFAULT NULL,
  `vendor_charges` double DEFAULT NULL,
  `customer_type_id` bigint(20) DEFAULT NULL,
  `transfer_type_id` bigint(20) DEFAULT NULL,
  `IS_PERCENTAGE` tinyint(1) DEFAULT NULL,
  PRIMARY KEY (`id`),
  KEY `FKf008d0reiow9p7clq6c1fbxit` (`customer_type_id`),
  KEY `FK1imn5r8v96cbgnfrdmvklsslm` (`transfer_type_id`),
  CONSTRAINT `FK1imn5r8v96cbgnfrdmvklsslm` FOREIGN KEY (`transfer_type_id`) REFERENCES `transfer_type` (`id`),
  CONSTRAINT `FKf008d0reiow9p7clq6c1fbxit` FOREIGN KEY (`customer_type_id`) REFERENCES `customer_type` (`id`)
) ENGINE=InnoDB DEFAULT CHARSET=utf8;

/*Data for the table `commission` */

insert  into `commission`(`id`,`created_by`,`created_date`,`end_date`,`is_active`,`kouchan_charges`,`modified_by`,`modified_date`,`range_from`,`range_to`,`start_date`,`vendor_charges`,`customer_type_id`,`transfer_type_id`,`IS_PERCENTAGE`) values (1,NULL,NULL,'2019-01-01',1,5,NULL,NULL,0,100,'2017-08-01',0,1,4,0),(2,NULL,NULL,'2019-01-01',1,5,NULL,NULL,101,500,'2017-08-01',0,1,4,0),(3,NULL,NULL,'2019-01-01',1,5,NULL,NULL,501,1000000,'2017-08-01',0,1,4,0),(4,NULL,NULL,'2019-01-01',1,1.5,NULL,NULL,0,100000,'2017-08-01',1.5,1,1,1),(5,NULL,NULL,'2019-01-01',1,2,NULL,NULL,0,100000,'2017-08-01',3,1,3,0),(6,NULL,NULL,'2019-01-01',1,3,NULL,NULL,0,100000,'2017-08-01',0,1,5,0),(7,NULL,NULL,'2019-01-01',1,1.5,NULL,NULL,0,100,'2017-08-01',1.5,1,11,0),(8,NULL,NULL,'2019-01-01',1,1.5,NULL,NULL,101,500,'2017-08-01',1.5,1,11,0),(9,NULL,NULL,'2019-01-01',1,1.5,NULL,NULL,501,1000000,'2017-08-01',1.5,1,11,0),(10,NULL,NULL,'2019-01-01',1,1.5,NULL,NULL,0,100,'2017-08-01',1.5,1,10,0),(11,NULL,NULL,'2019-01-01',1,1.5,NULL,NULL,101,500,'2017-08-01',1.5,1,10,0),(12,NULL,NULL,'2019-01-01',1,1.5,NULL,NULL,501,1000000,'2017-08-01',1.5,1,10,0),(13,NULL,NULL,'2019-01-01',1,1.5,NULL,NULL,0,100,'2017-08-01',1.5,1,9,0),(14,NULL,NULL,'2019-01-01',1,1.5,NULL,NULL,101,500,'2017-08-01',1.5,1,9,0),(15,NULL,NULL,'2019-01-01',1,1.5,NULL,NULL,501,1000000,'2017-08-01',1.5,1,9,0),(16,NULL,NULL,'2019-01-01',1,1,NULL,NULL,0,100,'2017-08-01',0,1,7,1),(17,NULL,NULL,'2019-01-01',1,3,NULL,NULL,101,500,'2017-08-01',0,1,7,1),(18,NULL,NULL,'2019-01-01',1,5,NULL,NULL,501,1000000,'2017-08-01',0,1,7,1),(19,NULL,NULL,'2019-01-01',1,1,NULL,NULL,0,100,'2017-08-01',0,1,6,0),(20,NULL,NULL,'2019-01-01',1,2,NULL,NULL,101,500,'2017-08-01',0,1,6,0),(21,NULL,NULL,'2019-01-01',1,3,NULL,NULL,501,1000000,'2017-08-01',0,1,6,0);

/*Table structure for table `contact_detail` */

DROP TABLE IF EXISTS `contact_detail`;

CREATE TABLE `contact_detail` (
  `id` bigint(20) NOT NULL AUTO_INCREMENT,
  `created_by` varchar(255) DEFAULT NULL,
  `created_date` date DEFAULT NULL,
  `is_deleted` tinyint(1) DEFAULT '0',
  `mobile` varchar(255) DEFAULT NULL,
  `modified_by` varchar(255) DEFAULT NULL,
  `modified_date` date DEFAULT NULL,
  `name` varchar(255) DEFAULT NULL,
  `contact_type_id` bigint(20) DEFAULT NULL,
  `customer_id` bigint(20) DEFAULT NULL,
  PRIMARY KEY (`id`),
  KEY `FKl756nwqbv3wgt89cenadkiknq` (`contact_type_id`),
  KEY `FKo16lokt0qfbrmle154dhedwd5` (`customer_id`),
  CONSTRAINT `FKl756nwqbv3wgt89cenadkiknq` FOREIGN KEY (`contact_type_id`) REFERENCES `contact_type` (`id`),
  CONSTRAINT `FKo16lokt0qfbrmle154dhedwd5` FOREIGN KEY (`customer_id`) REFERENCES `customer` (`id`)
) ENGINE=InnoDB AUTO_INCREMENT=787 DEFAULT CHARSET=utf8;

/*Data for the table `contact_detail` */

insert  into `contact_detail`(`id`,`created_by`,`created_date`,`is_deleted`,`mobile`,`modified_by`,`modified_date`,`name`,`contact_type_id`,`customer_id`) values (699,NULL,NULL,0,'918431222487',NULL,NULL,'Chinnu',1,10000183),(700,NULL,NULL,0,'918431222487',NULL,NULL,'Chinnu',2,10000183),(701,NULL,NULL,0,'919845573055',NULL,NULL,'Adtiya Ghatikar',1,10000184),(702,NULL,NULL,0,'917795259974',NULL,NULL,'Neelangouda',2,10000184),(703,NULL,NULL,0,'919845573055',NULL,NULL,'Adtiya Ghatikar',1,10000185),(704,NULL,NULL,0,'917795259974',NULL,NULL,'Neelangouda',2,10000185),(705,NULL,NULL,0,'918550814461',NULL,NULL,'Lakshmi',1,10000186),(706,NULL,NULL,0,'919945484103',NULL,NULL,'Sidd',2,10000186),(707,NULL,NULL,0,'919845573055',NULL,NULL,'Adtiya Ghatikar',1,10000187),(708,NULL,NULL,0,'917795259974',NULL,NULL,'Neelangouda',2,10000187),(709,NULL,NULL,0,'919845573055',NULL,NULL,'Adtiya Ghatikar',1,10000188),(710,NULL,NULL,0,'917795259974',NULL,NULL,'Neelangouda',2,10000188),(711,NULL,NULL,0,'919845573055',NULL,NULL,'Adtiya Ghatikar',1,10000189),(712,NULL,NULL,0,'917795259974',NULL,NULL,'Neelangouda',2,10000189),(713,NULL,NULL,0,'919845573055',NULL,NULL,'Adtiya Ghatikar',1,10000190),(714,NULL,NULL,0,'917795259974',NULL,NULL,'Neelangouda',2,10000190),(715,NULL,NULL,0,'917795865630',NULL,NULL,'Lakshmi',1,10000191),(716,NULL,NULL,0,'919845573055',NULL,NULL,'Aditya  ',2,10000191),(717,NULL,NULL,0,'917676060664',NULL,NULL,'Shivaraj',1,10000192),(718,NULL,NULL,0,'91NA',NULL,NULL,'NA',2,10000192),(719,NULL,NULL,0,'919730557654',NULL,NULL,'Aditya AA',1,10000193),(720,NULL,NULL,0,'919972050703',NULL,NULL,'Puneeth Kumar',2,10000193),(721,NULL,NULL,0,'919845573055',NULL,NULL,'Aditya',1,10000194),(722,NULL,NULL,0,'919845573055',NULL,NULL,'Aditya  ',2,10000194),(723,NULL,NULL,0,'919845573055',NULL,NULL,'Aditya',1,10000195),(724,NULL,NULL,0,'919845573055',NULL,NULL,'Aditya  ',2,10000195),(725,NULL,NULL,0,'919730557654',NULL,NULL,'Aditya AA',1,10000196),(726,NULL,NULL,0,'919972050703',NULL,NULL,'Puneeth Kumar',2,10000196),(727,NULL,NULL,0,'919730557654',NULL,NULL,'Aditya AA',1,10000197),(728,NULL,NULL,0,'919972050703',NULL,NULL,'Puneeth Kumar',2,10000197),(729,NULL,NULL,0,'919730557654',NULL,NULL,'Aditya AA',1,10000198),(730,NULL,NULL,0,'919972050703',NULL,NULL,'Puneeth Kumar',2,10000198),(731,NULL,NULL,0,'919730557654',NULL,NULL,'Aditya AA',1,10000199),(732,NULL,NULL,0,'919972050703',NULL,NULL,'Puneeth Kumar',2,10000199),(733,NULL,NULL,0,'919730557654',NULL,NULL,'Aditya AA',1,10000200),(734,NULL,NULL,0,'919972050703',NULL,NULL,'Puneeth Kumar',2,10000200),(737,NULL,NULL,0,'919481062088',NULL,NULL,'puneeth kumar',1,10000203),(738,NULL,NULL,0,'917676060664',NULL,NULL,'Shivaraj',2,10000203),(739,NULL,NULL,0,'919845573055',NULL,NULL,'Aditya',1,10000204),(740,NULL,NULL,0,'919845573055',NULL,NULL,'Aditya  ',2,10000204),(741,NULL,NULL,0,'919845573055',NULL,NULL,'Aditya',1,10000205),(742,NULL,NULL,0,'919845573055',NULL,NULL,'Aditya  ',2,10000205),(743,NULL,NULL,0,'919845573055',NULL,NULL,'Aditya',1,10000206),(744,NULL,NULL,0,'919845573055',NULL,NULL,'Aditya  ',2,10000206),(745,NULL,NULL,0,'919845573055',NULL,NULL,'Aditya',1,10000207),(746,NULL,NULL,0,'919845573055',NULL,NULL,'Aditya  ',2,10000207),(747,NULL,NULL,0,'919845573055',NULL,NULL,'Aditya',1,10000208),(748,NULL,NULL,0,'919845573055',NULL,NULL,'Aditya  ',2,10000208),(749,NULL,NULL,0,'919845573055',NULL,NULL,'Aditya',1,10000209),(750,NULL,NULL,0,'919845573055',NULL,NULL,'Aditya  ',2,10000209),(751,NULL,NULL,0,'919845573055',NULL,NULL,'Aditya',1,10000210),(752,NULL,NULL,0,'919845573055',NULL,NULL,'Aditya  ',2,10000210),(753,NULL,NULL,0,'919845573055',NULL,NULL,'Aditya',1,10000211),(754,NULL,NULL,0,'919845573055',NULL,NULL,'Aditya  ',2,10000211),(755,NULL,NULL,0,'919845573055',NULL,NULL,'Aditya',1,10000212),(756,NULL,NULL,0,'919845573055',NULL,NULL,'Aditya  ',2,10000212),(757,NULL,NULL,0,'917676060664',NULL,NULL,'Shivapppa',1,10000213),(758,NULL,NULL,0,'91NA',NULL,NULL,'NA',2,10000213),(761,NULL,NULL,0,'917676060664',NULL,NULL,'Basavaraj Mallikarjun Navi',1,10000215),(762,NULL,NULL,0,'919481062088',NULL,NULL,'Puneeth',2,10000215),(763,NULL,NULL,0,'917676060664',NULL,NULL,'Shivaraj',1,10000216),(764,NULL,NULL,0,'91NA',NULL,NULL,'NA',2,10000216),(765,NULL,NULL,0,'919845573055',NULL,NULL,'Aditya',1,10000217),(766,NULL,NULL,0,'919845573055',NULL,NULL,'Aditya  ',2,10000217),(767,NULL,NULL,0,'919481062088',NULL,NULL,'Puneeth Kumar T R',1,10000218),(768,NULL,NULL,0,'919739006701',NULL,NULL,'Madhusudhan G S',2,10000218),(769,NULL,NULL,0,'919400330349',NULL,NULL,'Seema Gopinath',1,10000219),(770,NULL,NULL,0,'918281932450',NULL,NULL,'Madhav.K',2,10000219),(771,NULL,NULL,0,'918500400412',NULL,NULL,'Test',1,10000220),(772,NULL,NULL,0,'919999999999',NULL,NULL,'Test',2,10000220),(773,NULL,NULL,0,'918095725566',NULL,NULL,'Test',1,10000221),(774,NULL,NULL,0,'919999999999',NULL,NULL,'Test',2,10000221),(775,NULL,NULL,0,'918095725566',NULL,NULL,'Test',1,10000222),(776,NULL,NULL,0,'919999999999',NULL,NULL,'Test',2,10000222),(777,NULL,NULL,0,'918095725566',NULL,NULL,'Test',1,10000223),(778,NULL,NULL,0,'919999999999',NULL,NULL,'Test',2,10000223),(779,NULL,NULL,0,'918095725566',NULL,NULL,'Test',1,10000224),(780,NULL,NULL,0,'919999999999',NULL,NULL,'Test',2,10000224),(781,NULL,NULL,0,'918095725566',NULL,NULL,'Test',1,10000225),(782,NULL,NULL,0,'919999999999',NULL,NULL,'Test',2,10000225),(783,NULL,NULL,0,'918095725566',NULL,NULL,'Test',1,10000226),(784,NULL,NULL,0,'919999999999',NULL,NULL,'Test',2,10000226),(785,NULL,NULL,0,'918550814461',NULL,NULL,'Lakshmi',1,10000227),(786,NULL,NULL,0,'918550814461',NULL,NULL,'Lakshmi',2,10000227);

/*Table structure for table `contact_type` */

DROP TABLE IF EXISTS `contact_type`;

CREATE TABLE `contact_type` (
  `id` bigint(20) NOT NULL,
  `created_by` varchar(255) DEFAULT NULL,
  `created_date` date DEFAULT NULL,
  `modified_by` varchar(255) DEFAULT NULL,
  `modified_date` date DEFAULT NULL,
  `name` varchar(255) DEFAULT NULL,
  PRIMARY KEY (`id`)
) ENGINE=InnoDB DEFAULT CHARSET=utf8;

/*Data for the table `contact_type` */

insert  into `contact_type`(`id`,`created_by`,`created_date`,`modified_by`,`modified_date`,`name`) values (1,NULL,NULL,NULL,NULL,'Alternate'),(2,NULL,NULL,NULL,NULL,'Nominee');

/*Table structure for table `currency_conversion` */

DROP TABLE IF EXISTS `currency_conversion`;

CREATE TABLE `currency_conversion` (
  `id` int(11) NOT NULL,
  `base_currency` tinyint(4) DEFAULT NULL,
  `conversation_factor` double DEFAULT NULL,
  `created_by` varchar(255) DEFAULT NULL,
  `created_date` date DEFAULT NULL,
  `currency_symbol` varchar(255) DEFAULT NULL,
  `currency_type` varchar(255) DEFAULT NULL,
  `is_deleted` tinyint(1) DEFAULT '0',
  `modified_by` varchar(255) DEFAULT NULL,
  `modified_date` date DEFAULT NULL,
  PRIMARY KEY (`id`)
) ENGINE=InnoDB DEFAULT CHARSET=utf8;

/*Data for the table `currency_conversion` */

/*Table structure for table `customer` */

DROP TABLE IF EXISTS `customer`;

CREATE TABLE `customer` (
  `id` bigint(20) NOT NULL AUTO_INCREMENT,
  `avatar` varchar(255) DEFAULT NULL,
  `created_by` varchar(255) DEFAULT NULL,
  `created_date` datetime DEFAULT NULL,
  `date_of_birth` date DEFAULT NULL,
  `email` varchar(255) DEFAULT NULL,
  `encryption_type` varchar(255) DEFAULT NULL,
  `fcm_token` varchar(255) DEFAULT NULL,
  `gender` varchar(255) DEFAULT NULL,
  `is_deleted` tinyint(1) DEFAULT '0',
  `mobile` varchar(255) DEFAULT NULL,
  `modified_by` varchar(255) DEFAULT NULL,
  `modified_date` date DEFAULT NULL,
  `name` varchar(255) DEFAULT NULL,
  `password` varchar(255) DEFAULT NULL,
  `customer_status_id` bigint(20) DEFAULT NULL,
  `customer_type_id` bigint(20) DEFAULT NULL,
  `wallet_balance_id` bigint(20) DEFAULT NULL,
  `account_type_id` bigint(20) DEFAULT NULL,
  `TRANSACTION_COUNT` bigint(20) DEFAULT NULL,
  `customer_referrer` bigint(20) DEFAULT NULL,
  `FGT_OTP` varchar(20) DEFAULT NULL,
  `FGT_OTP_DATE` date DEFAULT NULL,
  PRIMARY KEY (`id`),
  KEY `FK2r41502dbwehta0hpw1h1iml0` (`customer_status_id`),
  KEY `FKn8vf9jf3m29plqn6rx45p2pl7` (`customer_type_id`),
  KEY `FKsyor67wn4cyqe3is3ovmkbsi7` (`wallet_balance_id`),
  KEY `FKsscxfve43wekl9ysy9aqaw8j0` (`account_type_id`),
  KEY `FK2ooc4ew74hnsyutch7fx8esxa` (`customer_referrer`),
  CONSTRAINT `FK2ooc4ew74hnsyutch7fx8esxa` FOREIGN KEY (`customer_referrer`) REFERENCES `customer` (`id`),
  CONSTRAINT `FK2r41502dbwehta0hpw1h1iml0` FOREIGN KEY (`customer_status_id`) REFERENCES `customer_status` (`id`),
  CONSTRAINT `FKn8vf9jf3m29plqn6rx45p2pl7` FOREIGN KEY (`customer_type_id`) REFERENCES `customer_type` (`id`),
  CONSTRAINT `FKsscxfve43wekl9ysy9aqaw8j0` FOREIGN KEY (`account_type_id`) REFERENCES `customer_type` (`id`),
  CONSTRAINT `FKsyor67wn4cyqe3is3ovmkbsi7` FOREIGN KEY (`wallet_balance_id`) REFERENCES `wallet_balance` (`id`),
  CONSTRAINT `customer_customer_type_FK` FOREIGN KEY (`account_type_id`) REFERENCES `customer_type` (`id`)
) ENGINE=InnoDB AUTO_INCREMENT=10000229 DEFAULT CHARSET=utf8;

/*Data for the table `customer` */

insert  into `customer`(`id`,`avatar`,`created_by`,`created_date`,`date_of_birth`,`email`,`encryption_type`,`fcm_token`,`gender`,`is_deleted`,`mobile`,`modified_by`,`modified_date`,`name`,`password`,`customer_status_id`,`customer_type_id`,`wallet_balance_id`,`account_type_id`,`TRANSACTION_COUNT`,`customer_referrer`,`FGT_OTP`,`FGT_OTP_DATE`) values (1818,NULL,'Dev','2017-10-10 16:03:02',NULL,'ganid005@gmail.com',NULL,NULL,NULL,0,'9742045925',NULL,NULL,'Amaresh','123',1,1,1818,1,4,NULL,NULL,NULL),(1210814,NULL,NULL,'2017-08-24 00:00:00',NULL,'XYZ@kouchan.com','',NULL,NULL,0,'919742191191',NULL,NULL,'Kouchan India Pvt Ltd','123',1,2,1,2,4,NULL,NULL,NULL),(1210815,NULL,NULL,'2017-08-24 00:00:00',NULL,'Vinod@kouchan.com','',NULL,NULL,0,'9989989990',NULL,NULL,'Vinod','123',1,1,2,NULL,4,NULL,NULL,NULL),(1210816,NULL,NULL,'2017-08-24 00:00:00',NULL,'Ravi@kouchan.com','',NULL,NULL,0,'919989989988',NULL,NULL,'Ravi','123456789',1,1,3,4,4,NULL,NULL,NULL),(10000000,NULL,NULL,'2017-08-24 00:00:00',NULL,'biligi@kouchan.com','',NULL,'Male',0,'9790623123',NULL,NULL,'Kouchan India Pvt Ltd','123456789',1,1,4,NULL,4,NULL,NULL,NULL),(10000183,'NA',NULL,'2017-11-29 14:40:13',NULL,'pkumar731@gmail.com',NULL,NULL,'Male',0,'919481062088',NULL,NULL,'Puneeth Kumar TR','481F6CC0511143CCDD7E2D1B1B94FAF0A700A8B49CD13922A70B5AE28ACAA8C5',2,1,2140,1,4,1818,NULL,NULL),(10000184,'NA',NULL,'2017-11-29 14:54:12',NULL,'hhhh@gmail.com',NULL,NULL,'Male',0,'918867262123',NULL,NULL,'Anupamkumar Meti','8D969EEF6ECAD3C29A3A629280E686CF0C3F5D5A86AFF3CA12020C923ADC6C92',2,1,2141,1,4,1818,NULL,NULL),(10000185,'NA',NULL,'2017-11-29 14:54:51',NULL,'hhhh@gmail.com',NULL,NULL,'Male',0,'918867262124',NULL,NULL,'Anupamkumar Meti','8D969EEF6ECAD3C29A3A629280E686CF0C3F5D5A86AFF3CA12020C923ADC6C92',2,1,2142,1,4,1818,NULL,NULL),(10000186,'NA',NULL,'2017-11-29 15:31:03',NULL,'raaj@gmail.com',NULL,NULL,'Male',0,'917676060664',NULL,NULL,'Shivaraj','8D969EEF6ECAD3C29A3A629280E686CF0C3F5D5A86AFF3CA12020C923ADC6C92',2,1,2143,1,4,1818,'615588','2017-12-18'),(10000187,'NA',NULL,'2017-11-30 11:32:48',NULL,'hhhh@gmail.com',NULL,NULL,'Male',0,'919448331039',NULL,NULL,'Anupamkumar Meti','8D969EEF6ECAD3C29A3A629280E686CF0C3F5D5A86AFF3CA12020C923ADC6C92',2,1,2144,1,4,1818,NULL,NULL),(10000188,'NA',NULL,'2017-11-30 12:31:50',NULL,'hhhh@gmail.com',NULL,NULL,'Male',0,'919448331089',NULL,NULL,'Anupamkumar Meti','8D969EEF6ECAD3C29A3A629280E686CF0C3F5D5A86AFF3CA12020C923ADC6C92',2,1,2145,1,4,1818,NULL,NULL),(10000189,'NA',NULL,'2017-11-30 12:43:42',NULL,'hhhh@gmail.com',NULL,NULL,'Male',0,'919348331089',NULL,NULL,'Anupamkumar Meti','8D969EEF6ECAD3C29A3A629280E686CF0C3F5D5A86AFF3CA12020C923ADC6C92',2,1,2146,1,4,1818,NULL,NULL),(10000190,'NA',NULL,'2017-11-30 12:55:54','1990-12-30','hhhh@gmail.com',NULL,NULL,'Male',0,'919427332039',NULL,NULL,'Anupamkumar Meti','8D969EEF6ECAD3C29A3A629280E686CF0C3F5D5A86AFF3CA12020C923ADC6C92',2,1,2147,1,4,1818,NULL,NULL),(10000191,'NA',NULL,'2017-12-01 11:13:27',NULL,'lakshmi@gmail.com',NULL,NULL,'Female',0,'918550814461',NULL,NULL,'Lakshmi','EF797C8118F02DFB649607DD5D3F8C7623048C9C063D532CC95C5ED7A898A64F',2,1,2148,1,4,NULL,'519981','2017-12-09'),(10000192,'NA',NULL,'2017-12-01 11:16:46',NULL,'lakshmi@gmail.com',NULL,NULL,'NA',0,'917795865630',NULL,NULL,'Lakshmi','8D969EEF6ECAD3C29A3A629280E686CF0C3F5D5A86AFF3CA12020C923ADC6C92',1,1,2149,2,4,1818,NULL,NULL),(10000193,'NA',NULL,'2017-12-01 11:19:53',NULL,'aditya@gmail.com',NULL,NULL,'Male',0,'918767876700',NULL,NULL,'aditya','8D969EEF6ECAD3C29A3A629280E686CF0C3F5D5A86AFF3CA12020C923ADC6C92',2,1,2150,1,4,10000186,NULL,NULL),(10000194,'NA',NULL,'2017-12-01 11:23:44','0007-06-09','lakshmi@gmail.com',NULL,NULL,'Female',0,'918550814462',NULL,NULL,'Lakshmi','8D969EEF6ECAD3C29A3A629280E686CF0C3F5D5A86AFF3CA12020C923ADC6C92',2,1,2151,1,4,NULL,NULL,NULL),(10000195,'NA',NULL,'2017-12-01 11:28:05','0007-06-09','krjngjdfkn@gmail.com',NULL,NULL,'Others',0,'917373767676',NULL,NULL,'Njkkk','8D969EEF6ECAD3C29A3A629280E686CF0C3F5D5A86AFF3CA12020C923ADC6C92',2,1,2152,1,4,NULL,NULL,NULL),(10000196,'NA',NULL,'2017-12-01 11:31:49','0035-09-07','aditya@gmail.com',NULL,NULL,'Male',0,'918767876709',NULL,NULL,'aditya','8D969EEF6ECAD3C29A3A629280E686CF0C3F5D5A86AFF3CA12020C923ADC6C92',2,1,2153,1,4,10000186,NULL,NULL),(10000197,'NA',NULL,'2017-12-01 11:32:14','0035-09-07','aditya@gmail.com',NULL,NULL,'Male',0,'918009099900',NULL,NULL,'aditya','8D969EEF6ECAD3C29A3A629280E686CF0C3F5D5A86AFF3CA12020C923ADC6C92',2,1,2154,1,4,10000186,NULL,NULL),(10000198,'NA',NULL,'2017-12-01 11:32:49','0035-09-07','aditya@gmail.com',NULL,NULL,'Male',0,'919089089089',NULL,NULL,'aditya','8D969EEF6ECAD3C29A3A629280E686CF0C3F5D5A86AFF3CA12020C923ADC6C92',2,1,2155,1,4,10000186,NULL,NULL),(10000199,'NA',NULL,'2017-12-01 11:33:19','0035-09-07','aditya@gmail.com',NULL,NULL,'Male',0,'919089089088',NULL,NULL,'aditya','8D969EEF6ECAD3C29A3A629280E686CF0C3F5D5A86AFF3CA12020C923ADC6C92',2,1,2156,1,4,10000186,NULL,NULL),(10000200,'NA',NULL,'2017-12-01 11:37:11','1990-12-30','aditya@gmail.com',NULL,NULL,'Male',0,'919089089068',NULL,NULL,'aditya','8D969EEF6ECAD3C29A3A629280E686CF0C3F5D5A86AFF3CA12020C923ADC6C92',2,1,2157,1,4,10000186,NULL,NULL),(10000202,NULL,NULL,NULL,NULL,NULL,NULL,NULL,NULL,0,NULL,NULL,NULL,NULL,NULL,NULL,NULL,NULL,NULL,4,NULL,NULL,NULL),(10000203,'NA',NULL,'2017-12-01 16:28:03',NULL,'adityagh007@gmail.com',NULL,NULL,'Male',0,'919845573055',NULL,NULL,'Aditya','EF797C8118F02DFB649607DD5D3F8C7623048C9C063D532CC95C5ED7A898A64F',1,1,2159,1,4,10000186,'302035','2017-12-07'),(10000204,'NA',NULL,'2017-12-02 15:02:30','0008-06-08','fgdfgd@gmail.com',NULL,NULL,'Others',0,'917867456983',NULL,NULL,'Bfgnbmf','8F7BC87F6B67402F29A87B1DD360D7981D06036F9A9B1603AF7E3C78F4DEF7F8',2,1,2160,1,4,10000186,NULL,NULL),(10000205,'NA',NULL,'2017-12-02 16:05:48','0008-06-08','cxxx@gmail.com',NULL,NULL,'Female',0,'918700000000',NULL,NULL,'Xxxx','8D969EEF6ECAD3C29A3A629280E686CF0C3F5D5A86AFF3CA12020C923ADC6C92',2,1,2161,1,4,10000186,NULL,NULL),(10000206,'NA',NULL,'2017-12-02 16:26:00','0008-06-08','fffff@gmail.com',NULL,NULL,'Others',0,'917854444444',NULL,NULL,'Ddddd','8D969EEF6ECAD3C29A3A629280E686CF0C3F5D5A86AFF3CA12020C923ADC6C92',2,1,2162,1,4,10000186,NULL,NULL),(10000207,'NA',NULL,'2017-12-02 17:08:24','0008-06-08','ddddd@gmail.com',NULL,NULL,'Female',0,'918336666666',NULL,NULL,'Ccxxx','8d969eef6ecad3c29a3a629280e686cf0c3f5d5a86aff3ca12020c923adc6c92',2,1,2163,1,4,10000186,NULL,NULL),(10000208,'NA',NULL,'2017-12-02 17:13:49','0008-06-08','cccccc@gmail.com',NULL,NULL,'Female',0,'918755544444',NULL,NULL,'Ccccc','EF797C8118F02DFB649607DD5D3F8C7623048C9C063D532CC95C5ED7A898A64F',2,1,2164,1,4,10000186,NULL,NULL),(10000209,'NA',NULL,'2017-12-05 12:02:04','0011-06-09','lakshmi@gmail.com',NULL,NULL,'Female',0,'917800000000',NULL,NULL,'ABC','8D969EEF6ECAD3C29A3A629280E686CF0C3F5D5A86AFF3CA12020C923ADC6C92',2,1,2165,1,4,10000186,NULL,NULL),(10000210,'NA',NULL,'2017-12-05 12:07:33','0011-06-09','lakshmi@gmail.com',NULL,NULL,'Female',0,'917600000000',NULL,NULL,'Mm','8D969EEF6ECAD3C29A3A629280E686CF0C3F5D5A86AFF3CA12020C923ADC6C92',2,1,2166,1,4,10000186,NULL,NULL),(10000211,'NA',NULL,'2017-12-05 13:10:50','0011-06-09','jhjh@gmail.com',NULL,NULL,'Male',0,'917867676868',NULL,NULL,'Hgjj','8D969EEF6ECAD3C29A3A629280E686CF0C3F5D5A86AFF3CA12020C923ADC6C92',2,1,2167,1,4,10000186,NULL,NULL),(10000212,'NA',NULL,'2017-12-05 13:16:37','2017-12-05','gjhgj@gmail.com',NULL,NULL,'Female',0,'917500000000',NULL,NULL,'Mmjbj','8D969EEF6ECAD3C29A3A629280E686CF0C3F5D5A86AFF3CA12020C923ADC6C92',2,1,2168,1,4,10000186,NULL,NULL),(10000213,'NA',NULL,'2017-12-05 13:25:52',NULL,'jjjoin@gmail.com',NULL,NULL,'NA',0,'919739432356',NULL,NULL,'Iranna','qwerty',5,1,2169,2,4,1818,NULL,NULL),(10000215,'NA',NULL,'2017-12-07 14:42:00','2017-01-01','lakshmi@gmail.com',NULL,NULL,'Male',0,'919945484103',NULL,NULL,'Siddu','123456',1,1,2171,1,4,1818,NULL,NULL),(10000216,'NA',NULL,'2017-12-07 15:14:28',NULL,'jio@gmail.com',NULL,NULL,'NA',0,'919696969696',NULL,NULL,'Testing','123456',2,1,2172,3,4,1818,NULL,NULL),(10000217,'NA',NULL,'2017-12-07 15:17:41','2017-12-07','jkgkj@gmail.com',NULL,NULL,'Male',0,'918785478485',NULL,NULL,'Jgngj','8D969EEF6ECAD3C29A3A629280E686CF0C3F5D5A86AFF3CA12020C923ADC6C92',2,1,2173,1,4,10000186,NULL,NULL),(10000218,'NA',NULL,'2017-12-07 17:02:59','1990-01-01','ksthriveni37@gmail.com',NULL,NULL,'Female',0,'919538918341',NULL,NULL,'Thriveni K S','EE79976C9380D5E337FC1C095ECE8C8F22F91F306CEEB161FA51FECEDE2C4BA1',2,1,2174,1,4,1818,'175805','2017-12-18'),(10000219,'NA',NULL,'2017-12-14 20:39:41',NULL,'seemamanu@gmail.com',NULL,NULL,'Female',0,'918921490952',NULL,NULL,'Seema Gopinath','Madh4751',2,1,2175,1,4,10000186,NULL,NULL),(10000220,'NA',NULL,'2017-12-15 14:43:39','2000-12-15','test@mail.com',NULL,NULL,'Male',0,'918095725566',NULL,NULL,'Test','8D969EEF6ECAD3C29A3A629280E686CF0C3F5D5A86AFF3CA12020C923ADC6C92',2,1,2176,1,4,1818,'931035','2017-12-15'),(10000221,'NA',NULL,'2017-12-15 16:26:45','1992-12-15','sumerupentesters@gmail.com',NULL,NULL,'Male',0,'919999999999',NULL,NULL,'Tester','8D969EEF6ECAD3C29A3A629280E686CF0C3F5D5A86AFF3CA12020C923ADC6C92',2,1,2177,1,4,1818,NULL,NULL),(10000222,'NA',NULL,'2017-12-15 16:34:12','1992-12-15','sumerupentesters@gmail.com',NULL,NULL,'Male',0,'918888888888',NULL,NULL,'Tester','123456',2,1,2178,1,4,NULL,NULL,NULL),(10000223,'NA',NULL,'2017-12-15 16:35:50','1992-12-15','sumerupentesters@gmail.com',NULL,NULL,'Male',0,'917777777777',NULL,NULL,'Tester','8D969EEF6ECAD3C29A3A629280E686CF0C3F5D5A86AFF3CA12020C923ADC6C92',2,1,2179,1,4,NULL,NULL,NULL),(10000224,'NA',NULL,'2017-12-15 16:37:12','1992-12-15','sumerupentesters@gmail.com',NULL,NULL,'Male',0,'917111111111',NULL,NULL,'Tester','8D969EEF6ECAD3C29A3A629280E686CF0C3F5D5A86AFF3CA12020C923ADC6C92',2,1,2180,1,4,NULL,NULL,NULL),(10000225,'NA',NULL,'2017-12-15 16:37:46','1992-12-15','sumerupentesters@gmail.com',NULL,NULL,'Male',0,'918500400412',NULL,NULL,'Tester','8D969EEF6ECAD3C29A3A629280E686CF0C3F5D5A86AFF3CA12020C923ADC6C92',2,1,2181,1,4,1818,NULL,NULL),(10000226,'NA',NULL,'2017-12-15 16:37:46','1992-12-15','sumerupentesters@gmail.com',NULL,NULL,'Male',0,'918500400412',NULL,NULL,'Tester','8D969EEF6ECAD3C29A3A629280E686CF0C3F5D5A86AFF3CA12020C923ADC6C92',2,1,2182,1,4,1818,NULL,NULL),(10000227,'NA',NULL,'2017-12-18 14:22:36','1997-12-09','raja@gmail.com',NULL,NULL,'Male',0,'919591139966',NULL,NULL,'Raja','8D969EEF6ECAD3C29A3A629280E686CF0C3F5D5A86AFF3CA12020C923ADC6C92',5,1,2183,1,4,10000186,NULL,NULL),(10000228,NULL,NULL,NULL,NULL,NULL,NULL,NULL,NULL,0,NULL,NULL,NULL,NULL,NULL,NULL,NULL,NULL,NULL,3,NULL,NULL,NULL);

/*Table structure for table `customer_status` */

DROP TABLE IF EXISTS `customer_status`;

CREATE TABLE `customer_status` (
  `id` bigint(20) NOT NULL,
  `created_by` varchar(255) DEFAULT NULL,
  `created_date` date DEFAULT NULL,
  `description` varchar(255) DEFAULT NULL,
  `is_deleted` tinyint(1) DEFAULT '0',
  `modified_by` varchar(255) DEFAULT NULL,
  `modified_date` date DEFAULT NULL,
  `name` varchar(255) DEFAULT NULL,
  PRIMARY KEY (`id`)
) ENGINE=InnoDB DEFAULT CHARSET=utf8;

/*Data for the table `customer_status` */

insert  into `customer_status`(`id`,`created_by`,`created_date`,`description`,`is_deleted`,`modified_by`,`modified_date`,`name`) values (1,'anupamkumar','2017-08-16','ALLOW CUSTOMER TO LOGIN AND MAKE TRANSACTIONS',0,'anupamkumar','2017-08-16','ACTIVE'),(2,'anupamkumar','2017-08-16','IF KYC PENDING CUSTOMER ALLOWED TO LOGIN BUT  MAXIMUM WALLET LOADING IS 20000',0,'anupamkumar','2017-08-16','KYC-PENDING'),(3,'anupamkumar','2017-08-16','CUSTOMER SHOULD NOT ALLOW TO LOGIN',0,'anupamkumar','2017-08-16','INACTIVE'),(4,'anupamkumar','2017-08-16','USER IS REQUESTED AND CS AGENT UPDATED TO TEM BLOCK AS PER CUSTOMER REQUEST',0,'anupamkumar','2017-08-16','TEMP_BLOCKED'),(5,'anupamkumar','2017-08-16','CUSTOMER SHOULD NOT ALLOW TO LOGIN AND NOT ALLOW TO MAKE TRANSACTIONS',0,'anupamkumar','2017-08-16','BLOCKED'),(6,'anupamkumar','2017-08-16','Customer Kyc is completed and upgraded his/her wallet ',0,'anupamkumar','2017-08-16','KYC_COMPLETED');

/*Table structure for table `customer_type` */

DROP TABLE IF EXISTS `customer_type`;

CREATE TABLE `customer_type` (
  `id` bigint(20) NOT NULL,
  `created_by` varchar(255) DEFAULT NULL,
  `created_date` date DEFAULT NULL,
  `modified_by` varchar(255) DEFAULT NULL,
  `modified_date` date DEFAULT NULL,
  `name` varchar(255) DEFAULT NULL,
  PRIMARY KEY (`id`)
) ENGINE=InnoDB DEFAULT CHARSET=utf8;

/*Data for the table `customer_type` */

insert  into `customer_type`(`id`,`created_by`,`created_date`,`modified_by`,`modified_date`,`name`) values (1,NULL,NULL,NULL,NULL,'INDIVIDUAL'),(2,NULL,NULL,NULL,NULL,'CORPORATE'),(3,NULL,NULL,NULL,NULL,'GOVT_UNIT'),(4,NULL,NULL,NULL,NULL,'SOLE_PROPRIETARYSHIP'),(5,NULL,NULL,NULL,NULL,'HUF'),(6,NULL,NULL,NULL,NULL,'NGO'),(7,NULL,NULL,NULL,NULL,'FIRM');

/*Table structure for table `customer_unregistered` */

DROP TABLE IF EXISTS `customer_unregistered`;

CREATE TABLE `customer_unregistered` (
  `id` bigint(20) NOT NULL AUTO_INCREMENT,
  `mobile` varchar(14) DEFAULT NULL,
  `name` varchar(50) DEFAULT NULL,
  `registered_date` datetime DEFAULT NULL,
  `amount` double DEFAULT NULL,
  PRIMARY KEY (`id`)
) ENGINE=InnoDB DEFAULT CHARSET=utf8;

/*Data for the table `customer_unregistered` */

/*Table structure for table `daily_schedule` */

DROP TABLE IF EXISTS `daily_schedule`;

CREATE TABLE `daily_schedule` (
  `id` bigint(20) NOT NULL AUTO_INCREMENT,
  `bill_date` datetime DEFAULT NULL,
  `particular_id` bigint(20) DEFAULT NULL,
  `quantity` decimal(10,0) DEFAULT NULL,
  `customer_id` bigint(20) DEFAULT NULL,
  PRIMARY KEY (`id`),
  KEY `daily_schedule_customer_FK` (`customer_id`),
  KEY `daily_schedule_particulars_FK` (`particular_id`),
  CONSTRAINT `daily_schedule_customer_FK` FOREIGN KEY (`customer_id`) REFERENCES `customer` (`id`),
  CONSTRAINT `daily_schedule_particulars_FK` FOREIGN KEY (`particular_id`) REFERENCES `particulars` (`id`)
) ENGINE=InnoDB DEFAULT CHARSET=utf8;

/*Data for the table `daily_schedule` */

/*Table structure for table `fund_type` */

DROP TABLE IF EXISTS `fund_type`;

CREATE TABLE `fund_type` (
  `id` bigint(20) NOT NULL,
  `created_by` varchar(255) DEFAULT NULL,
  `created_date` date DEFAULT NULL,
  `modified_by` varchar(255) DEFAULT NULL,
  `modified_date` date DEFAULT NULL,
  `name` varchar(255) DEFAULT NULL,
  PRIMARY KEY (`id`)
) ENGINE=InnoDB DEFAULT CHARSET=utf8;

/*Data for the table `fund_type` */

insert  into `fund_type`(`id`,`created_by`,`created_date`,`modified_by`,`modified_date`,`name`) values (1,NULL,NULL,NULL,NULL,'DEBIT'),(2,NULL,NULL,NULL,NULL,'CREDIT');

/*Table structure for table `keygenerator` */

DROP TABLE IF EXISTS `keygenerator`;

CREATE TABLE `keygenerator` (
  `unique_code` int(11) NOT NULL AUTO_INCREMENT,
  `prefix` varchar(255) DEFAULT NULL,
  PRIMARY KEY (`unique_code`)
) ENGINE=InnoDB AUTO_INCREMENT=30978 DEFAULT CHARSET=utf8;

/*Data for the table `keygenerator` */

insert  into `keygenerator`(`unique_code`,`prefix`) values (30001,'M3UAT'),(30002,'M3 '),(30003,'M3 '),(30004,'M3 '),(30005,'M3 '),(30006,'M3 '),(30007,'M3 '),(30008,'M3 '),(30009,'M3 '),(30010,'M3 '),(30011,'M3 '),(30012,'M3 '),(30013,'M3 '),(30014,'M3 '),(30015,'M3 '),(30016,'M3 '),(30017,'M3 '),(30018,'M3 '),(30019,'M3 '),(30020,'M3 '),(30021,'M3 '),(30022,'M3 '),(30023,'M3 '),(30024,'M3 '),(30025,'M3 '),(30026,'M3 '),(30027,'M3 '),(30028,'M3 '),(30029,'M3 '),(30030,'M3 '),(30031,'M3 '),(30032,'M3 '),(30033,'M3 '),(30034,'M3 '),(30035,'M3 '),(30036,'M3 '),(30038,'M3 '),(30039,'M3 '),(30040,'M3 '),(30041,'M3 '),(30042,'M3 '),(30043,'M3 '),(30044,'M3 '),(30045,'M3 '),(30047,'M3 '),(30048,'M3 '),(30049,'M3 '),(30050,'M3 '),(30051,'M3UAT'),(30052,'M3UAT'),(30053,'M3UAT'),(30054,'M3 '),(30055,'M3 '),(30056,'M3 '),(30057,'M3 '),(30058,'M3 '),(30059,'M3 '),(30060,'M3 '),(30061,'M3 '),(30062,'M3 '),(30063,'M3 '),(30064,'M3 '),(30065,'M3 '),(30066,'M3 '),(30067,'M3 '),(30068,'M3 '),(30069,'M3 '),(30070,'M3 '),(30072,'M3 '),(30073,'M3 '),(30074,'M3 '),(30075,'M3 '),(30076,'M3 '),(30077,'M3 '),(30078,'M3 '),(30079,'M3 '),(30080,'M3 '),(30081,'M3 '),(30082,'M3 '),(30083,'M3 '),(30084,'M3 '),(30085,'M3 '),(30086,'M3 '),(30087,'M3 '),(30088,'M3 '),(30089,'M3 '),(30090,'M3 '),(30091,'M3 '),(30092,'M3 '),(30093,'M3 '),(30094,'M3 '),(30095,'M3 '),(30096,'M3 '),(30097,'M3 '),(30098,'M3 '),(30099,'M3 '),(30100,'M3 '),(30101,'M3 '),(30102,'M3 '),(30103,'M3 '),(30104,'M3 '),(30105,'M3 '),(30106,'M3 '),(30107,'M3 '),(30108,'M3 '),(30109,'M3 '),(30110,'M3 '),(30111,'M3 '),(30112,'M3 '),(30113,'M3 '),(30114,'M3 '),(30115,'M3 '),(30116,'M3 '),(30117,'M3 '),(30118,'M3 '),(30119,'M3 '),(30120,'M3 '),(30121,'M3 '),(30122,'M3 '),(30123,'M3 '),(30124,'M3 '),(30125,'M3 '),(30126,'M3 '),(30127,'M3 '),(30128,'M3 '),(30129,'M3 '),(30130,'M3 '),(30131,'M3 '),(30132,'M3 '),(30133,'M3 '),(30134,'M3 '),(30136,'M3 '),(30137,'M3 '),(30138,'M3 '),(30139,'M3 '),(30140,'M3 '),(30141,'M3 '),(30142,'M3 '),(30143,'M3 '),(30144,'M3 '),(30145,'M3 '),(30146,'M3 '),(30147,'M3 '),(30148,'M3 '),(30149,'M3 '),(30150,'M3 '),(30151,'M3 '),(30152,'M3 '),(30153,'M3 '),(30154,'M3 '),(30155,'M3 '),(30156,'M3 '),(30157,'M3 '),(30158,'M3 '),(30159,'M3 '),(30160,'M3 '),(30161,'M3 '),(30162,'M3 '),(30163,'M3 '),(30164,'M3 '),(30165,'M3 '),(30166,'M3 '),(30167,'M3 '),(30168,'M3 '),(30169,'M3 '),(30170,'M3 '),(30171,'M3 '),(30172,'M3 '),(30173,'M3 '),(30174,'M3 '),(30175,'M3 '),(30176,'M3 '),(30177,'M3 '),(30178,'M3 '),(30179,'M3 '),(30180,'M3 '),(30181,'M3 '),(30182,'M3 '),(30183,'M3 '),(30184,'M3 '),(30189,'M3 '),(30191,'M3 '),(30192,'M3 '),(30193,'M3 '),(30194,'M3 '),(30195,'M3 '),(30196,'M3 '),(30197,'M3 '),(30198,'M3 '),(30200,'M3 '),(30204,'M3 '),(30206,'M3 '),(30208,'M3 '),(30209,'M3 '),(30210,'M3 '),(30211,'M3 '),(30212,'M3 '),(30217,'M3 '),(30218,'M3 '),(30219,'M3 '),(30222,'M3 '),(30223,'M3 '),(30226,'M3 '),(30227,'M3 '),(30229,'M3 '),(30230,'M3 '),(30235,'M3 '),(30239,'M3 '),(30240,'M3 '),(30243,'M3 '),(30246,'M3 '),(30248,'M3 '),(30250,'M3 '),(30251,'M3 '),(30253,'M3 '),(30254,'M3 '),(30255,'M3 '),(30256,'M3 '),(30257,'M3 '),(30258,'M3 '),(30266,'M3 '),(30267,'M3 '),(30268,'M3 '),(30269,'M3 '),(30270,'M3 '),(30271,'M3 '),(30272,'M3 '),(30273,'M3 '),(30274,'M3 '),(30276,'M3 '),(30277,'M3 '),(30278,'M3 '),(30279,'M3 '),(30280,'M3 '),(30281,'M3 '),(30282,'M3 '),(30283,'M3 '),(30284,'M3 '),(30285,'M3 '),(30286,'M3 '),(30287,'M3 '),(30288,'M3 '),(30289,'M3 '),(30290,'M3 '),(30294,'M3 '),(30295,'M3 '),(30302,'M3 '),(30308,'M3 '),(30309,'M3 '),(30310,'M3 '),(30311,'M3 '),(30312,'M3 '),(30313,'M3 '),(30316,'M3 '),(30317,'M3 '),(30318,'M3 '),(30319,'M3 '),(30320,'M3 '),(30321,'M3 '),(30322,'M3 '),(30324,'M3 '),(30325,'M3 '),(30326,'M3 '),(30327,'M3 '),(30328,'M3 '),(30329,'M3 '),(30330,'M3 '),(30331,'M3 '),(30332,'M3 '),(30333,'M3 '),(30334,'M3 '),(30335,'M3 '),(30345,'M3 '),(30346,'M3 '),(30347,'M3 '),(30350,'M3 '),(30351,'M3 '),(30352,'M3 '),(30353,'M3 '),(30354,'M3 '),(30356,'M3 '),(30357,'M3 '),(30358,'M3 '),(30359,'M3 '),(30360,'M3 '),(30361,'M3 '),(30362,'M3 '),(30363,'M3 '),(30364,'M3 '),(30365,'M3 '),(30366,'M3 '),(30367,'M3 '),(30368,'M3 '),(30369,'M3 '),(30370,'M3 '),(30371,'M3 '),(30372,'M3 '),(30373,'M3 '),(30374,'M3 '),(30375,'M3 '),(30376,'M3 '),(30377,'M3 '),(30380,'M3 '),(30381,'M3 '),(30382,'M3 '),(30383,'M3 '),(30384,'M3 '),(30385,'M3 '),(30390,'M3 '),(30391,'M3 '),(30392,'M3 '),(30393,'M3 '),(30394,'M3 '),(30395,'M3 '),(30396,'M3 '),(30397,'M3 '),(30398,'M3 '),(30399,'M3 '),(30400,'M3 '),(30401,'M3 '),(30402,'M3 '),(30403,'M3 '),(30404,'M3 '),(30405,'M3 '),(30406,'M3 '),(30407,'M3 '),(30408,'M3 '),(30409,'M3 '),(30410,'M3 '),(30411,'M3 '),(30414,'M3 '),(30415,'M3 '),(30416,'M3 '),(30417,'M3 '),(30418,'M3 '),(30419,'M3 '),(30420,'M3 '),(30421,'M3 '),(30422,'M3 '),(30423,'M3 '),(30424,'M3 '),(30425,'M3 '),(30426,'M3 '),(30427,'M3 '),(30428,'M3 '),(30429,'M3 '),(30430,'M3 '),(30431,'M3 '),(30432,'M3 '),(30443,'M3 '),(30445,'M3 '),(30446,'M3 '),(30447,'M3 '),(30452,'M3 '),(30454,'M3 '),(30455,'M3 '),(30458,'M3 '),(30460,'M3 '),(30461,'M3 '),(30464,'M3 '),(30465,'M3 '),(30466,'M3 '),(30467,'M3 '),(30468,'M3 '),(30469,'M3 '),(30470,'M3 '),(30471,'M3 '),(30472,'M3 '),(30473,'M3 '),(30474,'M3 '),(30475,'M3 '),(30476,'M3 '),(30477,'M3 '),(30478,'M3 '),(30479,'M3 '),(30480,'M3 '),(30481,'M3 '),(30482,'M3 '),(30483,'M3 '),(30484,'M3 '),(30485,'M3 '),(30486,'M3 '),(30487,'M3 '),(30489,'M3 '),(30490,'M3 '),(30491,'M3 '),(30492,'M3 '),(30493,'M3 '),(30494,'M3 '),(30495,'M3 '),(30496,'M3 '),(30497,'M3 '),(30501,'M3 '),(30502,'M3 '),(30503,'M3 '),(30504,'M3 '),(30505,'M3 '),(30506,'M3 '),(30516,'M3 '),(30517,'M3 '),(30518,'M3 '),(30519,'M3 '),(30520,'M3 '),(30525,'M3 '),(30526,'M3 '),(30527,'M3 '),(30528,'M3 '),(30529,'M3 '),(30530,'M3 '),(30531,'M3 '),(30532,'M3 '),(30533,'M3 '),(30534,'M3 '),(30535,'M3 '),(30536,'M3 '),(30538,'M3 '),(30539,'M3 '),(30540,'M3 '),(30541,'M3 '),(30542,'M3 '),(30543,'M3 '),(30544,'M3 '),(30545,'M3 '),(30546,'M3 '),(30547,'M3 '),(30548,'M3 '),(30549,'M3 '),(30550,'M3 '),(30551,'M3 '),(30552,'M3 '),(30553,'M3 '),(30554,'M3 '),(30555,'M3 '),(30556,'M3 '),(30557,'M3 '),(30558,'M3 '),(30559,'M3 '),(30560,'M3 '),(30561,'M3 '),(30562,'M3 '),(30563,'M3 '),(30564,'M3 '),(30565,'M3 '),(30566,'M3 '),(30567,'M3 '),(30568,'M3 '),(30569,'M3 '),(30570,'M3 '),(30571,'M3 '),(30572,'M3 '),(30573,'M3 '),(30574,'M3 '),(30575,'M3 '),(30576,'M3 '),(30577,'M3 '),(30578,'M3 '),(30579,'M3 '),(30580,'M3 '),(30581,'M3 '),(30582,'M3 '),(30583,'M3 '),(30584,'M3 '),(30585,'M3 '),(30586,'M3 '),(30587,'M3 '),(30588,'M3 '),(30589,'M3 '),(30590,'M3 '),(30591,'M3 '),(30592,'M3 '),(30593,'M3 '),(30594,'M3 '),(30595,'M3 '),(30596,'M3 '),(30597,'M3 '),(30598,'M3 '),(30599,'M3 '),(30600,'M3 '),(30601,'M3 '),(30602,'M3 '),(30603,'M3 '),(30604,'M3 '),(30605,'M3 '),(30606,'M3 '),(30607,'M3 '),(30608,'M3 '),(30609,'M3 '),(30610,'M3 '),(30611,'M3 '),(30612,'M3 '),(30613,'M3 '),(30614,'M3 '),(30615,'M3 '),(30616,'M3 '),(30617,'M3 '),(30618,'M3 '),(30619,'M3 '),(30620,'M3 '),(30621,'M3 '),(30622,'M3 '),(30623,'M3 '),(30624,'M3 '),(30625,'M3 '),(30626,'M3 '),(30627,'M3 '),(30628,'M3 '),(30629,'M3 '),(30630,'M3 '),(30631,'M3 '),(30632,'M3 '),(30633,'M3 '),(30634,'M3 '),(30635,'M3 '),(30636,'M3 '),(30637,'M3 '),(30638,'M3 '),(30639,'M3 '),(30640,'M3 '),(30641,'M3 '),(30642,'M3 '),(30643,'M3 '),(30644,'M3 '),(30645,'M3 '),(30646,'M3 '),(30647,'M3 '),(30648,'M3 '),(30649,'M3 '),(30650,'M3 '),(30651,'M3 '),(30652,'M3 '),(30653,'M3 '),(30654,'M3 '),(30655,'M3 '),(30656,'M3 '),(30657,'M3 '),(30658,'M3 '),(30659,'M3 '),(30660,'M3 '),(30661,'M3 '),(30662,'M3 '),(30663,'M3 '),(30664,'M3 '),(30665,'M3 '),(30666,'M3 '),(30667,'M3 '),(30668,'M3 '),(30669,'M3 '),(30670,'M3 '),(30671,'M3 '),(30672,'M3 '),(30673,'M3 '),(30674,'M3 '),(30675,'M3 '),(30676,'M3 '),(30677,'M3 '),(30678,'M3 '),(30679,'M3 '),(30680,'M3 '),(30681,'M3 '),(30682,'M3 '),(30683,'M3 '),(30684,'M3 '),(30685,'M3 '),(30686,'M3 '),(30687,'M3 '),(30688,'M3 '),(30689,'M3 '),(30690,'M3 '),(30691,'M3 '),(30692,'M3 '),(30693,'M3 '),(30694,'M3 '),(30695,'M3 '),(30696,'M3 '),(30697,'M3 '),(30698,'M3 '),(30699,'M3 '),(30700,'M3 '),(30701,'M3 '),(30702,'M3 '),(30703,'M3 '),(30704,'M3 '),(30705,'M3 '),(30706,'M3 '),(30707,'M3 '),(30708,'M3 '),(30709,'M3 '),(30710,'M3 '),(30711,'M3 '),(30712,'M3 '),(30713,'M3 '),(30714,'M3 '),(30715,'M3 '),(30716,'M3 '),(30717,'M3 '),(30718,'M3 '),(30719,'M3 '),(30720,'M3 '),(30721,'M3 '),(30722,'M3 '),(30723,'M3 '),(30724,'M3 '),(30725,'M3 '),(30726,'M3 '),(30727,'M3 '),(30728,'M3 '),(30729,'M3 '),(30730,'M3 '),(30731,'M3 '),(30732,'M3 '),(30733,'M3 '),(30734,'M3 '),(30735,'M3 '),(30736,'M3 '),(30737,'M3 '),(30738,'M3 '),(30739,'M3 '),(30740,'M3 '),(30741,'M3 '),(30742,'M3 '),(30743,'M3 '),(30744,'M3 '),(30745,'M3 '),(30746,'M3 '),(30747,'M3 '),(30748,'M3 '),(30749,'M3 '),(30750,'M3 '),(30751,'M3 '),(30752,'M3 '),(30753,'M3 '),(30754,'M3 '),(30755,'M3 '),(30756,'M3 '),(30757,'M3 '),(30758,'M3 '),(30759,'M3 '),(30760,'M3 '),(30761,'M3 '),(30762,'M3 '),(30763,'M3 '),(30764,'M3 '),(30765,'M3 '),(30766,'M3 '),(30767,'M3 '),(30768,'M3 '),(30769,'M3 '),(30770,'M3 '),(30771,'M3 '),(30772,'M3 '),(30773,'M3 '),(30774,'M3 '),(30775,'M3 '),(30776,'M3 '),(30777,'M3 '),(30778,'M3 '),(30779,'M3 '),(30780,'M3 '),(30781,'M3 '),(30782,'M3 '),(30783,'M3 '),(30784,'M3 '),(30785,'M3 '),(30786,'M3 '),(30787,'M3 '),(30788,'M3 '),(30789,'M3 '),(30790,'M3 '),(30791,'M3 '),(30792,'M3 '),(30793,'M3 '),(30794,'M3 '),(30795,'M3 '),(30796,'M3 '),(30797,'M3 '),(30798,'M3 '),(30799,'M3 '),(30800,'M3 '),(30801,'M3 '),(30802,'M3 '),(30803,'M3 '),(30804,'M3 '),(30805,'M3 '),(30806,'M3 '),(30807,'M3 '),(30808,'M3 '),(30809,'M3 '),(30810,'M3 '),(30811,'M3 '),(30812,'M3 '),(30813,'M3 '),(30814,'M3 '),(30815,'M3 '),(30816,'M3 '),(30817,'M3 '),(30818,'M3 '),(30819,'M3 '),(30820,'M3 '),(30821,'M3 '),(30822,'M3 '),(30823,'M3 '),(30824,'M3 '),(30825,'M3 '),(30826,'M3 '),(30827,'M3 '),(30828,'M3 '),(30829,'M3 '),(30830,'M3 '),(30831,'M3 '),(30832,'M3 '),(30833,'M3 '),(30834,'M3 '),(30835,'M3 '),(30836,'M3 '),(30837,'M3 '),(30838,'M3 '),(30839,'M3 '),(30840,'M3 '),(30841,'M3 '),(30842,'M3 '),(30843,'M3 '),(30844,'M3 '),(30845,'M3 '),(30846,'M3 '),(30847,'M3 '),(30848,'M3 '),(30849,'M3 '),(30850,'M3 '),(30851,'M3 '),(30852,'M3 '),(30853,'M3 '),(30854,'M3 '),(30855,'M3 '),(30856,'M3 '),(30857,'M3 '),(30858,'M3 '),(30859,'M3 '),(30860,'M3 '),(30861,'M3 '),(30862,'M3 '),(30863,'M3 '),(30864,'M3 '),(30865,'M3 '),(30866,'M3 '),(30867,'M3 '),(30868,'M3 '),(30869,'M3 '),(30870,'M3 '),(30871,'M3 '),(30872,'M3 '),(30873,'M3 '),(30874,'M3 '),(30875,'M3 '),(30876,'M3 '),(30877,'M3 '),(30878,'M3 '),(30879,'M3 '),(30880,'M3 '),(30881,'M3 '),(30882,'M3 '),(30883,'M3 '),(30884,'M3 '),(30885,'M3 '),(30886,'M3 '),(30887,'M3 '),(30888,'M3 '),(30889,'M3 '),(30890,'M3 '),(30891,'M3 '),(30892,'M3 '),(30893,'M3 '),(30894,'M3 '),(30895,'M3 '),(30896,'M3 '),(30897,'M3 '),(30898,'M3 '),(30899,'M3 '),(30900,'M3 '),(30901,'M3 '),(30902,'M3 '),(30903,'M3 '),(30904,'M3 '),(30905,'M3 '),(30906,'M3 '),(30907,'M3 '),(30908,'M3 '),(30909,'M3 '),(30910,'M3 '),(30911,'M3 '),(30912,'M3 '),(30913,'M3 '),(30914,'M3 '),(30915,'M3 '),(30916,'M3 '),(30917,'M3 '),(30918,'M3 '),(30919,'M3 '),(30920,'M3 '),(30921,'M3 '),(30922,'M3 '),(30923,'M3 '),(30924,'M3 '),(30925,'M3 '),(30926,'M3 '),(30927,'M3 '),(30928,'M3 '),(30929,'M3 '),(30930,'M3 '),(30931,'M3 '),(30932,'M3 '),(30933,'M3 '),(30934,'M3 '),(30935,'M3 '),(30936,'M3 '),(30937,'M3 '),(30938,'M3 '),(30939,'M3 '),(30940,'M3 '),(30941,'M3 '),(30942,'M3 '),(30943,'M3 '),(30944,'M3 '),(30945,'M3 '),(30946,'M3 '),(30947,'M3 '),(30948,'M3 '),(30949,'M3 '),(30950,'M3 '),(30951,'M3 '),(30952,'M3 '),(30953,'M3 '),(30954,'M3 '),(30955,'M3 '),(30956,'M3 '),(30957,'M3 '),(30958,'M3 '),(30959,'M3 '),(30960,'M3 '),(30961,'M3 '),(30962,'M3 '),(30963,'M3 '),(30964,'M3 '),(30965,'M3 '),(30966,'M3 '),(30967,'M3 '),(30968,'M3 '),(30969,'M3 '),(30970,'M3 '),(30971,'M3 '),(30972,'M3 '),(30973,'M3 '),(30974,'M3 '),(30975,'M3 '),(30976,'M3 '),(30977,'M3 ');

/*Table structure for table `kyc_detail` */

DROP TABLE IF EXISTS `kyc_detail`;

CREATE TABLE `kyc_detail` (
  `id` bigint(20) NOT NULL AUTO_INCREMENT,
  `created_by` varchar(255) DEFAULT NULL,
  `created_date` date DEFAULT NULL,
  `is_deleted` tinyint(1) DEFAULT '0',
  `kyc_avatar` varchar(255) DEFAULT NULL,
  `kyc_number` varchar(255) DEFAULT NULL,
  `modified_by` varchar(255) DEFAULT NULL,
  `modified_date` date DEFAULT NULL,
  `kyc_document_type_id` bigint(20) DEFAULT NULL,
  `customer_id` bigint(20) DEFAULT NULL,
  `kyc_otp` varchar(45) DEFAULT NULL,
  PRIMARY KEY (`id`),
  KEY `FKpp52xtohft6bjht7tomjana6e` (`customer_id`),
  KEY `FK9rpgyk0b8gifc68a6p68spw9h` (`kyc_document_type_id`),
  CONSTRAINT `FK9rpgyk0b8gifc68a6p68spw9h` FOREIGN KEY (`kyc_document_type_id`) REFERENCES `kyc_document_type` (`id`),
  CONSTRAINT `FKpp52xtohft6bjht7tomjana6e` FOREIGN KEY (`customer_id`) REFERENCES `customer` (`id`)
) ENGINE=InnoDB AUTO_INCREMENT=372 DEFAULT CHARSET=utf8;

/*Data for the table `kyc_detail` */

insert  into `kyc_detail`(`id`,`created_by`,`created_date`,`is_deleted`,`kyc_avatar`,`kyc_number`,`modified_by`,`modified_date`,`kyc_document_type_id`,`customer_id`,`kyc_otp`) values (328,NULL,NULL,0,'Document Path','1231 1231 1234',NULL,NULL,2,10000183,NULL),(329,NULL,NULL,0,'Document Path','TNYY133551235',NULL,NULL,1,10000184,NULL),(330,NULL,NULL,0,'Document Path','TNYY133551235',NULL,NULL,1,10000185,NULL),(331,NULL,NULL,0,'Document Path','8457 8787 7887',NULL,NULL,2,10000186,NULL),(332,NULL,NULL,0,'Document Path','TNYY133551235',NULL,NULL,1,10000187,NULL),(333,NULL,NULL,0,'Document Path','TNYY133551235',NULL,NULL,1,10000188,NULL),(334,NULL,NULL,0,'Document Path','TNYY133551235',NULL,NULL,1,10000189,NULL),(335,NULL,NULL,0,'Document Path','TNYY133551235',NULL,NULL,1,10000190,NULL),(336,NULL,NULL,0,'Document Path','8900 0009 8388',NULL,NULL,2,10000191,NULL),(337,NULL,NULL,0,'Document Path','BDBDHDBDHD',NULL,NULL,1,10000192,NULL),(338,NULL,NULL,0,'Document Path','TNYY133551235',NULL,NULL,1,10000193,NULL),(339,NULL,NULL,0,'Document Path','7584 9579 3539',NULL,NULL,2,10000194,NULL),(340,NULL,NULL,0,'Document Path','4587 6945 8634',NULL,NULL,2,10000195,NULL),(341,NULL,NULL,0,'Document Path','9000 9000 89999',NULL,NULL,1,10000196,NULL),(342,NULL,NULL,0,'Document Path','9000 9000 89999',NULL,NULL,1,10000197,NULL),(343,NULL,NULL,0,'Document Path','90009090909',NULL,NULL,1,10000198,NULL),(344,NULL,NULL,0,'Document Path','90009090909',NULL,NULL,1,10000199,NULL),(345,NULL,NULL,0,'Document Path','90009090909',NULL,NULL,1,10000200,NULL),(347,NULL,NULL,0,'Document Path','Tui5517772',NULL,NULL,1,10000203,NULL),(348,NULL,NULL,0,'Document Path','9548 7649 5764',NULL,NULL,2,10000204,NULL),(349,NULL,NULL,0,'Document Path','5455 5555 5555',NULL,NULL,2,10000205,NULL),(350,NULL,NULL,0,'Document Path','7888 8888 8888',NULL,NULL,2,10000206,NULL),(351,NULL,NULL,0,'Document Path','4444 4444 4444',NULL,NULL,2,10000207,NULL),(352,NULL,NULL,0,'Document Path','5555 5555 5555',NULL,NULL,2,10000208,NULL),(353,NULL,NULL,0,'Document Path','9329 3249 2384',NULL,NULL,2,10000209,NULL),(354,NULL,NULL,0,'Document Path','8886 9589 6588',NULL,NULL,2,10000210,NULL),(355,NULL,NULL,0,'Document Path','7686 8789 7987',NULL,NULL,2,10000211,NULL),(356,NULL,NULL,0,'Document Path','7686 8897 9879',NULL,NULL,2,10000212,NULL),(357,NULL,NULL,0,'Document Path','NZNZNZNZNZ',NULL,NULL,1,10000213,NULL),(359,NULL,NULL,0,'Document Path','8887 8888 7888',NULL,NULL,2,10000215,NULL),(360,NULL,NULL,0,'Document Path','BXBXNXNXBX',NULL,NULL,1,10000216,NULL),(361,NULL,NULL,0,'Document Path','5967 9546 9540',NULL,NULL,2,10000217,NULL),(362,NULL,NULL,0,'Document Path','7368 4685 0427',NULL,NULL,2,10000218,NULL),(363,NULL,NULL,0,'Document Path','2428 3040 3461',NULL,NULL,2,10000219,NULL),(364,NULL,NULL,0,'Document Path','1111 1111 1111',NULL,NULL,2,10000220,NULL),(365,NULL,NULL,0,'Document Path','1111 1111 1111',NULL,NULL,2,10000221,NULL),(366,NULL,NULL,0,'Document Path','1111 1111 1111',NULL,NULL,2,10000222,NULL),(367,NULL,NULL,0,'Document Path','1111 1111 1111',NULL,NULL,2,10000223,NULL),(368,NULL,NULL,0,'Document Path','1111 1111 1111',NULL,NULL,2,10000224,NULL),(369,NULL,NULL,0,'Document Path','1111 1111 1111',NULL,NULL,2,10000225,NULL),(370,NULL,NULL,0,'Document Path','1111 1111 1111',NULL,NULL,2,10000226,NULL),(371,NULL,NULL,0,'Document Path','4357 3465 3784',NULL,NULL,2,10000227,NULL);

/*Table structure for table `kyc_document_type` */

DROP TABLE IF EXISTS `kyc_document_type`;

CREATE TABLE `kyc_document_type` (
  `id` bigint(20) NOT NULL,
  `created_by` varchar(255) DEFAULT NULL,
  `created_date` date DEFAULT NULL,
  `is_deleted` tinyint(1) DEFAULT '0',
  `modified_by` varchar(255) DEFAULT NULL,
  `modified_date` date DEFAULT NULL,
  `name` varchar(255) DEFAULT NULL,
  PRIMARY KEY (`id`)
) ENGINE=InnoDB DEFAULT CHARSET=utf8;

/*Data for the table `kyc_document_type` */

insert  into `kyc_document_type`(`id`,`created_by`,`created_date`,`is_deleted`,`modified_by`,`modified_date`,`name`) values (1,NULL,NULL,0,NULL,NULL,'PAN'),(2,NULL,NULL,0,NULL,NULL,'AADHAR'),(3,NULL,NULL,0,NULL,NULL,'GST');

/*Table structure for table `login_history` */

DROP TABLE IF EXISTS `login_history`;

CREATE TABLE `login_history` (
  `id` bigint(20) NOT NULL AUTO_INCREMENT,
  `login_time` datetime DEFAULT NULL,
  `customer_id` bigint(20) DEFAULT NULL,
  PRIMARY KEY (`id`),
  KEY `FKitwtxp13f5oji0yw95mwqg03e` (`customer_id`),
  CONSTRAINT `FKitwtxp13f5oji0yw95mwqg03e` FOREIGN KEY (`customer_id`) REFERENCES `customer` (`id`) ON DELETE CASCADE
) ENGINE=InnoDB AUTO_INCREMENT=1813 DEFAULT CHARSET=utf8;

/*Data for the table `login_history` */

insert  into `login_history`(`id`,`login_time`,`customer_id`) values (1595,'2017-11-29 14:43:47',10000183),(1596,'2017-11-29 14:43:59',10000183),(1600,'2017-11-29 15:21:33',10000183),(1602,'2017-11-29 15:30:24',10000183),(1603,'2017-11-29 15:33:00',10000183),(1605,'2017-11-29 15:33:45',10000183),(1606,'2017-11-29 15:33:58',10000186),(1607,'2017-11-29 15:34:23',10000186),(1608,'2017-11-29 16:47:02',10000183),(1611,'2017-11-29 17:42:55',10000186),(1620,'2017-11-30 13:13:41',10000186),(1624,'2017-11-30 15:56:16',10000183),(1637,'2017-11-30 16:30:12',10000186),(1638,'2017-11-30 16:36:03',10000186),(1639,'2017-11-30 16:37:15',10000183),(1640,'2017-11-30 17:15:49',10000186),(1642,'2017-11-30 17:32:25',10000186),(1645,'2017-12-01 12:17:33',10000186),(1646,'2017-12-01 12:19:27',10000183),(1647,'2017-12-01 12:20:00',10000186),(1649,'2017-12-01 12:33:29',10000186),(1650,'2017-12-01 13:58:27',10000186),(1651,'2017-12-01 16:37:32',10000186),(1652,'2017-12-01 16:44:40',10000186),(1653,'2017-12-01 16:59:30',10000186),(1654,'2017-12-01 17:03:46',10000186),(1655,'2017-12-01 17:08:48',10000186),(1656,'2017-12-01 17:38:59',10000186),(1657,'2017-12-01 17:39:43',10000186),(1658,'2017-12-02 14:56:48',10000186),(1659,'2017-12-02 15:03:24',10000204),(1660,'2017-12-02 15:08:46',10000204),(1661,'2017-12-02 15:09:14',10000204),(1662,'2017-12-02 15:17:20',10000186),(1667,'2017-12-02 17:09:12',NULL),(1671,'2017-12-02 17:37:59',10000206),(1672,'2017-12-02 17:38:12',10000206),(1673,'2017-12-02 17:38:42',10000206),(1674,'2017-12-02 17:39:22',10000206),(1675,'2017-12-02 17:41:21',10000203),(1676,'2017-12-02 17:43:08',10000203),(1677,'2017-12-02 17:53:18',10000186),(1678,'2017-12-02 17:53:55',10000187),(1679,'2017-12-02 17:54:12',10000187),(1680,'2017-12-02 17:54:42',10000188),(1681,'2017-12-02 17:54:48',10000188),(1682,'2017-12-02 17:55:21',10000192),(1683,'2017-12-02 17:55:27',10000192),(1684,'2017-12-02 17:56:31',10000186),(1686,'2017-12-02 18:27:04',10000186),(1690,'2017-12-04 12:04:51',10000208),(1697,'2017-12-04 12:55:22',10000186),(1698,'2017-12-04 12:58:35',10000208),(1709,'2017-12-04 13:19:31',10000186),(1712,'2017-12-04 14:53:43',10000186),(1720,'2017-12-04 16:51:25',10000185),(1721,'2017-12-04 16:51:46',10000185),(1722,'2017-12-04 16:52:19',10000185),(1723,'2017-12-04 16:53:35',10000185),(1724,'2017-12-04 16:54:46',10000185),(1725,'2017-12-04 16:56:36',10000185),(1726,'2017-12-04 17:01:05',10000185),(1727,'2017-12-04 17:03:33',10000185),(1728,'2017-12-05 10:51:54',10000208),(1729,'2017-12-05 11:24:25',10000208),(1730,'2017-12-05 12:24:43',10000210),(1731,'2017-12-05 12:24:54',10000210),(1732,'2017-12-05 12:28:28',10000210),(1733,'2017-12-05 12:30:30',10000210),(1734,'2017-12-05 12:31:58',10000210),(1735,'2017-12-05 12:33:05',10000210),(1736,'2017-12-05 12:44:38',10000210),(1737,'2017-12-05 17:17:12',10000186),(1738,'2017-12-05 17:20:57',10000186),(1739,'2017-12-06 10:55:43',10000186),(1740,'2017-12-06 12:10:44',10000186),(1741,'2017-12-06 12:18:08',10000186),(1742,'2017-12-06 12:29:27',10000186),(1743,'2017-12-06 12:33:41',10000186),(1744,'2017-12-06 12:34:56',10000186),(1745,'2017-12-06 12:51:57',10000186),(1746,'2017-12-06 13:00:22',10000186),(1747,'2017-12-06 14:30:29',10000186),(1748,'2017-12-06 14:40:39',10000186),(1749,'2017-12-06 15:02:29',10000186),(1750,'2017-12-06 16:08:17',10000186),(1751,'2017-12-06 16:41:59',10000186),(1752,'2017-12-06 18:02:46',10000186),(1753,'2017-12-06 18:06:57',10000186),(1754,'2017-12-06 18:11:04',10000186),(1755,'2017-12-07 11:31:40',10000186),(1756,'2017-12-07 11:42:03',10000186),(1757,'2017-12-07 12:52:34',10000186),(1758,'2017-12-07 12:59:48',10000186),(1759,'2017-12-07 13:01:22',10000186),(1760,'2017-12-07 13:26:07',10000186),(1761,'2017-12-07 13:27:04',10000186),(1762,'2017-12-07 13:33:25',10000186),(1763,'2017-12-07 13:33:42',10000186),(1764,'2017-12-07 14:37:37',10000186),(1765,'2017-12-07 14:42:41',10000191),(1766,'2017-12-07 14:46:16',10000191),(1767,'2017-12-07 14:51:47',10000186),(1768,'2017-12-07 14:53:36',10000186),(1769,'2017-12-07 15:21:29',10000191),(1770,'2017-12-07 15:26:19',10000191),(1771,'2017-12-07 15:27:09',10000191),(1772,'2017-12-07 15:34:47',10000186),(1773,'2017-12-07 15:43:58',10000186),(1774,'2017-12-07 15:44:59',10000191),(1775,'2017-12-07 15:48:18',10000191),(1776,'2017-12-07 15:53:42',10000186),(1777,'2017-12-07 16:10:26',10000191),(1778,'2017-12-07 16:24:47',10000183),(1779,'2017-12-07 16:36:56',10000191),(1780,'2017-12-07 17:03:32',10000218),(1781,'2017-12-07 17:29:02',10000191),(1782,'2017-12-08 10:18:38',10000186),(1783,'2017-12-08 10:26:25',10000183),(1784,'2017-12-08 10:47:15',10000183),(1785,'2017-12-08 10:51:26',10000191),(1786,'2017-12-08 10:52:38',10000183),(1787,'2017-12-08 11:05:07',10000183),(1788,'2017-12-08 11:16:20',10000186),(1789,'2017-12-08 12:21:36',10000191),(1790,'2017-12-09 11:59:15',10000191),(1791,'2017-12-14 20:45:06',10000219),(1792,'2017-12-15 14:35:13',10000186),(1793,'2017-12-15 14:44:40',10000220),(1794,'2017-12-15 14:44:42',10000220),(1795,'2017-12-15 14:46:50',10000186),(1796,'2017-12-15 15:34:44',10000186),(1797,'2017-12-15 15:34:46',10000186),(1798,'2017-12-15 15:34:56',10000186),(1799,'2017-12-15 15:34:59',10000186),(1800,'2017-12-15 15:36:02',10000186),(1801,'2017-12-15 15:40:57',10000220),(1802,'2017-12-15 15:42:01',10000186),(1803,'2017-12-15 16:37:46',10000224),(1804,'2017-12-15 16:37:46',10000224),(1805,'2017-12-16 10:37:48',10000191),(1806,'2017-12-16 13:12:12',10000186),(1807,'2017-12-18 14:09:52',10000192),(1808,'2017-12-18 14:25:44',10000191),(1809,'2017-12-18 14:34:35',10000186),(1810,'2017-12-18 14:35:00',10000191),(1811,'2017-12-18 14:50:59',10000218),(1812,'2017-12-19 15:34:58',10000186);

/*Table structure for table `m3_settlement_transfer_type` */

DROP TABLE IF EXISTS `m3_settlement_transfer_type`;

CREATE TABLE `m3_settlement_transfer_type` (
  `code` bigint(20) NOT NULL AUTO_INCREMENT,
  `amount` bigint(20) DEFAULT NULL,
  `bussiness_day_setteled` int(11) DEFAULT NULL,
  `cut_office_time` datetime DEFAULT NULL,
  PRIMARY KEY (`code`)
) ENGINE=InnoDB DEFAULT CHARSET=utf8;

/*Data for the table `m3_settlement_transfer_type` */

/*Table structure for table `oauth_access_token` */

DROP TABLE IF EXISTS `oauth_access_token`;

CREATE TABLE `oauth_access_token` (
  `token_id` varchar(255) DEFAULT NULL,
  `token` mediumblob,
  `authentication_id` varchar(255) NOT NULL,
  `user_name` varchar(255) DEFAULT NULL,
  `client_id` varchar(255) DEFAULT NULL,
  `authentication` mediumblob,
  `refresh_token` varchar(255) DEFAULT NULL,
  PRIMARY KEY (`authentication_id`)
) ENGINE=InnoDB DEFAULT CHARSET=utf8;

/*Data for the table `oauth_access_token` */

insert  into `oauth_access_token`(`token_id`,`token`,`authentication_id`,`user_name`,`client_id`,`authentication`,`refresh_token`) values ('943e80af89e2b953b366a77b9de026ba','��\0sr\0Corg.springframework.security.oauth2.common.DefaultOAuth2AccessToken��6$��\0L\0additionalInformationt\0Ljava/util/Map;L\0\nexpirationt\0Ljava/util/Date;L\0refreshTokent\0?Lorg/springframework/security/oauth2/common/OAuth2RefreshToken;L\0scopet\0Ljava/util/Set;L\0	tokenTypet\0Ljava/lang/String;L\0valueq\0~\0xpsr\0java.util.LinkedHashMap4�N\\l��\0Z\0accessOrderxr\0java.util.HashMap���`�\0F\0\nloadFactorI\0	thresholdxp?@\0\0\0\0\0w\0\0\0\0\0\0t\0mobilet\0917867676868t\0\ncustomerIdsr\0java.lang.Long;��̏#�\0J\0valuexr\0java.lang.Number������\0\0xp\0\0\0\0\0��St\0idsr\0%java.util.Collections$UnmodifiableSet��я��U\0\0xr\0,java.util.Collections$UnmodifiableCollectionB\0��^�\0L\0ct\0Ljava/util/Collection;xpsr\0java.util.TreeSetݘP���[\0\0xpsr\0Forg.springframework.security.core.userdetails.User$AuthorityComparator\0\0\0\0\0\0�\0\0xpw\0\0\0sr\0Borg.springframework.security.core.authority.SimpleGrantedAuthority\0\0\0\0\0\0�\0L\0roleq\0~\0xpt\0ROLE_M3_END_CUSTOMERxx\0sr\0java.util.Datehj�KYt\0\0xpw\0\0`(\rX	xsr\0Lorg.springframework.security.oauth2.common.DefaultExpiringOAuth2RefreshToken/�Gc��ɷ\0L\0\nexpirationq\0~\0xr\0Dorg.springframework.security.oauth2.common.DefaultOAuth2RefreshTokens�\ncT�^\0L\0valueq\0~\0xpt\0$ce182472-635b-4b62-86cd-816f1be806b4sq\0~\0w\0\0T\'ߍaxsq\0~\0sr\0java.util.LinkedHashSet�l�Z��*\0\0xr\0java.util.HashSet�D�����4\0\0xpw\0\0\0?@\0\0\0\0\0t\0readxt\0bearert\0$ce701aea-7909-47c3-81f6-2ed459825fc3','09872928e62bc3d59b857ea436ad7273','917867676868','M3_ANDROID_CLIENT','��\0sr\0Aorg.springframework.security.oauth2.provider.OAuth2Authentication�@bR\0L\0\rstoredRequestt\0<Lorg/springframework/security/oauth2/provider/OAuth2Request;L\0userAuthenticationt\02Lorg/springframework/security/core/Authentication;xr\0Gorg.springframework.security.authentication.AbstractAuthenticationTokenӪ(~nGd\0Z\0\rauthenticatedL\0authoritiest\0Ljava/util/Collection;L\0detailst\0Ljava/lang/Object;xp\0sr\0&java.util.Collections$UnmodifiableList�%1��\0L\0listt\0Ljava/util/List;xr\0,java.util.Collections$UnmodifiableCollectionB\0��^�\0L\0cq\0~\0xpsr\0java.util.ArrayListx����a�\0I\0sizexp\0\0\0w\0\0\0sr\0Borg.springframework.security.core.authority.SimpleGrantedAuthority\0\0\0\0\0\0�\0L\0rolet\0Ljava/lang/String;xpt\0ROLE_M3_END_CUSTOMERxq\0~\0psr\0:org.springframework.security.oauth2.provider.OAuth2Request\0\0\0\0\0\0\0\0Z\0approvedL\0authoritiesq\0~\0L\0\nextensionst\0Ljava/util/Map;L\0redirectUriq\0~\0L\0refresht\0;Lorg/springframework/security/oauth2/provider/TokenRequest;L\0resourceIdst\0Ljava/util/Set;L\0\rresponseTypesq\0~\0xr\08org.springframework.security.oauth2.provider.BaseRequest6(z>�qi�\0L\0clientIdq\0~\0L\0requestParametersq\0~\0L\0scopeq\0~\0xpt\0M3_ANDROID_CLIENTsr\0%java.util.Collections$UnmodifiableMap��t�B\0L\0mq\0~\0xpsr\0java.util.HashMap���`�\0F\0\nloadFactorI\0	thresholdxp?@\0\0\0\0\0w\0\0\0\0\0\0t\0\ngrant_typet\0passwordt\0	client_idt\0M3_ANDROID_CLIENTt\0scopet\0readt\0usernamet\0917867676868xsr\0%java.util.Collections$UnmodifiableSet��я��U\0\0xq\0~\0	sr\0java.util.LinkedHashSet�l�Z��*\0\0xr\0java.util.HashSet�D�����4\0\0xpw\0\0\0?@\0\0\0\0\0q\0~\0!xsq\0~\0\'w\0\0\0?@\0\0\0\0\0sq\0~\0\rt\0ROLE_M3_END_CUSTOMERsq\0~\0\rt\0M3_END_CUSTOMER_READsq\0~\0\rt\0M3_END_CUSTOMER_WRITExsq\0~\0\Z?@\0\0\0\0\0\0w\0\0\0\0\0\0\0xppsq\0~\0\'w\0\0\0?@\0\0\0\0\0\0xsq\0~\0\'w\0\0\0?@\0\0\0\0\0\0xsr\0Oorg.springframework.security.authentication.UsernamePasswordAuthenticationToken\0\0\0\0\0\0�\0L\0credentialsq\0~\0L\0	principalq\0~\0xq\0~\0sq\0~\0sq\0~\0\0\0\0w\0\0\0q\0~\0xq\0~\06sr\0java.util.LinkedHashMap4�N\\l��\0Z\0accessOrderxq\0~\0\Z?@\0\0\0\0\0w\0\0\0\0\0\0q\0~\0q\0~\0q\0~\0 q\0~\0!t\0\rclient_secrett\0android-m3-kouchan-secretq\0~\0q\0~\0q\0~\0\"q\0~\0#x\0psr\02org.springframework.security.core.userdetails.User\0\0\0\0\0\0�\0Z\0accountNonExpiredZ\0accountNonLockedZ\0credentialsNonExpiredZ\0enabledL\0authoritiesq\0~\0L\0passwordq\0~\0L\0usernameq\0~\0xpsq\0~\0$sr\0java.util.TreeSetݘP���[\0\0xpsr\0Forg.springframework.security.core.userdetails.User$AuthorityComparator\0\0\0\0\0\0�\0\0xpw\0\0\0q\0~\0xpt\0917867676868','b70afdbeb3e4b8e9403c126be8f506cb'),('c65687182f54841277238a0da3adc59d','��\0sr\0Corg.springframework.security.oauth2.common.DefaultOAuth2AccessToken��6$��\0L\0additionalInformationt\0Ljava/util/Map;L\0\nexpirationt\0Ljava/util/Date;L\0refreshTokent\0?Lorg/springframework/security/oauth2/common/OAuth2RefreshToken;L\0scopet\0Ljava/util/Set;L\0	tokenTypet\0Ljava/lang/String;L\0valueq\0~\0xpsr\0java.util.LinkedHashMap4�N\\l��\0Z\0accessOrderxr\0java.util.HashMap���`�\0F\0\nloadFactorI\0	thresholdxp?@\0\0\0\0\0w\0\0\0\0\0\0t\0mobilet\0919591139966t\0\ncustomerIdsr\0java.lang.Long;��̏#�\0J\0valuexr\0java.lang.Number������\0\0xp\0\0\0\0\0��ct\0idsr\0%java.util.Collections$UnmodifiableSet��я��U\0\0xr\0,java.util.Collections$UnmodifiableCollectionB\0��^�\0L\0ct\0Ljava/util/Collection;xpsr\0java.util.TreeSetݘP���[\0\0xpsr\0Forg.springframework.security.core.userdetails.User$AuthorityComparator\0\0\0\0\0\0�\0\0xpw\0\0\0sr\0Borg.springframework.security.core.authority.SimpleGrantedAuthority\0\0\0\0\0\0�\0L\0roleq\0~\0xpt\0ROLE_M3_END_CUSTOMERxx\0sr\0java.util.Datehj�KYt\0\0xpw\0\0`k�?xsr\0Lorg.springframework.security.oauth2.common.DefaultExpiringOAuth2RefreshToken/�Gc��ɷ\0L\0\nexpirationq\0~\0xr\0Dorg.springframework.security.oauth2.common.DefaultOAuth2RefreshTokens�\ncT�^\0L\0valueq\0~\0xpt\0$8af4b3fc-7101-4881-992f-22e76fe64e9esq\0~\0w\0\0��fy�xsq\0~\0sr\0java.util.LinkedHashSet�l�Z��*\0\0xr\0java.util.HashSet�D�����4\0\0xpw\0\0\0?@\0\0\0\0\0t\0readxt\0bearert\0$91bacba1-0d30-4025-a4a0-bba1ff7ef9e9','38b1c6d2405e36b4cf535e9b5261c6d0','919591139966','M3_ANDROID_CLIENT','��\0sr\0Aorg.springframework.security.oauth2.provider.OAuth2Authentication�@bR\0L\0\rstoredRequestt\0<Lorg/springframework/security/oauth2/provider/OAuth2Request;L\0userAuthenticationt\02Lorg/springframework/security/core/Authentication;xr\0Gorg.springframework.security.authentication.AbstractAuthenticationTokenӪ(~nGd\0Z\0\rauthenticatedL\0authoritiest\0Ljava/util/Collection;L\0detailst\0Ljava/lang/Object;xp\0sr\0&java.util.Collections$UnmodifiableList�%1��\0L\0listt\0Ljava/util/List;xr\0,java.util.Collections$UnmodifiableCollectionB\0��^�\0L\0cq\0~\0xpsr\0java.util.ArrayListx����a�\0I\0sizexp\0\0\0w\0\0\0sr\0Borg.springframework.security.core.authority.SimpleGrantedAuthority\0\0\0\0\0\0�\0L\0rolet\0Ljava/lang/String;xpt\0ROLE_M3_END_CUSTOMERxq\0~\0psr\0:org.springframework.security.oauth2.provider.OAuth2Request\0\0\0\0\0\0\0\0Z\0approvedL\0authoritiesq\0~\0L\0\nextensionst\0Ljava/util/Map;L\0redirectUriq\0~\0L\0refresht\0;Lorg/springframework/security/oauth2/provider/TokenRequest;L\0resourceIdst\0Ljava/util/Set;L\0\rresponseTypesq\0~\0xr\08org.springframework.security.oauth2.provider.BaseRequest6(z>�qi�\0L\0clientIdq\0~\0L\0requestParametersq\0~\0L\0scopeq\0~\0xpt\0M3_ANDROID_CLIENTsr\0%java.util.Collections$UnmodifiableMap��t�B\0L\0mq\0~\0xpsr\0java.util.HashMap���`�\0F\0\nloadFactorI\0	thresholdxp?@\0\0\0\0\0w\0\0\0\0\0\0t\0\ngrant_typet\0passwordt\0	client_idt\0M3_ANDROID_CLIENTt\0scopet\0readt\0usernamet\0919591139966xsr\0%java.util.Collections$UnmodifiableSet��я��U\0\0xq\0~\0	sr\0java.util.LinkedHashSet�l�Z��*\0\0xr\0java.util.HashSet�D�����4\0\0xpw\0\0\0?@\0\0\0\0\0q\0~\0!xsq\0~\0\'w\0\0\0?@\0\0\0\0\0sq\0~\0\rt\0ROLE_M3_END_CUSTOMERsq\0~\0\rt\0M3_END_CUSTOMER_READsq\0~\0\rt\0M3_END_CUSTOMER_WRITExsq\0~\0\Z?@\0\0\0\0\0\0w\0\0\0\0\0\0\0xppsq\0~\0\'w\0\0\0?@\0\0\0\0\0\0xsq\0~\0\'w\0\0\0?@\0\0\0\0\0\0xsr\0Oorg.springframework.security.authentication.UsernamePasswordAuthenticationToken\0\0\0\0\0\0�\0L\0credentialsq\0~\0L\0	principalq\0~\0xq\0~\0sq\0~\0sq\0~\0\0\0\0w\0\0\0q\0~\0xq\0~\06sr\0java.util.LinkedHashMap4�N\\l��\0Z\0accessOrderxq\0~\0\Z?@\0\0\0\0\0w\0\0\0\0\0\0q\0~\0q\0~\0q\0~\0 q\0~\0!t\0\rclient_secrett\0android-m3-kouchan-secretq\0~\0q\0~\0q\0~\0\"q\0~\0#x\0psr\02org.springframework.security.core.userdetails.User\0\0\0\0\0\0�\0Z\0accountNonExpiredZ\0accountNonLockedZ\0credentialsNonExpiredZ\0enabledL\0authoritiesq\0~\0L\0passwordq\0~\0L\0usernameq\0~\0xpsq\0~\0$sr\0java.util.TreeSetݘP���[\0\0xpsr\0Forg.springframework.security.core.userdetails.User$AuthorityComparator\0\0\0\0\0\0�\0\0xpw\0\0\0q\0~\0xpt\0919591139966','ef6a979c9784eec639b3815bc4def735'),('e07bdf6dd6d4e9e7a7ed75638788c093','��\0sr\0Corg.springframework.security.oauth2.common.DefaultOAuth2AccessToken��6$��\0L\0additionalInformationt\0Ljava/util/Map;L\0\nexpirationt\0Ljava/util/Date;L\0refreshTokent\0?Lorg/springframework/security/oauth2/common/OAuth2RefreshToken;L\0scopet\0Ljava/util/Set;L\0	tokenTypet\0Ljava/lang/String;L\0valueq\0~\0xpsr\0java.util.LinkedHashMap4�N\\l��\0Z\0accessOrderxr\0java.util.HashMap���`�\0F\0\nloadFactorI\0	thresholdxp?@\0\0\0\0\0w\0\0\0\0\0\0t\0mobilet\0917676060664t\0\ncustomerIdsr\0java.lang.Long;��̏#�\0J\0valuexr\0java.lang.Number������\0\0xp\0\0\0\0\0��:t\0idsr\0%java.util.Collections$UnmodifiableSet��я��U\0\0xr\0,java.util.Collections$UnmodifiableCollectionB\0��^�\0L\0ct\0Ljava/util/Collection;xpsr\0java.util.TreeSetݘP���[\0\0xpsr\0Forg.springframework.security.core.userdetails.User$AuthorityComparator\0\0\0\0\0\0�\0\0xpw\0\0\0sr\0Borg.springframework.security.core.authority.SimpleGrantedAuthority\0\0\0\0\0\0�\0L\0roleq\0~\0xpt\0ROLE_M3_END_CUSTOMERxx\0sr\0java.util.Datehj�KYt\0\0xpw\0\0`q�pxsr\0Lorg.springframework.security.oauth2.common.DefaultExpiringOAuth2RefreshToken/�Gc��ɷ\0L\0\nexpirationq\0~\0xr\0Dorg.springframework.security.oauth2.common.DefaultOAuth2RefreshTokens�\ncT�^\0L\0valueq\0~\0xpt\0$fbfa3fe9-6c34-46a9-b0e9-8cb1f30083d1sq\0~\0w\0\0ԝ�Sxsq\0~\0sr\0java.util.LinkedHashSet�l�Z��*\0\0xr\0java.util.HashSet�D�����4\0\0xpw\0\0\0?@\0\0\0\0\0t\0readxt\0bearert\0$0a4f624a-32aa-4981-8e09-ba2038b27b89','3a1a86d5641ce258aba3f4656cb2a7c1','917676060664','M3_ANDROID_CLIENT','��\0sr\0Aorg.springframework.security.oauth2.provider.OAuth2Authentication�@bR\0L\0\rstoredRequestt\0<Lorg/springframework/security/oauth2/provider/OAuth2Request;L\0userAuthenticationt\02Lorg/springframework/security/core/Authentication;xr\0Gorg.springframework.security.authentication.AbstractAuthenticationTokenӪ(~nGd\0Z\0\rauthenticatedL\0authoritiest\0Ljava/util/Collection;L\0detailst\0Ljava/lang/Object;xp\0sr\0&java.util.Collections$UnmodifiableList�%1��\0L\0listt\0Ljava/util/List;xr\0,java.util.Collections$UnmodifiableCollectionB\0��^�\0L\0cq\0~\0xpsr\0java.util.ArrayListx����a�\0I\0sizexp\0\0\0w\0\0\0sr\0Borg.springframework.security.core.authority.SimpleGrantedAuthority\0\0\0\0\0\0�\0L\0rolet\0Ljava/lang/String;xpt\0ROLE_M3_END_CUSTOMERxq\0~\0psr\0:org.springframework.security.oauth2.provider.OAuth2Request\0\0\0\0\0\0\0\0Z\0approvedL\0authoritiesq\0~\0L\0\nextensionst\0Ljava/util/Map;L\0redirectUriq\0~\0L\0refresht\0;Lorg/springframework/security/oauth2/provider/TokenRequest;L\0resourceIdst\0Ljava/util/Set;L\0\rresponseTypesq\0~\0xr\08org.springframework.security.oauth2.provider.BaseRequest6(z>�qi�\0L\0clientIdq\0~\0L\0requestParametersq\0~\0L\0scopeq\0~\0xpt\0M3_ANDROID_CLIENTsr\0%java.util.Collections$UnmodifiableMap��t�B\0L\0mq\0~\0xpsr\0java.util.HashMap���`�\0F\0\nloadFactorI\0	thresholdxp?@\0\0\0\0\0w\0\0\0\0\0\0t\0\ngrant_typet\0passwordt\0	client_idt\0M3_ANDROID_CLIENTt\0scopet\0readt\0usernamet\0917676060664xsr\0%java.util.Collections$UnmodifiableSet��я��U\0\0xq\0~\0	sr\0java.util.LinkedHashSet�l�Z��*\0\0xr\0java.util.HashSet�D�����4\0\0xpw\0\0\0?@\0\0\0\0\0q\0~\0!xsq\0~\0\'w\0\0\0?@\0\0\0\0\0sq\0~\0\rt\0ROLE_M3_END_CUSTOMERsq\0~\0\rt\0M3_END_CUSTOMER_READsq\0~\0\rt\0M3_END_CUSTOMER_WRITExsq\0~\0\Z?@\0\0\0\0\0\0w\0\0\0\0\0\0\0xpsr\09org.springframework.security.oauth2.provider.TokenRequest�*���8�\0L\0	grantTypeq\0~\0xq\0~\0t\0M3_ANDROID_CLIENTsq\0~\0sq\0~\0\Z?@\0\0\0\0\0w\0\0\0\0\0\0t\0\rrefresh_tokent\0$fbfa3fe9-6c34-46a9-b0e9-8cb1f30083d1t\0\rclient_secrett\0android-m3-kouchan-secrett\0\ngrant_typet\0\rrefresh_tokent\0	client_idq\0~\03xsq\0~\0$sq\0~\0&w\0\0\0?@\0\0\0\0\0\0xq\0~\0;sq\0~\0\'w\0\0\0?@\0\0\0\0\0\0xsq\0~\0\'w\0\0\0?@\0\0\0\0\0\0xsr\0[org.springframework.security.web.authentication.preauth.PreAuthenticatedAuthenticationToken\0\0\0\0\0\0�\0L\0credentialsq\0~\0L\0	principalq\0~\0xq\0~\0sq\0~\0sq\0~\0\0\0\0w\0\0\0q\0~\0xq\0~\0Dpt\0\0sr\02org.springframework.security.core.userdetails.User\0\0\0\0\0\0�\0Z\0accountNonExpiredZ\0accountNonLockedZ\0credentialsNonExpiredZ\0enabledL\0authoritiesq\0~\0L\0passwordq\0~\0L\0usernameq\0~\0xpsq\0~\0$sr\0java.util.TreeSetݘP���[\0\0xpsr\0Forg.springframework.security.core.userdetails.User$AuthorityComparator\0\0\0\0\0\0�\0\0xpw\0\0\0q\0~\0xpt\0917676060664','ccdd5174b781753da974e7e01cec2393'),('7e3a39bd9d9b8ff29e566aa17ecff0fd','��\0sr\0Corg.springframework.security.oauth2.common.DefaultOAuth2AccessToken��6$��\0L\0additionalInformationt\0Ljava/util/Map;L\0\nexpirationt\0Ljava/util/Date;L\0refreshTokent\0?Lorg/springframework/security/oauth2/common/OAuth2RefreshToken;L\0scopet\0Ljava/util/Set;L\0	tokenTypet\0Ljava/lang/String;L\0valueq\0~\0xpsr\0java.util.LinkedHashMap4�N\\l��\0Z\0accessOrderxr\0java.util.HashMap���`�\0F\0\nloadFactorI\0	thresholdxp?@\0\0\0\0\0w\0\0\0\0\0\0t\0mobilet\0918867262367t\0\ncustomerIdsr\0java.lang.Long;��̏#�\0J\0valuexr\0java.lang.Number������\0\0xp\0\0\0\0\0��5t\0idsr\0%java.util.Collections$UnmodifiableSet��я��U\0\0xr\0,java.util.Collections$UnmodifiableCollectionB\0��^�\0L\0ct\0Ljava/util/Collection;xpsr\0java.util.TreeSetݘP���[\0\0xpsr\0Forg.springframework.security.core.userdetails.User$AuthorityComparator\0\0\0\0\0\0�\0\0xpw\0\0\0sr\0Borg.springframework.security.core.authority.SimpleGrantedAuthority\0\0\0\0\0\0�\0L\0roleq\0~\0xpt\0ROLE_M3_END_CUSTOMERxx\0sr\0java.util.Datehj�KYt\0\0xpw\0\0`^�*xsr\0Lorg.springframework.security.oauth2.common.DefaultExpiringOAuth2RefreshToken/�Gc��ɷ\0L\0\nexpirationq\0~\0xr\0Dorg.springframework.security.oauth2.common.DefaultOAuth2RefreshTokens�\ncT�^\0L\0valueq\0~\0xpt\0$14c6a2d5-51fc-4d76-896b-e494bd37316dsq\0~\0w\0\0a,`, xsq\0~\0sr\0java.util.LinkedHashSet�l�Z��*\0\0xr\0java.util.HashSet�D�����4\0\0xpw\0\0\0?@\0\0\0\0\0t\0readxt\0bearert\0$e2b8bd58-3959-45af-bfbb-01e877e3dd20','3d66c35c3da6a2366c93484caad22ac2','918867262367','M3_ANDROID_CLIENT','��\0sr\0Aorg.springframework.security.oauth2.provider.OAuth2Authentication�@bR\0L\0\rstoredRequestt\0<Lorg/springframework/security/oauth2/provider/OAuth2Request;L\0userAuthenticationt\02Lorg/springframework/security/core/Authentication;xr\0Gorg.springframework.security.authentication.AbstractAuthenticationTokenӪ(~nGd\0Z\0\rauthenticatedL\0authoritiest\0Ljava/util/Collection;L\0detailst\0Ljava/lang/Object;xp\0sr\0&java.util.Collections$UnmodifiableList�%1��\0L\0listt\0Ljava/util/List;xr\0,java.util.Collections$UnmodifiableCollectionB\0��^�\0L\0cq\0~\0xpsr\0java.util.ArrayListx����a�\0I\0sizexp\0\0\0w\0\0\0sr\0Borg.springframework.security.core.authority.SimpleGrantedAuthority\0\0\0\0\0\0�\0L\0rolet\0Ljava/lang/String;xpt\0ROLE_M3_END_CUSTOMERxq\0~\0psr\0:org.springframework.security.oauth2.provider.OAuth2Request\0\0\0\0\0\0\0\0Z\0approvedL\0authoritiesq\0~\0L\0\nextensionst\0Ljava/util/Map;L\0redirectUriq\0~\0L\0refresht\0;Lorg/springframework/security/oauth2/provider/TokenRequest;L\0resourceIdst\0Ljava/util/Set;L\0\rresponseTypesq\0~\0xr\08org.springframework.security.oauth2.provider.BaseRequest6(z>�qi�\0L\0clientIdq\0~\0L\0requestParametersq\0~\0L\0scopeq\0~\0xpt\0M3_ANDROID_CLIENTsr\0%java.util.Collections$UnmodifiableMap��t�B\0L\0mq\0~\0xpsr\0java.util.HashMap���`�\0F\0\nloadFactorI\0	thresholdxp?@\0\0\0\0\0w\0\0\0\0\0\0t\0\ngrant_typet\0passwordt\0	client_idt\0M3_ANDROID_CLIENTt\0scopet\0readt\0usernamet\0918867262367xsr\0%java.util.Collections$UnmodifiableSet��я��U\0\0xq\0~\0	sr\0java.util.LinkedHashSet�l�Z��*\0\0xr\0java.util.HashSet�D�����4\0\0xpw\0\0\0?@\0\0\0\0\0q\0~\0!xsq\0~\0\'w\0\0\0?@\0\0\0\0\0sq\0~\0\rt\0ROLE_M3_END_CUSTOMERsq\0~\0\rt\0M3_END_CUSTOMER_READsq\0~\0\rt\0M3_END_CUSTOMER_WRITExsq\0~\0\Z?@\0\0\0\0\0\0w\0\0\0\0\0\0\0xppsq\0~\0\'w\0\0\0?@\0\0\0\0\0\0xsq\0~\0\'w\0\0\0?@\0\0\0\0\0\0xsr\0Oorg.springframework.security.authentication.UsernamePasswordAuthenticationToken\0\0\0\0\0\0�\0L\0credentialsq\0~\0L\0	principalq\0~\0xq\0~\0sq\0~\0sq\0~\0\0\0\0w\0\0\0q\0~\0xq\0~\06sr\0java.util.LinkedHashMap4�N\\l��\0Z\0accessOrderxq\0~\0\Z?@\0\0\0\0\0w\0\0\0\0\0\0q\0~\0q\0~\0q\0~\0 q\0~\0!t\0\rclient_secrett\0android-m3-kouchan-secretq\0~\0q\0~\0q\0~\0\"q\0~\0#x\0psr\02org.springframework.security.core.userdetails.User\0\0\0\0\0\0�\0Z\0accountNonExpiredZ\0accountNonLockedZ\0credentialsNonExpiredZ\0enabledL\0authoritiesq\0~\0L\0passwordq\0~\0L\0usernameq\0~\0xpsq\0~\0$sr\0java.util.TreeSetݘP���[\0\0xpsr\0Forg.springframework.security.core.userdetails.User$AuthorityComparator\0\0\0\0\0\0�\0\0xpw\0\0\0q\0~\0xpt\0918867262367','6bf5b2cf0549aebac299fb6be25b4999'),('9ef65bdcf0addb66c8fe7276ec11ad8c','��\0sr\0Corg.springframework.security.oauth2.common.DefaultOAuth2AccessToken��6$��\0L\0additionalInformationt\0Ljava/util/Map;L\0\nexpirationt\0Ljava/util/Date;L\0refreshTokent\0?Lorg/springframework/security/oauth2/common/OAuth2RefreshToken;L\0scopet\0Ljava/util/Set;L\0	tokenTypet\0Ljava/lang/String;L\0valueq\0~\0xpsr\0java.util.LinkedHashMap4�N\\l��\0Z\0accessOrderxr\0java.util.HashMap���`�\0F\0\nloadFactorI\0	thresholdxp?@\0\0\0\0\0w\0\0\0\0\0\0t\0mobilet\0919538918341t\0\ncustomerIdsr\0java.lang.Long;��̏#�\0J\0valuexr\0java.lang.Number������\0\0xp\0\0\0\0\0��Zt\0idsr\0%java.util.Collections$UnmodifiableSet��я��U\0\0xr\0,java.util.Collections$UnmodifiableCollectionB\0��^�\0L\0ct\0Ljava/util/Collection;xpsr\0java.util.TreeSetݘP���[\0\0xpsr\0Forg.springframework.security.core.userdetails.User$AuthorityComparator\0\0\0\0\0\0�\0\0xpw\0\0\0sr\0Borg.springframework.security.core.authority.SimpleGrantedAuthority\0\0\0\0\0\0�\0L\0roleq\0~\0xpt\0ROLE_M3_END_CUSTOMERxx\0sr\0java.util.Datehj�KYt\0\0xpw\0\0`k/r�xsr\0Lorg.springframework.security.oauth2.common.DefaultExpiringOAuth2RefreshToken/�Gc��ɷ\0L\0\nexpirationq\0~\0xr\0Dorg.springframework.security.oauth2.common.DefaultOAuth2RefreshTokens�\ncT�^\0L\0valueq\0~\0xpt\0$94b88453-ee4a-42f2-b4ec-60f0c6bfa233sq\0~\0w\0\0ԝS[�xsq\0~\0sr\0java.util.LinkedHashSet�l�Z��*\0\0xr\0java.util.HashSet�D�����4\0\0xpw\0\0\0?@\0\0\0\0\0t\0readxt\0bearert\0$c5f69eab-3fbc-4c77-a51a-0a4137b26812','49e0c8361758524947c9ceac9f4a3c1a','919538918341','M3_ANDROID_CLIENT','��\0sr\0Aorg.springframework.security.oauth2.provider.OAuth2Authentication�@bR\0L\0\rstoredRequestt\0<Lorg/springframework/security/oauth2/provider/OAuth2Request;L\0userAuthenticationt\02Lorg/springframework/security/core/Authentication;xr\0Gorg.springframework.security.authentication.AbstractAuthenticationTokenӪ(~nGd\0Z\0\rauthenticatedL\0authoritiest\0Ljava/util/Collection;L\0detailst\0Ljava/lang/Object;xp\0sr\0&java.util.Collections$UnmodifiableList�%1��\0L\0listt\0Ljava/util/List;xr\0,java.util.Collections$UnmodifiableCollectionB\0��^�\0L\0cq\0~\0xpsr\0java.util.ArrayListx����a�\0I\0sizexp\0\0\0w\0\0\0sr\0Borg.springframework.security.core.authority.SimpleGrantedAuthority\0\0\0\0\0\0�\0L\0rolet\0Ljava/lang/String;xpt\0ROLE_M3_END_CUSTOMERxq\0~\0psr\0:org.springframework.security.oauth2.provider.OAuth2Request\0\0\0\0\0\0\0\0Z\0approvedL\0authoritiesq\0~\0L\0\nextensionst\0Ljava/util/Map;L\0redirectUriq\0~\0L\0refresht\0;Lorg/springframework/security/oauth2/provider/TokenRequest;L\0resourceIdst\0Ljava/util/Set;L\0\rresponseTypesq\0~\0xr\08org.springframework.security.oauth2.provider.BaseRequest6(z>�qi�\0L\0clientIdq\0~\0L\0requestParametersq\0~\0L\0scopeq\0~\0xpt\0M3_ANDROID_CLIENTsr\0%java.util.Collections$UnmodifiableMap��t�B\0L\0mq\0~\0xpsr\0java.util.HashMap���`�\0F\0\nloadFactorI\0	thresholdxp?@\0\0\0\0\0w\0\0\0\0\0\0t\0\ngrant_typet\0passwordt\0	client_idt\0M3_ANDROID_CLIENTt\0scopet\0readt\0usernamet\0919538918341xsr\0%java.util.Collections$UnmodifiableSet��я��U\0\0xq\0~\0	sr\0java.util.LinkedHashSet�l�Z��*\0\0xr\0java.util.HashSet�D�����4\0\0xpw\0\0\0?@\0\0\0\0\0q\0~\0!xsq\0~\0\'w\0\0\0?@\0\0\0\0\0sq\0~\0\rt\0ROLE_M3_END_CUSTOMERsq\0~\0\rt\0M3_END_CUSTOMER_READsq\0~\0\rt\0M3_END_CUSTOMER_WRITExsq\0~\0\Z?@\0\0\0\0\0\0w\0\0\0\0\0\0\0xppsq\0~\0\'w\0\0\0?@\0\0\0\0\0\0xsq\0~\0\'w\0\0\0?@\0\0\0\0\0\0xsr\0Oorg.springframework.security.authentication.UsernamePasswordAuthenticationToken\0\0\0\0\0\0�\0L\0credentialsq\0~\0L\0	principalq\0~\0xq\0~\0sq\0~\0sq\0~\0\0\0\0w\0\0\0q\0~\0xq\0~\06sr\0java.util.LinkedHashMap4�N\\l��\0Z\0accessOrderxq\0~\0\Z?@\0\0\0\0\0w\0\0\0\0\0\0q\0~\0q\0~\0q\0~\0 q\0~\0!t\0\rclient_secrett\0android-m3-kouchan-secretq\0~\0q\0~\0q\0~\0\"q\0~\0#x\0psr\02org.springframework.security.core.userdetails.User\0\0\0\0\0\0�\0Z\0accountNonExpiredZ\0accountNonLockedZ\0credentialsNonExpiredZ\0enabledL\0authoritiesq\0~\0L\0passwordq\0~\0L\0usernameq\0~\0xpsq\0~\0$sr\0java.util.TreeSetݘP���[\0\0xpsr\0Forg.springframework.security.core.userdetails.User$AuthorityComparator\0\0\0\0\0\0�\0\0xpw\0\0\0q\0~\0xpt\0919538918341','57baf24d6a8b4a22494be2dfd7942754'),('ce97e71269e53cbaf07dbae65d0b8d51','��\0sr\0Corg.springframework.security.oauth2.common.DefaultOAuth2AccessToken��6$��\0L\0additionalInformationt\0Ljava/util/Map;L\0\nexpirationt\0Ljava/util/Date;L\0refreshTokent\0?Lorg/springframework/security/oauth2/common/OAuth2RefreshToken;L\0scopet\0Ljava/util/Set;L\0	tokenTypet\0Ljava/lang/String;L\0valueq\0~\0xpsr\0java.util.LinkedHashMap4�N\\l��\0Z\0accessOrderxr\0java.util.HashMap���`�\0F\0\nloadFactorI\0	thresholdxp?@\0\0\0\0\0w\0\0\0\0\0\0t\0mobilet\0917600000000t\0\ncustomerIdsr\0java.lang.Long;��̏#�\0J\0valuexr\0java.lang.Number������\0\0xp\0\0\0\0\0��Rt\0idsr\0%java.util.Collections$UnmodifiableSet��я��U\0\0xr\0,java.util.Collections$UnmodifiableCollectionB\0��^�\0L\0ct\0Ljava/util/Collection;xpsr\0java.util.TreeSetݘP���[\0\0xpsr\0Forg.springframework.security.core.userdetails.User$AuthorityComparator\0\0\0\0\0\0�\0\0xpw\0\0\0sr\0Borg.springframework.security.core.authority.SimpleGrantedAuthority\0\0\0\0\0\0�\0L\0roleq\0~\0xpt\0ROLE_M3_END_CUSTOMERxx\0sr\0java.util.Datehj�KYt\0\0xpw\0\0`(	\\kxsr\0Lorg.springframework.security.oauth2.common.DefaultExpiringOAuth2RefreshToken/�Gc��ɷ\0L\0\nexpirationq\0~\0xr\0Dorg.springframework.security.oauth2.common.DefaultOAuth2RefreshTokens�\ncT�^\0L\0valueq\0~\0xpt\0$bc975b79-9efa-4086-a789-8e3e5f2971b7sq\0~\0w\0\0T\'��kxsq\0~\0sr\0java.util.LinkedHashSet�l�Z��*\0\0xr\0java.util.HashSet�D�����4\0\0xpw\0\0\0?@\0\0\0\0\0t\0readxt\0bearert\0$26376cea-de00-4ba1-bc54-1e503136d83d','577a90c68cf0ace87227722b3daf41ed','917600000000','M3_ANDROID_CLIENT','��\0sr\0Aorg.springframework.security.oauth2.provider.OAuth2Authentication�@bR\0L\0\rstoredRequestt\0<Lorg/springframework/security/oauth2/provider/OAuth2Request;L\0userAuthenticationt\02Lorg/springframework/security/core/Authentication;xr\0Gorg.springframework.security.authentication.AbstractAuthenticationTokenӪ(~nGd\0Z\0\rauthenticatedL\0authoritiest\0Ljava/util/Collection;L\0detailst\0Ljava/lang/Object;xp\0sr\0&java.util.Collections$UnmodifiableList�%1��\0L\0listt\0Ljava/util/List;xr\0,java.util.Collections$UnmodifiableCollectionB\0��^�\0L\0cq\0~\0xpsr\0java.util.ArrayListx����a�\0I\0sizexp\0\0\0w\0\0\0sr\0Borg.springframework.security.core.authority.SimpleGrantedAuthority\0\0\0\0\0\0�\0L\0rolet\0Ljava/lang/String;xpt\0ROLE_M3_END_CUSTOMERxq\0~\0psr\0:org.springframework.security.oauth2.provider.OAuth2Request\0\0\0\0\0\0\0\0Z\0approvedL\0authoritiesq\0~\0L\0\nextensionst\0Ljava/util/Map;L\0redirectUriq\0~\0L\0refresht\0;Lorg/springframework/security/oauth2/provider/TokenRequest;L\0resourceIdst\0Ljava/util/Set;L\0\rresponseTypesq\0~\0xr\08org.springframework.security.oauth2.provider.BaseRequest6(z>�qi�\0L\0clientIdq\0~\0L\0requestParametersq\0~\0L\0scopeq\0~\0xpt\0M3_ANDROID_CLIENTsr\0%java.util.Collections$UnmodifiableMap��t�B\0L\0mq\0~\0xpsr\0java.util.HashMap���`�\0F\0\nloadFactorI\0	thresholdxp?@\0\0\0\0\0w\0\0\0\0\0\0t\0\ngrant_typet\0passwordt\0	client_idt\0M3_ANDROID_CLIENTt\0scopet\0readt\0usernamet\0917600000000xsr\0%java.util.Collections$UnmodifiableSet��я��U\0\0xq\0~\0	sr\0java.util.LinkedHashSet�l�Z��*\0\0xr\0java.util.HashSet�D�����4\0\0xpw\0\0\0?@\0\0\0\0\0q\0~\0!xsq\0~\0\'w\0\0\0?@\0\0\0\0\0sq\0~\0\rt\0ROLE_M3_END_CUSTOMERsq\0~\0\rt\0M3_END_CUSTOMER_READsq\0~\0\rt\0M3_END_CUSTOMER_WRITExsq\0~\0\Z?@\0\0\0\0\0\0w\0\0\0\0\0\0\0xppsq\0~\0\'w\0\0\0?@\0\0\0\0\0\0xsq\0~\0\'w\0\0\0?@\0\0\0\0\0\0xsr\0Oorg.springframework.security.authentication.UsernamePasswordAuthenticationToken\0\0\0\0\0\0�\0L\0credentialsq\0~\0L\0	principalq\0~\0xq\0~\0sq\0~\0sq\0~\0\0\0\0w\0\0\0q\0~\0xq\0~\06sr\0java.util.LinkedHashMap4�N\\l��\0Z\0accessOrderxq\0~\0\Z?@\0\0\0\0\0w\0\0\0\0\0\0q\0~\0q\0~\0q\0~\0 q\0~\0!t\0\rclient_secrett\0android-m3-kouchan-secretq\0~\0q\0~\0q\0~\0\"q\0~\0#x\0psr\02org.springframework.security.core.userdetails.User\0\0\0\0\0\0�\0Z\0accountNonExpiredZ\0accountNonLockedZ\0credentialsNonExpiredZ\0enabledL\0authoritiesq\0~\0L\0passwordq\0~\0L\0usernameq\0~\0xpsq\0~\0$sr\0java.util.TreeSetݘP���[\0\0xpsr\0Forg.springframework.security.core.userdetails.User$AuthorityComparator\0\0\0\0\0\0�\0\0xpw\0\0\0q\0~\0xpt\0917600000000','9e07fd2ff5aafbddf83718cefce03fea'),('8ebfa68ef1d64f332637a36c5d9613e2','��\0sr\0Corg.springframework.security.oauth2.common.DefaultOAuth2AccessToken��6$��\0L\0additionalInformationt\0Ljava/util/Map;L\0\nexpirationt\0Ljava/util/Date;L\0refreshTokent\0?Lorg/springframework/security/oauth2/common/OAuth2RefreshToken;L\0scopet\0Ljava/util/Set;L\0	tokenTypet\0Ljava/lang/String;L\0valueq\0~\0xpsr\0java.util.LinkedHashMap4�N\\l��\0Z\0accessOrderxr\0java.util.HashMap���`�\0F\0\nloadFactorI\0	thresholdxp?@\0\0\0\0\0w\0\0\0\0\0\0t\0mobilet\0919945484103t\0\ncustomerIdsr\0java.lang.Long;��̏#�\0J\0valuexr\0java.lang.Number������\0\0xp\0\0\0\0\0��Wt\0idsr\0%java.util.Collections$UnmodifiableSet��я��U\0\0xr\0,java.util.Collections$UnmodifiableCollectionB\0��^�\0L\0ct\0Ljava/util/Collection;xpsr\0java.util.TreeSetݘP���[\0\0xpsr\0Forg.springframework.security.core.userdetails.User$AuthorityComparator\0\0\0\0\0\0�\0\0xpw\0\0\0sr\0Borg.springframework.security.core.authority.SimpleGrantedAuthority\0\0\0\0\0\0�\0L\0roleq\0~\0xpt\0ROLE_M3_END_CUSTOMERxx\0sr\0java.util.Datehj�KYt\0\0xpw\0\0`2�Uuxsr\0Lorg.springframework.security.oauth2.common.DefaultExpiringOAuth2RefreshToken/�Gc��ɷ\0L\0\nexpirationq\0~\0xr\0Dorg.springframework.security.oauth2.common.DefaultOAuth2RefreshTokens�\ncT�^\0L\0valueq\0~\0xpt\0$c131d1fb-554d-4633-a2dd-b3a8288adc45sq\0~\0w\0\0`Dad�xsq\0~\0sr\0java.util.LinkedHashSet�l�Z��*\0\0xr\0java.util.HashSet�D�����4\0\0xpw\0\0\0?@\0\0\0\0\0t\0readxt\0bearert\0$d55de6dc-09cd-4524-b781-567c2362875d','674e3a1ca616f7c14faccfb1b5e4a8d3','919945484103','M3_ANDROID_CLIENT','��\0sr\0Aorg.springframework.security.oauth2.provider.OAuth2Authentication�@bR\0L\0\rstoredRequestt\0<Lorg/springframework/security/oauth2/provider/OAuth2Request;L\0userAuthenticationt\02Lorg/springframework/security/core/Authentication;xr\0Gorg.springframework.security.authentication.AbstractAuthenticationTokenӪ(~nGd\0Z\0\rauthenticatedL\0authoritiest\0Ljava/util/Collection;L\0detailst\0Ljava/lang/Object;xp\0sr\0&java.util.Collections$UnmodifiableList�%1��\0L\0listt\0Ljava/util/List;xr\0,java.util.Collections$UnmodifiableCollectionB\0��^�\0L\0cq\0~\0xpsr\0java.util.ArrayListx����a�\0I\0sizexp\0\0\0w\0\0\0sr\0Borg.springframework.security.core.authority.SimpleGrantedAuthority\0\0\0\0\0\0�\0L\0rolet\0Ljava/lang/String;xpt\0ROLE_M3_END_CUSTOMERxq\0~\0psr\0:org.springframework.security.oauth2.provider.OAuth2Request\0\0\0\0\0\0\0\0Z\0approvedL\0authoritiesq\0~\0L\0\nextensionst\0Ljava/util/Map;L\0redirectUriq\0~\0L\0refresht\0;Lorg/springframework/security/oauth2/provider/TokenRequest;L\0resourceIdst\0Ljava/util/Set;L\0\rresponseTypesq\0~\0xr\08org.springframework.security.oauth2.provider.BaseRequest6(z>�qi�\0L\0clientIdq\0~\0L\0requestParametersq\0~\0L\0scopeq\0~\0xpt\0M3_ANDROID_CLIENTsr\0%java.util.Collections$UnmodifiableMap��t�B\0L\0mq\0~\0xpsr\0java.util.HashMap���`�\0F\0\nloadFactorI\0	thresholdxp?@\0\0\0\0\0w\0\0\0\0\0\0t\0\ngrant_typet\0passwordt\0	client_idt\0M3_ANDROID_CLIENTt\0scopet\0readt\0usernamet\0919945484103xsr\0%java.util.Collections$UnmodifiableSet��я��U\0\0xq\0~\0	sr\0java.util.LinkedHashSet�l�Z��*\0\0xr\0java.util.HashSet�D�����4\0\0xpw\0\0\0?@\0\0\0\0\0q\0~\0!xsq\0~\0\'w\0\0\0?@\0\0\0\0\0sq\0~\0\rt\0ROLE_M3_END_CUSTOMERsq\0~\0\rt\0M3_END_CUSTOMER_READsq\0~\0\rt\0M3_END_CUSTOMER_WRITExsq\0~\0\Z?@\0\0\0\0\0\0w\0\0\0\0\0\0\0xppsq\0~\0\'w\0\0\0?@\0\0\0\0\0\0xsq\0~\0\'w\0\0\0?@\0\0\0\0\0\0xsr\0Oorg.springframework.security.authentication.UsernamePasswordAuthenticationToken\0\0\0\0\0\0�\0L\0credentialsq\0~\0L\0	principalq\0~\0xq\0~\0sq\0~\0sq\0~\0\0\0\0w\0\0\0q\0~\0xq\0~\06sr\0java.util.LinkedHashMap4�N\\l��\0Z\0accessOrderxq\0~\0\Z?@\0\0\0\0\0w\0\0\0\0\0\0q\0~\0q\0~\0q\0~\0 q\0~\0!t\0\rclient_secrett\0android-m3-kouchan-secretq\0~\0q\0~\0q\0~\0\"q\0~\0#x\0psr\02org.springframework.security.core.userdetails.User\0\0\0\0\0\0�\0Z\0accountNonExpiredZ\0accountNonLockedZ\0credentialsNonExpiredZ\0enabledL\0authoritiesq\0~\0L\0passwordq\0~\0L\0usernameq\0~\0xpsq\0~\0$sr\0java.util.TreeSetݘP���[\0\0xpsr\0Forg.springframework.security.core.userdetails.User$AuthorityComparator\0\0\0\0\0\0�\0\0xpw\0\0\0q\0~\0xpt\0919945484103','fdf27201f417bdd7d5c7f8c58bf23491'),('ca51fc2983c479efb66645241fd24f80','��\0sr\0Corg.springframework.security.oauth2.common.DefaultOAuth2AccessToken��6$��\0L\0additionalInformationt\0Ljava/util/Map;L\0\nexpirationt\0Ljava/util/Date;L\0refreshTokent\0?Lorg/springframework/security/oauth2/common/OAuth2RefreshToken;L\0scopet\0Ljava/util/Set;L\0	tokenTypet\0Ljava/lang/String;L\0valueq\0~\0xpsr\0java.util.LinkedHashMap4�N\\l��\0Z\0accessOrderxr\0java.util.HashMap���`�\0F\0\nloadFactorI\0	thresholdxp?@\0\0\0\0\0w\0\0\0\0\0\0t\0mobilet\0917111111111t\0\ncustomerIdsr\0java.lang.Long;��̏#�\0J\0valuexr\0java.lang.Number������\0\0xp\0\0\0\0\0��`t\0idsr\0%java.util.Collections$UnmodifiableSet��я��U\0\0xr\0,java.util.Collections$UnmodifiableCollectionB\0��^�\0L\0ct\0Ljava/util/Collection;xpsr\0java.util.TreeSetݘP���[\0\0xpsr\0Forg.springframework.security.core.userdetails.User$AuthorityComparator\0\0\0\0\0\0�\0\0xpw\0\0\0sr\0Borg.springframework.security.core.authority.SimpleGrantedAuthority\0\0\0\0\0\0�\0L\0roleq\0~\0xpt\0ROLE_M3_END_CUSTOMERxx\0sr\0java.util.Datehj�KYt\0\0xpw\0\0`j��xsr\0Lorg.springframework.security.oauth2.common.DefaultExpiringOAuth2RefreshToken/�Gc��ɷ\0L\0\nexpirationq\0~\0xr\0Dorg.springframework.security.oauth2.common.DefaultOAuth2RefreshTokens�\ncT�^\0L\0valueq\0~\0xpt\0$726fd658-ce1f-4694-a504-991aeef436c8sq\0~\0w\0\0��o\"7xsq\0~\0sr\0java.util.LinkedHashSet�l�Z��*\0\0xr\0java.util.HashSet�D�����4\0\0xpw\0\0\0?@\0\0\0\0\0t\0readxt\0bearert\0$2dae0bcd-15f5-46f0-9c3a-62c480cb03d6','6f805f81d33273c34fd36c2db209503d','917111111111','M3_ANDROID_CLIENT','��\0sr\0Aorg.springframework.security.oauth2.provider.OAuth2Authentication�@bR\0L\0\rstoredRequestt\0<Lorg/springframework/security/oauth2/provider/OAuth2Request;L\0userAuthenticationt\02Lorg/springframework/security/core/Authentication;xr\0Gorg.springframework.security.authentication.AbstractAuthenticationTokenӪ(~nGd\0Z\0\rauthenticatedL\0authoritiest\0Ljava/util/Collection;L\0detailst\0Ljava/lang/Object;xp\0sr\0&java.util.Collections$UnmodifiableList�%1��\0L\0listt\0Ljava/util/List;xr\0,java.util.Collections$UnmodifiableCollectionB\0��^�\0L\0cq\0~\0xpsr\0java.util.ArrayListx����a�\0I\0sizexp\0\0\0w\0\0\0sr\0Borg.springframework.security.core.authority.SimpleGrantedAuthority\0\0\0\0\0\0�\0L\0rolet\0Ljava/lang/String;xpt\0ROLE_M3_END_CUSTOMERxq\0~\0psr\0:org.springframework.security.oauth2.provider.OAuth2Request\0\0\0\0\0\0\0\0Z\0approvedL\0authoritiesq\0~\0L\0\nextensionst\0Ljava/util/Map;L\0redirectUriq\0~\0L\0refresht\0;Lorg/springframework/security/oauth2/provider/TokenRequest;L\0resourceIdst\0Ljava/util/Set;L\0\rresponseTypesq\0~\0xr\08org.springframework.security.oauth2.provider.BaseRequest6(z>�qi�\0L\0clientIdq\0~\0L\0requestParametersq\0~\0L\0scopeq\0~\0xpt\0M3_ANDROID_CLIENTsr\0%java.util.Collections$UnmodifiableMap��t�B\0L\0mq\0~\0xpsr\0java.util.HashMap���`�\0F\0\nloadFactorI\0	thresholdxp?@\0\0\0\0\0w\0\0\0\0\0\0t\0\ngrant_typet\0passwordt\0	client_idt\0M3_ANDROID_CLIENTt\0scopet\0readt\0usernamet\0917111111111xsr\0%java.util.Collections$UnmodifiableSet��я��U\0\0xq\0~\0	sr\0java.util.LinkedHashSet�l�Z��*\0\0xr\0java.util.HashSet�D�����4\0\0xpw\0\0\0?@\0\0\0\0\0q\0~\0!xsq\0~\0\'w\0\0\0?@\0\0\0\0\0sq\0~\0\rt\0ROLE_M3_END_CUSTOMERsq\0~\0\rt\0M3_END_CUSTOMER_READsq\0~\0\rt\0M3_END_CUSTOMER_WRITExsq\0~\0\Z?@\0\0\0\0\0\0w\0\0\0\0\0\0\0xpsr\09org.springframework.security.oauth2.provider.TokenRequest�*���8�\0L\0	grantTypeq\0~\0xq\0~\0t\0M3_ANDROID_CLIENTsq\0~\0sq\0~\0\Z?@\0\0\0\0\0w\0\0\0\0\0\0t\0\rrefresh_tokent\0$726fd658-ce1f-4694-a504-991aeef436c8t\0\rclient_secrett\0android-m3-kouchan-secrett\0\ngrant_typet\0\rrefresh_tokent\0	client_idq\0~\03xsq\0~\0$sq\0~\0&w\0\0\0?@\0\0\0\0\0\0xq\0~\0;sq\0~\0\'w\0\0\0?@\0\0\0\0\0\0xsq\0~\0\'w\0\0\0?@\0\0\0\0\0\0xsr\0[org.springframework.security.web.authentication.preauth.PreAuthenticatedAuthenticationToken\0\0\0\0\0\0�\0L\0credentialsq\0~\0L\0	principalq\0~\0xq\0~\0sq\0~\0sq\0~\0\0\0\0w\0\0\0q\0~\0xq\0~\0Dpt\0\0sr\02org.springframework.security.core.userdetails.User\0\0\0\0\0\0�\0Z\0accountNonExpiredZ\0accountNonLockedZ\0credentialsNonExpiredZ\0enabledL\0authoritiesq\0~\0L\0passwordq\0~\0L\0usernameq\0~\0xpsq\0~\0$sr\0java.util.TreeSetݘP���[\0\0xpsr\0Forg.springframework.security.core.userdetails.User$AuthorityComparator\0\0\0\0\0\0�\0\0xpw\0\0\0q\0~\0xpt\0917111111111','74d96073c5adb6426f0f5d9a3dcb6d3f'),('a7331533cab192b6229cc03435607d25','��\0sr\0Corg.springframework.security.oauth2.common.DefaultOAuth2AccessToken��6$��\0L\0additionalInformationt\0Ljava/util/Map;L\0\nexpirationt\0Ljava/util/Date;L\0refreshTokent\0?Lorg/springframework/security/oauth2/common/OAuth2RefreshToken;L\0scopet\0Ljava/util/Set;L\0	tokenTypet\0Ljava/lang/String;L\0valueq\0~\0xpsr\0java.util.LinkedHashMap4�N\\l��\0Z\0accessOrderxr\0java.util.HashMap���`�\0F\0\nloadFactorI\0	thresholdxp?@\0\0\0\0\0w\0\0\0\0\0\0t\0mobilet\0919696969696t\0\ncustomerIdsr\0java.lang.Long;��̏#�\0J\0valuexr\0java.lang.Number������\0\0xp\0\0\0\0\0��Xt\0idsr\0%java.util.Collections$UnmodifiableSet��я��U\0\0xr\0,java.util.Collections$UnmodifiableCollectionB\0��^�\0L\0ct\0Ljava/util/Collection;xpsr\0java.util.TreeSetݘP���[\0\0xpsr\0Forg.springframework.security.core.userdetails.User$AuthorityComparator\0\0\0\0\0\0�\0\0xpw\0\0\0sr\0Borg.springframework.security.core.authority.SimpleGrantedAuthority\0\0\0\0\0\0�\0L\0roleq\0~\0xpt\0ROLE_M3_END_CUSTOMERxx\0sr\0java.util.Datehj�KYt\0\0xpw\0\0`2�\r�xsr\0Lorg.springframework.security.oauth2.common.DefaultExpiringOAuth2RefreshToken/�Gc��ɷ\0L\0\nexpirationq\0~\0xr\0Dorg.springframework.security.oauth2.common.DefaultOAuth2RefreshTokens�\ncT�^\0L\0valueq\0~\0xpt\0$15dcb18b-b421-489b-b4c9-3bf8fdadc10dsq\0~\0w\0\0`D�xsq\0~\0sr\0java.util.LinkedHashSet�l�Z��*\0\0xr\0java.util.HashSet�D�����4\0\0xpw\0\0\0?@\0\0\0\0\0t\0readxt\0bearert\0$ae746aa9-f859-4afb-9ce1-914015a84536','7fdd7b85a07267a6d6affacc5426e6bd','919696969696','M3_ANDROID_CLIENT','��\0sr\0Aorg.springframework.security.oauth2.provider.OAuth2Authentication�@bR\0L\0\rstoredRequestt\0<Lorg/springframework/security/oauth2/provider/OAuth2Request;L\0userAuthenticationt\02Lorg/springframework/security/core/Authentication;xr\0Gorg.springframework.security.authentication.AbstractAuthenticationTokenӪ(~nGd\0Z\0\rauthenticatedL\0authoritiest\0Ljava/util/Collection;L\0detailst\0Ljava/lang/Object;xp\0sr\0&java.util.Collections$UnmodifiableList�%1��\0L\0listt\0Ljava/util/List;xr\0,java.util.Collections$UnmodifiableCollectionB\0��^�\0L\0cq\0~\0xpsr\0java.util.ArrayListx����a�\0I\0sizexp\0\0\0w\0\0\0sr\0Borg.springframework.security.core.authority.SimpleGrantedAuthority\0\0\0\0\0\0�\0L\0rolet\0Ljava/lang/String;xpt\0ROLE_M3_END_CUSTOMERxq\0~\0psr\0:org.springframework.security.oauth2.provider.OAuth2Request\0\0\0\0\0\0\0\0Z\0approvedL\0authoritiesq\0~\0L\0\nextensionst\0Ljava/util/Map;L\0redirectUriq\0~\0L\0refresht\0;Lorg/springframework/security/oauth2/provider/TokenRequest;L\0resourceIdst\0Ljava/util/Set;L\0\rresponseTypesq\0~\0xr\08org.springframework.security.oauth2.provider.BaseRequest6(z>�qi�\0L\0clientIdq\0~\0L\0requestParametersq\0~\0L\0scopeq\0~\0xpt\0M3_ANDROID_CLIENTsr\0%java.util.Collections$UnmodifiableMap��t�B\0L\0mq\0~\0xpsr\0java.util.HashMap���`�\0F\0\nloadFactorI\0	thresholdxp?@\0\0\0\0\0w\0\0\0\0\0\0t\0\ngrant_typet\0passwordt\0	client_idt\0M3_ANDROID_CLIENTt\0scopet\0readt\0usernamet\0919696969696xsr\0%java.util.Collections$UnmodifiableSet��я��U\0\0xq\0~\0	sr\0java.util.LinkedHashSet�l�Z��*\0\0xr\0java.util.HashSet�D�����4\0\0xpw\0\0\0?@\0\0\0\0\0q\0~\0!xsq\0~\0\'w\0\0\0?@\0\0\0\0\0sq\0~\0\rt\0ROLE_M3_END_CUSTOMERsq\0~\0\rt\0M3_END_CUSTOMER_READsq\0~\0\rt\0M3_END_CUSTOMER_WRITExsq\0~\0\Z?@\0\0\0\0\0\0w\0\0\0\0\0\0\0xppsq\0~\0\'w\0\0\0?@\0\0\0\0\0\0xsq\0~\0\'w\0\0\0?@\0\0\0\0\0\0xsr\0Oorg.springframework.security.authentication.UsernamePasswordAuthenticationToken\0\0\0\0\0\0�\0L\0credentialsq\0~\0L\0	principalq\0~\0xq\0~\0sq\0~\0sq\0~\0\0\0\0w\0\0\0q\0~\0xq\0~\06sr\0java.util.LinkedHashMap4�N\\l��\0Z\0accessOrderxq\0~\0\Z?@\0\0\0\0\0w\0\0\0\0\0\0q\0~\0q\0~\0q\0~\0 q\0~\0!t\0\rclient_secrett\0android-m3-kouchan-secretq\0~\0q\0~\0q\0~\0\"q\0~\0#x\0psr\02org.springframework.security.core.userdetails.User\0\0\0\0\0\0�\0Z\0accountNonExpiredZ\0accountNonLockedZ\0credentialsNonExpiredZ\0enabledL\0authoritiesq\0~\0L\0passwordq\0~\0L\0usernameq\0~\0xpsq\0~\0$sr\0java.util.TreeSetݘP���[\0\0xpsr\0Forg.springframework.security.core.userdetails.User$AuthorityComparator\0\0\0\0\0\0�\0\0xpw\0\0\0q\0~\0xpt\0919696969696','645406b3dfc4c3683b8b4b8aa4f75fd1'),('0956544b02aa4b7153a5808f884c4745','��\0sr\0Corg.springframework.security.oauth2.common.DefaultOAuth2AccessToken��6$��\0L\0additionalInformationt\0Ljava/util/Map;L\0\nexpirationt\0Ljava/util/Date;L\0refreshTokent\0?Lorg/springframework/security/oauth2/common/OAuth2RefreshToken;L\0scopet\0Ljava/util/Set;L\0	tokenTypet\0Ljava/lang/String;L\0valueq\0~\0xpsr\0java.util.LinkedHashMap4�N\\l��\0Z\0accessOrderxr\0java.util.HashMap���`�\0F\0\nloadFactorI\0	thresholdxp?@\0\0\0\0\0w\0\0\0\0\0\0t\0mobilet\0917546737534t\0\ncustomerIdsr\0java.lang.Long;��̏#�\0J\0valuexr\0java.lang.Number������\0\0xp\0\0\0\0\0��It\0idsr\0%java.util.Collections$UnmodifiableSet��я��U\0\0xr\0,java.util.Collections$UnmodifiableCollectionB\0��^�\0L\0ct\0Ljava/util/Collection;xpsr\0java.util.TreeSetݘP���[\0\0xpsr\0Forg.springframework.security.core.userdetails.User$AuthorityComparator\0\0\0\0\0\0�\0\0xpw\0\0\0sr\0Borg.springframework.security.core.authority.SimpleGrantedAuthority\0\0\0\0\0\0�\0L\0roleq\0~\0xpt\0ROLE_M3_END_CUSTOMERxx\0sr\0java.util.Datehj�KYt\0\0xpw\0\0`\0�5xsr\0Lorg.springframework.security.oauth2.common.DefaultExpiringOAuth2RefreshToken/�Gc��ɷ\0L\0\nexpirationq\0~\0xr\0Dorg.springframework.security.oauth2.common.DefaultOAuth2RefreshTokens�\ncT�^\0L\0valueq\0~\0xpt\0$ea921b5d-f68c-4a19-8d8e-9d5728c5ac2csq\0~\0w\0\0a:��Vxsq\0~\0sr\0java.util.LinkedHashSet�l�Z��*\0\0xr\0java.util.HashSet�D�����4\0\0xpw\0\0\0?@\0\0\0\0\0t\0readxt\0bearert\0$b84761d7-b3d6-4d4c-8ace-17639313f403','97bee2af01ad0f2ee4d667c59ece97ea','917546737534','M3_ANDROID_CLIENT','��\0sr\0Aorg.springframework.security.oauth2.provider.OAuth2Authentication�@bR\0L\0\rstoredRequestt\0<Lorg/springframework/security/oauth2/provider/OAuth2Request;L\0userAuthenticationt\02Lorg/springframework/security/core/Authentication;xr\0Gorg.springframework.security.authentication.AbstractAuthenticationTokenӪ(~nGd\0Z\0\rauthenticatedL\0authoritiest\0Ljava/util/Collection;L\0detailst\0Ljava/lang/Object;xp\0sr\0&java.util.Collections$UnmodifiableList�%1��\0L\0listt\0Ljava/util/List;xr\0,java.util.Collections$UnmodifiableCollectionB\0��^�\0L\0cq\0~\0xpsr\0java.util.ArrayListx����a�\0I\0sizexp\0\0\0w\0\0\0sr\0Borg.springframework.security.core.authority.SimpleGrantedAuthority\0\0\0\0\0\0�\0L\0rolet\0Ljava/lang/String;xpt\0ROLE_M3_END_CUSTOMERxq\0~\0psr\0:org.springframework.security.oauth2.provider.OAuth2Request\0\0\0\0\0\0\0\0Z\0approvedL\0authoritiesq\0~\0L\0\nextensionst\0Ljava/util/Map;L\0redirectUriq\0~\0L\0refresht\0;Lorg/springframework/security/oauth2/provider/TokenRequest;L\0resourceIdst\0Ljava/util/Set;L\0\rresponseTypesq\0~\0xr\08org.springframework.security.oauth2.provider.BaseRequest6(z>�qi�\0L\0clientIdq\0~\0L\0requestParametersq\0~\0L\0scopeq\0~\0xpt\0M3_ANDROID_CLIENTsr\0%java.util.Collections$UnmodifiableMap��t�B\0L\0mq\0~\0xpsr\0java.util.HashMap���`�\0F\0\nloadFactorI\0	thresholdxp?@\0\0\0\0\0w\0\0\0\0\0\0t\0\ngrant_typet\0passwordt\0	client_idt\0M3_ANDROID_CLIENTt\0scopet\0readt\0usernamet\0917546737534xsr\0%java.util.Collections$UnmodifiableSet��я��U\0\0xq\0~\0	sr\0java.util.LinkedHashSet�l�Z��*\0\0xr\0java.util.HashSet�D�����4\0\0xpw\0\0\0?@\0\0\0\0\0q\0~\0!xsq\0~\0\'w\0\0\0?@\0\0\0\0\0sq\0~\0\rt\0ROLE_M3_END_CUSTOMERsq\0~\0\rt\0M3_END_CUSTOMER_READsq\0~\0\rt\0M3_END_CUSTOMER_WRITExsq\0~\0\Z?@\0\0\0\0\0\0w\0\0\0\0\0\0\0xppsq\0~\0\'w\0\0\0?@\0\0\0\0\0\0xsq\0~\0\'w\0\0\0?@\0\0\0\0\0\0xsr\0Oorg.springframework.security.authentication.UsernamePasswordAuthenticationToken\0\0\0\0\0\0�\0L\0credentialsq\0~\0L\0	principalq\0~\0xq\0~\0sq\0~\0sq\0~\0\0\0\0w\0\0\0q\0~\0xq\0~\06sr\0java.util.LinkedHashMap4�N\\l��\0Z\0accessOrderxq\0~\0\Z?@\0\0\0\0\0w\0\0\0\0\0\0q\0~\0q\0~\0q\0~\0 q\0~\0!t\0\rclient_secrett\0android-m3-kouchan-secretq\0~\0q\0~\0q\0~\0\"q\0~\0#x\0psr\02org.springframework.security.core.userdetails.User\0\0\0\0\0\0�\0Z\0accountNonExpiredZ\0accountNonLockedZ\0credentialsNonExpiredZ\0enabledL\0authoritiesq\0~\0L\0passwordq\0~\0L\0usernameq\0~\0xpsq\0~\0$sr\0java.util.TreeSetݘP���[\0\0xpsr\0Forg.springframework.security.core.userdetails.User$AuthorityComparator\0\0\0\0\0\0�\0\0xpw\0\0\0q\0~\0xpt\0917546737534','1ad44556f4cf607d00b1c93a55ac0b83'),('158ae966e37badd8051c3dac24d182b5','��\0sr\0Corg.springframework.security.oauth2.common.DefaultOAuth2AccessToken��6$��\0L\0additionalInformationt\0Ljava/util/Map;L\0\nexpirationt\0Ljava/util/Date;L\0refreshTokent\0?Lorg/springframework/security/oauth2/common/OAuth2RefreshToken;L\0scopet\0Ljava/util/Set;L\0	tokenTypet\0Ljava/lang/String;L\0valueq\0~\0xpsr\0java.util.LinkedHashMap4�N\\l��\0Z\0accessOrderxr\0java.util.HashMap���`�\0F\0\nloadFactorI\0	thresholdxp?@\0\0\0\0\0w\0\0\0\0\0\0t\0mobilet\0917500000000t\0\ncustomerIdsr\0java.lang.Long;��̏#�\0J\0valuexr\0java.lang.Number������\0\0xp\0\0\0\0\0��Tt\0idsr\0%java.util.Collections$UnmodifiableSet��я��U\0\0xr\0,java.util.Collections$UnmodifiableCollectionB\0��^�\0L\0ct\0Ljava/util/Collection;xpsr\0java.util.TreeSetݘP���[\0\0xpsr\0Forg.springframework.security.core.userdetails.User$AuthorityComparator\0\0\0\0\0\0�\0\0xpw\0\0\0sr\0Borg.springframework.security.core.authority.SimpleGrantedAuthority\0\0\0\0\0\0�\0L\0roleq\0~\0xpt\0ROLE_M3_END_CUSTOMERxx\0sr\0java.util.Datehj�KYt\0\0xpw\0\0`,�m�xsr\0Lorg.springframework.security.oauth2.common.DefaultExpiringOAuth2RefreshToken/�Gc��ɷ\0L\0\nexpirationq\0~\0xr\0Dorg.springframework.security.oauth2.common.DefaultOAuth2RefreshTokens�\ncT�^\0L\0valueq\0~\0xpt\0$6a36398d-a612-435a-b788-f0127bac0dbcsq\0~\0w\0\0T\'��;xsq\0~\0sr\0java.util.LinkedHashSet�l�Z��*\0\0xr\0java.util.HashSet�D�����4\0\0xpw\0\0\0?@\0\0\0\0\0t\0readxt\0bearert\0$1bcd96ac-07b9-4ef4-9dfd-483e53cf014c','9a9a4048e7a421ab5ceded42cd55d4e3','917500000000','M3_ANDROID_CLIENT','��\0sr\0Aorg.springframework.security.oauth2.provider.OAuth2Authentication�@bR\0L\0\rstoredRequestt\0<Lorg/springframework/security/oauth2/provider/OAuth2Request;L\0userAuthenticationt\02Lorg/springframework/security/core/Authentication;xr\0Gorg.springframework.security.authentication.AbstractAuthenticationTokenӪ(~nGd\0Z\0\rauthenticatedL\0authoritiest\0Ljava/util/Collection;L\0detailst\0Ljava/lang/Object;xp\0sr\0&java.util.Collections$UnmodifiableList�%1��\0L\0listt\0Ljava/util/List;xr\0,java.util.Collections$UnmodifiableCollectionB\0��^�\0L\0cq\0~\0xpsr\0java.util.ArrayListx����a�\0I\0sizexp\0\0\0w\0\0\0sr\0Borg.springframework.security.core.authority.SimpleGrantedAuthority\0\0\0\0\0\0�\0L\0rolet\0Ljava/lang/String;xpt\0ROLE_M3_END_CUSTOMERxq\0~\0psr\0:org.springframework.security.oauth2.provider.OAuth2Request\0\0\0\0\0\0\0\0Z\0approvedL\0authoritiesq\0~\0L\0\nextensionst\0Ljava/util/Map;L\0redirectUriq\0~\0L\0refresht\0;Lorg/springframework/security/oauth2/provider/TokenRequest;L\0resourceIdst\0Ljava/util/Set;L\0\rresponseTypesq\0~\0xr\08org.springframework.security.oauth2.provider.BaseRequest6(z>�qi�\0L\0clientIdq\0~\0L\0requestParametersq\0~\0L\0scopeq\0~\0xpt\0M3_ANDROID_CLIENTsr\0%java.util.Collections$UnmodifiableMap��t�B\0L\0mq\0~\0xpsr\0java.util.HashMap���`�\0F\0\nloadFactorI\0	thresholdxp?@\0\0\0\0\0w\0\0\0\0\0\0t\0\ngrant_typet\0passwordt\0	client_idt\0M3_ANDROID_CLIENTt\0scopet\0readt\0usernamet\0917500000000xsr\0%java.util.Collections$UnmodifiableSet��я��U\0\0xq\0~\0	sr\0java.util.LinkedHashSet�l�Z��*\0\0xr\0java.util.HashSet�D�����4\0\0xpw\0\0\0?@\0\0\0\0\0q\0~\0!xsq\0~\0\'w\0\0\0?@\0\0\0\0\0sq\0~\0\rt\0ROLE_M3_END_CUSTOMERsq\0~\0\rt\0M3_END_CUSTOMER_READsq\0~\0\rt\0M3_END_CUSTOMER_WRITExsq\0~\0\Z?@\0\0\0\0\0\0w\0\0\0\0\0\0\0xppsq\0~\0\'w\0\0\0?@\0\0\0\0\0\0xsq\0~\0\'w\0\0\0?@\0\0\0\0\0\0xsr\0Oorg.springframework.security.authentication.UsernamePasswordAuthenticationToken\0\0\0\0\0\0�\0L\0credentialsq\0~\0L\0	principalq\0~\0xq\0~\0sq\0~\0sq\0~\0\0\0\0w\0\0\0q\0~\0xq\0~\06sr\0java.util.LinkedHashMap4�N\\l��\0Z\0accessOrderxq\0~\0\Z?@\0\0\0\0\0w\0\0\0\0\0\0q\0~\0q\0~\0q\0~\0 q\0~\0!t\0\rclient_secrett\0android-m3-kouchan-secretq\0~\0q\0~\0q\0~\0\"q\0~\0#x\0psr\02org.springframework.security.core.userdetails.User\0\0\0\0\0\0�\0Z\0accountNonExpiredZ\0accountNonLockedZ\0credentialsNonExpiredZ\0enabledL\0authoritiesq\0~\0L\0passwordq\0~\0L\0usernameq\0~\0xpsq\0~\0$sr\0java.util.TreeSetݘP���[\0\0xpsr\0Forg.springframework.security.core.userdetails.User$AuthorityComparator\0\0\0\0\0\0�\0\0xpw\0\0\0q\0~\0xpt\0917500000000','57e87e06154c347730bd3b15ba8dfcbb'),('03a3269d8cbf50c0368e0911d98346ba','��\0sr\0Corg.springframework.security.oauth2.common.DefaultOAuth2AccessToken��6$��\0L\0additionalInformationt\0Ljava/util/Map;L\0\nexpirationt\0Ljava/util/Date;L\0refreshTokent\0?Lorg/springframework/security/oauth2/common/OAuth2RefreshToken;L\0scopet\0Ljava/util/Set;L\0	tokenTypet\0Ljava/lang/String;L\0valueq\0~\0xpsr\0java.util.LinkedHashMap4�N\\l��\0Z\0accessOrderxr\0java.util.HashMap���`�\0F\0\nloadFactorI\0	thresholdxp?@\0\0\0\0\0w\0\0\0\0\0\0t\0mobilet\0918550814461t\0\ncustomerIdsr\0java.lang.Long;��̏#�\0J\0valuexr\0java.lang.Number������\0\0xp\0\0\0\0\0��?t\0idsr\0%java.util.Collections$UnmodifiableSet��я��U\0\0xr\0,java.util.Collections$UnmodifiableCollectionB\0��^�\0L\0ct\0Ljava/util/Collection;xpsr\0java.util.TreeSetݘP���[\0\0xpsr\0Forg.springframework.security.core.userdetails.User$AuthorityComparator\0\0\0\0\0\0�\0\0xpw\0\0\0sr\0Borg.springframework.security.core.authority.SimpleGrantedAuthority\0\0\0\0\0\0�\0L\0roleq\0~\0xpt\0ROLE_M3_END_CUSTOMERxx\0sr\0java.util.Datehj�KYt\0\0xpw\0\0`k��xsr\0Lorg.springframework.security.oauth2.common.DefaultExpiringOAuth2RefreshToken/�Gc��ɷ\0L\0\nexpirationq\0~\0xr\0Dorg.springframework.security.oauth2.common.DefaultOAuth2RefreshTokens�\ncT�^\0L\0valueq\0~\0xpt\0$4b43d0aa-1afc-412e-a9c7-8d8c7f6bea6asq\0~\0w\0\0Ԧ��Ixsq\0~\0sr\0java.util.LinkedHashSet�l�Z��*\0\0xr\0java.util.HashSet�D�����4\0\0xpw\0\0\0?@\0\0\0\0\0t\0readxt\0bearert\0$c919603d-bfc9-4204-a386-243416cc469e','9da0444f41a61b4fe85d4c906771ef20','918550814461','M3_ANDROID_CLIENT','��\0sr\0Aorg.springframework.security.oauth2.provider.OAuth2Authentication�@bR\0L\0\rstoredRequestt\0<Lorg/springframework/security/oauth2/provider/OAuth2Request;L\0userAuthenticationt\02Lorg/springframework/security/core/Authentication;xr\0Gorg.springframework.security.authentication.AbstractAuthenticationTokenӪ(~nGd\0Z\0\rauthenticatedL\0authoritiest\0Ljava/util/Collection;L\0detailst\0Ljava/lang/Object;xp\0sr\0&java.util.Collections$UnmodifiableList�%1��\0L\0listt\0Ljava/util/List;xr\0,java.util.Collections$UnmodifiableCollectionB\0��^�\0L\0cq\0~\0xpsr\0java.util.ArrayListx����a�\0I\0sizexp\0\0\0w\0\0\0sr\0Borg.springframework.security.core.authority.SimpleGrantedAuthority\0\0\0\0\0\0�\0L\0rolet\0Ljava/lang/String;xpt\0ROLE_M3_END_CUSTOMERxq\0~\0psr\0:org.springframework.security.oauth2.provider.OAuth2Request\0\0\0\0\0\0\0\0Z\0approvedL\0authoritiesq\0~\0L\0\nextensionst\0Ljava/util/Map;L\0redirectUriq\0~\0L\0refresht\0;Lorg/springframework/security/oauth2/provider/TokenRequest;L\0resourceIdst\0Ljava/util/Set;L\0\rresponseTypesq\0~\0xr\08org.springframework.security.oauth2.provider.BaseRequest6(z>�qi�\0L\0clientIdq\0~\0L\0requestParametersq\0~\0L\0scopeq\0~\0xpt\0M3_ANDROID_CLIENTsr\0%java.util.Collections$UnmodifiableMap��t�B\0L\0mq\0~\0xpsr\0java.util.HashMap���`�\0F\0\nloadFactorI\0	thresholdxp?@\0\0\0\0\0w\0\0\0\0\0\0t\0\ngrant_typet\0passwordt\0	client_idt\0M3_ANDROID_CLIENTt\0scopet\0readt\0usernamet\0918550814461xsr\0%java.util.Collections$UnmodifiableSet��я��U\0\0xq\0~\0	sr\0java.util.LinkedHashSet�l�Z��*\0\0xr\0java.util.HashSet�D�����4\0\0xpw\0\0\0?@\0\0\0\0\0q\0~\0!xsq\0~\0\'w\0\0\0?@\0\0\0\0\0sq\0~\0\rt\0ROLE_M3_END_CUSTOMERsq\0~\0\rt\0M3_END_CUSTOMER_READsq\0~\0\rt\0M3_END_CUSTOMER_WRITExsq\0~\0\Z?@\0\0\0\0\0\0w\0\0\0\0\0\0\0xppsq\0~\0\'w\0\0\0?@\0\0\0\0\0\0xsq\0~\0\'w\0\0\0?@\0\0\0\0\0\0xsr\0Oorg.springframework.security.authentication.UsernamePasswordAuthenticationToken\0\0\0\0\0\0�\0L\0credentialsq\0~\0L\0	principalq\0~\0xq\0~\0sq\0~\0sq\0~\0\0\0\0w\0\0\0q\0~\0xq\0~\06sr\0java.util.LinkedHashMap4�N\\l��\0Z\0accessOrderxq\0~\0\Z?@\0\0\0\0\0w\0\0\0\0\0\0q\0~\0q\0~\0q\0~\0 q\0~\0!t\0\rclient_secrett\0android-m3-kouchan-secretq\0~\0q\0~\0q\0~\0\"q\0~\0#x\0psr\02org.springframework.security.core.userdetails.User\0\0\0\0\0\0�\0Z\0accountNonExpiredZ\0accountNonLockedZ\0credentialsNonExpiredZ\0enabledL\0authoritiesq\0~\0L\0passwordq\0~\0L\0usernameq\0~\0xpsq\0~\0$sr\0java.util.TreeSetݘP���[\0\0xpsr\0Forg.springframework.security.core.userdetails.User$AuthorityComparator\0\0\0\0\0\0�\0\0xpw\0\0\0q\0~\0xpt\0918550814461','1b0f534dbd9572c54d43ff7e8728c7c2'),('3a73d7474e807de4debeb727455a2bb0','��\0sr\0Corg.springframework.security.oauth2.common.DefaultOAuth2AccessToken��6$��\0L\0additionalInformationt\0Ljava/util/Map;L\0\nexpirationt\0Ljava/util/Date;L\0refreshTokent\0?Lorg/springframework/security/oauth2/common/OAuth2RefreshToken;L\0scopet\0Ljava/util/Set;L\0	tokenTypet\0Ljava/lang/String;L\0valueq\0~\0xpsr\0java.util.LinkedHashMap4�N\\l��\0Z\0accessOrderxr\0java.util.HashMap���`�\0F\0\nloadFactorI\0	thresholdxp?@\0\0\0\0\0w\0\0\0\0\0\0t\0mobilet\0917795865630t\0\ncustomerIdsr\0java.lang.Long;��̏#�\0J\0valuexr\0java.lang.Number������\0\0xp\0\0\0\0\0��@t\0idsr\0%java.util.Collections$UnmodifiableSet��я��U\0\0xr\0,java.util.Collections$UnmodifiableCollectionB\0��^�\0L\0ct\0Ljava/util/Collection;xpsr\0java.util.TreeSetݘP���[\0\0xpsr\0Forg.springframework.security.core.userdetails.User$AuthorityComparator\0\0\0\0\0\0�\0\0xpw\0\0\0sr\0Borg.springframework.security.core.authority.SimpleGrantedAuthority\0\0\0\0\0\0�\0L\0roleq\0~\0xpt\0ROLE_M3_END_CUSTOMERxx\0sr\0java.util.Datehj�KYt\0\0xpw\0\0`k	�gxsr\0Lorg.springframework.security.oauth2.common.DefaultExpiringOAuth2RefreshToken/�Gc��ɷ\0L\0\nexpirationq\0~\0xr\0Dorg.springframework.security.oauth2.common.DefaultOAuth2RefreshTokens�\ncT�^\0L\0valueq\0~\0xpt\0$0d87098e-0041-4ed6-b760-51c212a2e9dbsq\0~\0w\0\0��Z��xsq\0~\0sr\0java.util.LinkedHashSet�l�Z��*\0\0xr\0java.util.HashSet�D�����4\0\0xpw\0\0\0?@\0\0\0\0\0t\0readxt\0bearert\0$af626de8-769a-4c6a-aa9f-eb1734ea1b64','a081a7712daefdfbd8758ff93f85bed1','917795865630','M3_ANDROID_CLIENT','��\0sr\0Aorg.springframework.security.oauth2.provider.OAuth2Authentication�@bR\0L\0\rstoredRequestt\0<Lorg/springframework/security/oauth2/provider/OAuth2Request;L\0userAuthenticationt\02Lorg/springframework/security/core/Authentication;xr\0Gorg.springframework.security.authentication.AbstractAuthenticationTokenӪ(~nGd\0Z\0\rauthenticatedL\0authoritiest\0Ljava/util/Collection;L\0detailst\0Ljava/lang/Object;xp\0sr\0&java.util.Collections$UnmodifiableList�%1��\0L\0listt\0Ljava/util/List;xr\0,java.util.Collections$UnmodifiableCollectionB\0��^�\0L\0cq\0~\0xpsr\0java.util.ArrayListx����a�\0I\0sizexp\0\0\0w\0\0\0sr\0Borg.springframework.security.core.authority.SimpleGrantedAuthority\0\0\0\0\0\0�\0L\0rolet\0Ljava/lang/String;xpt\0ROLE_M3_END_CUSTOMERxq\0~\0psr\0:org.springframework.security.oauth2.provider.OAuth2Request\0\0\0\0\0\0\0\0Z\0approvedL\0authoritiesq\0~\0L\0\nextensionst\0Ljava/util/Map;L\0redirectUriq\0~\0L\0refresht\0;Lorg/springframework/security/oauth2/provider/TokenRequest;L\0resourceIdst\0Ljava/util/Set;L\0\rresponseTypesq\0~\0xr\08org.springframework.security.oauth2.provider.BaseRequest6(z>�qi�\0L\0clientIdq\0~\0L\0requestParametersq\0~\0L\0scopeq\0~\0xpt\0M3_ANDROID_CLIENTsr\0%java.util.Collections$UnmodifiableMap��t�B\0L\0mq\0~\0xpsr\0java.util.HashMap���`�\0F\0\nloadFactorI\0	thresholdxp?@\0\0\0\0\0w\0\0\0\0\0\0t\0\ngrant_typet\0passwordt\0	client_idt\0M3_ANDROID_CLIENTt\0scopet\0readt\0usernamet\0917795865630xsr\0%java.util.Collections$UnmodifiableSet��я��U\0\0xq\0~\0	sr\0java.util.LinkedHashSet�l�Z��*\0\0xr\0java.util.HashSet�D�����4\0\0xpw\0\0\0?@\0\0\0\0\0q\0~\0!xsq\0~\0\'w\0\0\0?@\0\0\0\0\0sq\0~\0\rt\0ROLE_M3_END_CUSTOMERsq\0~\0\rt\0M3_END_CUSTOMER_READsq\0~\0\rt\0M3_END_CUSTOMER_WRITExsq\0~\0\Z?@\0\0\0\0\0\0w\0\0\0\0\0\0\0xppsq\0~\0\'w\0\0\0?@\0\0\0\0\0\0xsq\0~\0\'w\0\0\0?@\0\0\0\0\0\0xsr\0Oorg.springframework.security.authentication.UsernamePasswordAuthenticationToken\0\0\0\0\0\0�\0L\0credentialsq\0~\0L\0	principalq\0~\0xq\0~\0sq\0~\0sq\0~\0\0\0\0w\0\0\0q\0~\0xq\0~\06sr\0java.util.LinkedHashMap4�N\\l��\0Z\0accessOrderxq\0~\0\Z?@\0\0\0\0\0w\0\0\0\0\0\0q\0~\0q\0~\0q\0~\0 q\0~\0!t\0\rclient_secrett\0android-m3-kouchan-secretq\0~\0q\0~\0q\0~\0\"q\0~\0#x\0psr\02org.springframework.security.core.userdetails.User\0\0\0\0\0\0�\0Z\0accountNonExpiredZ\0accountNonLockedZ\0credentialsNonExpiredZ\0enabledL\0authoritiesq\0~\0L\0passwordq\0~\0L\0usernameq\0~\0xpsq\0~\0$sr\0java.util.TreeSetݘP���[\0\0xpsr\0Forg.springframework.security.core.userdetails.User$AuthorityComparator\0\0\0\0\0\0�\0\0xpw\0\0\0q\0~\0xpt\0917795865630','958c04ba5c77997c0dc0db0dbaece6d2'),('9af0c5b0a1d5cce6dd73a85fe8b5f878','��\0sr\0Corg.springframework.security.oauth2.common.DefaultOAuth2AccessToken��6$��\0L\0additionalInformationt\0Ljava/util/Map;L\0\nexpirationt\0Ljava/util/Date;L\0refreshTokent\0?Lorg/springframework/security/oauth2/common/OAuth2RefreshToken;L\0scopet\0Ljava/util/Set;L\0	tokenTypet\0Ljava/lang/String;L\0valueq\0~\0xpsr\0java.util.LinkedHashMap4�N\\l��\0Z\0accessOrderxr\0java.util.HashMap���`�\0F\0\nloadFactorI\0	thresholdxp?@\0\0\0\0\0w\0\0\0\0\0\0t\0mobilet\0918921490952t\0\ncustomerIdsr\0java.lang.Long;��̏#�\0J\0valuexr\0java.lang.Number������\0\0xp\0\0\0\0\0��[t\0idsr\0%java.util.Collections$UnmodifiableSet��я��U\0\0xr\0,java.util.Collections$UnmodifiableCollectionB\0��^�\0L\0ct\0Ljava/util/Collection;xpsr\0java.util.TreeSetݘP���[\0\0xpsr\0Forg.springframework.security.core.userdetails.User$AuthorityComparator\0\0\0\0\0\0�\0\0xpw\0\0\0sr\0Borg.springframework.security.core.authority.SimpleGrantedAuthority\0\0\0\0\0\0�\0L\0roleq\0~\0xpt\0ROLE_M3_END_CUSTOMERxx\0sr\0java.util.Datehj�KYt\0\0xpw\0\0`jW�xsr\0Lorg.springframework.security.oauth2.common.DefaultExpiringOAuth2RefreshToken/�Gc��ɷ\0L\0\nexpirationq\0~\0xr\0Dorg.springframework.security.oauth2.common.DefaultOAuth2RefreshTokens�\ncT�^\0L\0valueq\0~\0xpt\0$4225f516-ed56-417d-94bd-54ed4349cf84sq\0~\0w\0\0��&Hhxsq\0~\0sr\0java.util.LinkedHashSet�l�Z��*\0\0xr\0java.util.HashSet�D�����4\0\0xpw\0\0\0?@\0\0\0\0\0t\0readxt\0bearert\0$9b1c9f3c-f76a-4ec1-a784-5615f4c91d9e','a2f2b933936dbd27befbc8debffe8248','918921490952','M3_ANDROID_CLIENT','��\0sr\0Aorg.springframework.security.oauth2.provider.OAuth2Authentication�@bR\0L\0\rstoredRequestt\0<Lorg/springframework/security/oauth2/provider/OAuth2Request;L\0userAuthenticationt\02Lorg/springframework/security/core/Authentication;xr\0Gorg.springframework.security.authentication.AbstractAuthenticationTokenӪ(~nGd\0Z\0\rauthenticatedL\0authoritiest\0Ljava/util/Collection;L\0detailst\0Ljava/lang/Object;xp\0sr\0&java.util.Collections$UnmodifiableList�%1��\0L\0listt\0Ljava/util/List;xr\0,java.util.Collections$UnmodifiableCollectionB\0��^�\0L\0cq\0~\0xpsr\0java.util.ArrayListx����a�\0I\0sizexp\0\0\0w\0\0\0sr\0Borg.springframework.security.core.authority.SimpleGrantedAuthority\0\0\0\0\0\0�\0L\0rolet\0Ljava/lang/String;xpt\0ROLE_M3_END_CUSTOMERxq\0~\0psr\0:org.springframework.security.oauth2.provider.OAuth2Request\0\0\0\0\0\0\0\0Z\0approvedL\0authoritiesq\0~\0L\0\nextensionst\0Ljava/util/Map;L\0redirectUriq\0~\0L\0refresht\0;Lorg/springframework/security/oauth2/provider/TokenRequest;L\0resourceIdst\0Ljava/util/Set;L\0\rresponseTypesq\0~\0xr\08org.springframework.security.oauth2.provider.BaseRequest6(z>�qi�\0L\0clientIdq\0~\0L\0requestParametersq\0~\0L\0scopeq\0~\0xpt\0M3_ANDROID_CLIENTsr\0%java.util.Collections$UnmodifiableMap��t�B\0L\0mq\0~\0xpsr\0java.util.HashMap���`�\0F\0\nloadFactorI\0	thresholdxp?@\0\0\0\0\0w\0\0\0\0\0\0t\0\ngrant_typet\0passwordt\0	client_idt\0M3_ANDROID_CLIENTt\0scopet\0readt\0usernamet\0918921490952xsr\0%java.util.Collections$UnmodifiableSet��я��U\0\0xq\0~\0	sr\0java.util.LinkedHashSet�l�Z��*\0\0xr\0java.util.HashSet�D�����4\0\0xpw\0\0\0?@\0\0\0\0\0q\0~\0!xsq\0~\0\'w\0\0\0?@\0\0\0\0\0sq\0~\0\rt\0ROLE_M3_END_CUSTOMERsq\0~\0\rt\0M3_END_CUSTOMER_READsq\0~\0\rt\0M3_END_CUSTOMER_WRITExsq\0~\0\Z?@\0\0\0\0\0\0w\0\0\0\0\0\0\0xpsr\09org.springframework.security.oauth2.provider.TokenRequest�*���8�\0L\0	grantTypeq\0~\0xq\0~\0t\0M3_ANDROID_CLIENTsq\0~\0sq\0~\0\Z?@\0\0\0\0\0w\0\0\0\0\0\0t\0\rrefresh_tokent\0$4225f516-ed56-417d-94bd-54ed4349cf84t\0\rclient_secrett\0android-m3-kouchan-secrett\0\ngrant_typet\0\rrefresh_tokent\0	client_idq\0~\03xsq\0~\0$sq\0~\0&w\0\0\0?@\0\0\0\0\0\0xq\0~\0;sq\0~\0\'w\0\0\0?@\0\0\0\0\0\0xsq\0~\0\'w\0\0\0?@\0\0\0\0\0\0xsr\0[org.springframework.security.web.authentication.preauth.PreAuthenticatedAuthenticationToken\0\0\0\0\0\0�\0L\0credentialsq\0~\0L\0	principalq\0~\0xq\0~\0sq\0~\0sq\0~\0\0\0\0w\0\0\0q\0~\0xq\0~\0Dpt\0\0sr\02org.springframework.security.core.userdetails.User\0\0\0\0\0\0�\0Z\0accountNonExpiredZ\0accountNonLockedZ\0credentialsNonExpiredZ\0enabledL\0authoritiesq\0~\0L\0passwordq\0~\0L\0usernameq\0~\0xpsq\0~\0$sr\0java.util.TreeSetݘP���[\0\0xpsr\0Forg.springframework.security.core.userdetails.User$AuthorityComparator\0\0\0\0\0\0�\0\0xpw\0\0\0q\0~\0xpt\0918921490952','82c1d5e30568f233e070be17c8685e28'),('c264ad7462a30b22219138bfb751b9a2','��\0sr\0Corg.springframework.security.oauth2.common.DefaultOAuth2AccessToken��6$��\0L\0additionalInformationt\0Ljava/util/Map;L\0\nexpirationt\0Ljava/util/Date;L\0refreshTokent\0?Lorg/springframework/security/oauth2/common/OAuth2RefreshToken;L\0scopet\0Ljava/util/Set;L\0	tokenTypet\0Ljava/lang/String;L\0valueq\0~\0xpsr\0java.util.LinkedHashMap4�N\\l��\0Z\0accessOrderxr\0java.util.HashMap���`�\0F\0\nloadFactorI\0	thresholdxp?@\0\0\0\0\0w\0\0\0\0\0\0t\0mobilet\0919989989988t\0\ncustomerIdsr\0java.lang.Long;��̏#�\0J\0valuexr\0java.lang.Number������\0\0xp\0\0\0\0\0y�t\0idsr\0%java.util.Collections$UnmodifiableSet��я��U\0\0xr\0,java.util.Collections$UnmodifiableCollectionB\0��^�\0L\0ct\0Ljava/util/Collection;xpsr\0java.util.TreeSetݘP���[\0\0xpsr\0Forg.springframework.security.core.userdetails.User$AuthorityComparator\0\0\0\0\0\0�\0\0xpw\0\0\0sr\0Borg.springframework.security.core.authority.SimpleGrantedAuthority\0\0\0\0\0\0�\0L\0roleq\0~\0xpt\0ROLE_M3_END_CUSTOMERxx\0sr\0java.util.Datehj�KYt\0\0xpw\0\0`s+�xsr\0Lorg.springframework.security.oauth2.common.DefaultExpiringOAuth2RefreshToken/�Gc��ɷ\0L\0\nexpirationq\0~\0xr\0Dorg.springframework.security.oauth2.common.DefaultOAuth2RefreshTokens�\ncT�^\0L\0valueq\0~\0xpt\0$2115194f-81fb-4cef-a3ee-f3c2d2103bd8sq\0~\0w\0\0a+t��xsq\0~\0sr\0java.util.LinkedHashSet�l�Z��*\0\0xr\0java.util.HashSet�D�����4\0\0xpw\0\0\0?@\0\0\0\0\0t\0readxt\0bearert\0$84ea699b-19bb-46dd-aead-cc44cca19224','a5b2e161468da9ed9516e976a4411fab','919989989988','M3_ANDROID_CLIENT','��\0sr\0Aorg.springframework.security.oauth2.provider.OAuth2Authentication�@bR\0L\0\rstoredRequestt\0<Lorg/springframework/security/oauth2/provider/OAuth2Request;L\0userAuthenticationt\02Lorg/springframework/security/core/Authentication;xr\0Gorg.springframework.security.authentication.AbstractAuthenticationTokenӪ(~nGd\0Z\0\rauthenticatedL\0authoritiest\0Ljava/util/Collection;L\0detailst\0Ljava/lang/Object;xp\0sr\0&java.util.Collections$UnmodifiableList�%1��\0L\0listt\0Ljava/util/List;xr\0,java.util.Collections$UnmodifiableCollectionB\0��^�\0L\0cq\0~\0xpsr\0java.util.ArrayListx����a�\0I\0sizexp\0\0\0w\0\0\0sr\0Borg.springframework.security.core.authority.SimpleGrantedAuthority\0\0\0\0\0\0�\0L\0rolet\0Ljava/lang/String;xpt\0ROLE_M3_END_CUSTOMERxq\0~\0psr\0:org.springframework.security.oauth2.provider.OAuth2Request\0\0\0\0\0\0\0\0Z\0approvedL\0authoritiesq\0~\0L\0\nextensionst\0Ljava/util/Map;L\0redirectUriq\0~\0L\0refresht\0;Lorg/springframework/security/oauth2/provider/TokenRequest;L\0resourceIdst\0Ljava/util/Set;L\0\rresponseTypesq\0~\0xr\08org.springframework.security.oauth2.provider.BaseRequest6(z>�qi�\0L\0clientIdq\0~\0L\0requestParametersq\0~\0L\0scopeq\0~\0xpt\0M3_ANDROID_CLIENTsr\0%java.util.Collections$UnmodifiableMap��t�B\0L\0mq\0~\0xpsr\0java.util.HashMap���`�\0F\0\nloadFactorI\0	thresholdxp?@\0\0\0\0\0w\0\0\0\0\0\0t\0\ngrant_typet\0passwordt\0	client_idt\0M3_ANDROID_CLIENTt\0scopet\0readt\0usernamet\0919989989988xsr\0%java.util.Collections$UnmodifiableSet��я��U\0\0xq\0~\0	sr\0java.util.LinkedHashSet�l�Z��*\0\0xr\0java.util.HashSet�D�����4\0\0xpw\0\0\0?@\0\0\0\0\0q\0~\0!xsq\0~\0\'w\0\0\0?@\0\0\0\0\0sq\0~\0\rt\0ROLE_M3_END_CUSTOMERsq\0~\0\rt\0M3_END_CUSTOMER_READsq\0~\0\rt\0M3_END_CUSTOMER_WRITExsq\0~\0\Z?@\0\0\0\0\0\0w\0\0\0\0\0\0\0xppsq\0~\0\'w\0\0\0?@\0\0\0\0\0\0xsq\0~\0\'w\0\0\0?@\0\0\0\0\0\0xsr\0Oorg.springframework.security.authentication.UsernamePasswordAuthenticationToken\0\0\0\0\0\0�\0L\0credentialsq\0~\0L\0	principalq\0~\0xq\0~\0sq\0~\0sq\0~\0\0\0\0w\0\0\0q\0~\0xq\0~\06sr\0java.util.LinkedHashMap4�N\\l��\0Z\0accessOrderxq\0~\0\Z?@\0\0\0\0\0w\0\0\0\0\0\0q\0~\0q\0~\0q\0~\0 q\0~\0!t\0\rclient_secrett\0android-m3-kouchan-secretq\0~\0q\0~\0q\0~\0\"q\0~\0#x\0psr\02org.springframework.security.core.userdetails.User\0\0\0\0\0\0�\0Z\0accountNonExpiredZ\0accountNonLockedZ\0credentialsNonExpiredZ\0enabledL\0authoritiesq\0~\0L\0passwordq\0~\0L\0usernameq\0~\0xpsq\0~\0$sr\0java.util.TreeSetݘP���[\0\0xpsr\0Forg.springframework.security.core.userdetails.User$AuthorityComparator\0\0\0\0\0\0�\0\0xpw\0\0\0q\0~\0xpt\0919989989988','bac7af2579f4f344e626f36e5a9e4921'),('903f9db332588c48d862cec0927fbd36','��\0sr\0Corg.springframework.security.oauth2.common.DefaultOAuth2AccessToken��6$��\0L\0additionalInformationt\0Ljava/util/Map;L\0\nexpirationt\0Ljava/util/Date;L\0refreshTokent\0?Lorg/springframework/security/oauth2/common/OAuth2RefreshToken;L\0scopet\0Ljava/util/Set;L\0	tokenTypet\0Ljava/lang/String;L\0valueq\0~\0xpsr\0java.util.LinkedHashMap4�N\\l��\0Z\0accessOrderxr\0java.util.HashMap���`�\0F\0\nloadFactorI\0	thresholdxp?@\0\0\0\0\0w\0\0\0\0\0\0t\0mobilet\0919481062088t\0\ncustomerIdsr\0java.lang.Long;��̏#�\0J\0valuexr\0java.lang.Number������\0\0xp\0\0\0\0\0��7t\0idsr\0%java.util.Collections$UnmodifiableSet��я��U\0\0xr\0,java.util.Collections$UnmodifiableCollectionB\0��^�\0L\0ct\0Ljava/util/Collection;xpsr\0java.util.TreeSetݘP���[\0\0xpsr\0Forg.springframework.security.core.userdetails.User$AuthorityComparator\0\0\0\0\0\0�\0\0xpw\0\0\0sr\0Borg.springframework.security.core.authority.SimpleGrantedAuthority\0\0\0\0\0\0�\0L\0roleq\0~\0xpt\0ROLE_M3_END_CUSTOMERxx\0sr\0java.util.Datehj�KYt\0\0xpw\0\0`Q�hxsr\0Lorg.springframework.security.oauth2.common.DefaultExpiringOAuth2RefreshToken/�Gc��ɷ\0L\0\nexpirationq\0~\0xr\0Dorg.springframework.security.oauth2.common.DefaultOAuth2RefreshTokens�\ncT�^\0L\0valueq\0~\0xpt\0$dfedf64a-5709-4929-9025-5b77ef648967sq\0~\0w\0\0ԝ0_xsq\0~\0sr\0java.util.LinkedHashSet�l�Z��*\0\0xr\0java.util.HashSet�D�����4\0\0xpw\0\0\0?@\0\0\0\0\0t\0readxt\0bearert\0$fde45c65-c592-4c11-8211-3b13cb8a8963','c25d3f2722f3ee733e303affa0509811','919481062088','M3_ANDROID_CLIENT','��\0sr\0Aorg.springframework.security.oauth2.provider.OAuth2Authentication�@bR\0L\0\rstoredRequestt\0<Lorg/springframework/security/oauth2/provider/OAuth2Request;L\0userAuthenticationt\02Lorg/springframework/security/core/Authentication;xr\0Gorg.springframework.security.authentication.AbstractAuthenticationTokenӪ(~nGd\0Z\0\rauthenticatedL\0authoritiest\0Ljava/util/Collection;L\0detailst\0Ljava/lang/Object;xp\0sr\0&java.util.Collections$UnmodifiableList�%1��\0L\0listt\0Ljava/util/List;xr\0,java.util.Collections$UnmodifiableCollectionB\0��^�\0L\0cq\0~\0xpsr\0java.util.ArrayListx����a�\0I\0sizexp\0\0\0w\0\0\0sr\0Borg.springframework.security.core.authority.SimpleGrantedAuthority\0\0\0\0\0\0�\0L\0rolet\0Ljava/lang/String;xpt\0ROLE_M3_END_CUSTOMERxq\0~\0psr\0:org.springframework.security.oauth2.provider.OAuth2Request\0\0\0\0\0\0\0\0Z\0approvedL\0authoritiesq\0~\0L\0\nextensionst\0Ljava/util/Map;L\0redirectUriq\0~\0L\0refresht\0;Lorg/springframework/security/oauth2/provider/TokenRequest;L\0resourceIdst\0Ljava/util/Set;L\0\rresponseTypesq\0~\0xr\08org.springframework.security.oauth2.provider.BaseRequest6(z>�qi�\0L\0clientIdq\0~\0L\0requestParametersq\0~\0L\0scopeq\0~\0xpt\0M3_ANDROID_CLIENTsr\0%java.util.Collections$UnmodifiableMap��t�B\0L\0mq\0~\0xpsr\0java.util.HashMap���`�\0F\0\nloadFactorI\0	thresholdxp?@\0\0\0\0\0w\0\0\0\0\0\0t\0\ngrant_typet\0passwordt\0	client_idt\0M3_ANDROID_CLIENTt\0scopet\0readt\0usernamet\0919481062088xsr\0%java.util.Collections$UnmodifiableSet��я��U\0\0xq\0~\0	sr\0java.util.LinkedHashSet�l�Z��*\0\0xr\0java.util.HashSet�D�����4\0\0xpw\0\0\0?@\0\0\0\0\0q\0~\0!xsq\0~\0\'w\0\0\0?@\0\0\0\0\0sq\0~\0\rt\0ROLE_M3_END_CUSTOMERsq\0~\0\rt\0M3_END_CUSTOMER_READsq\0~\0\rt\0M3_END_CUSTOMER_WRITExsq\0~\0\Z?@\0\0\0\0\0\0w\0\0\0\0\0\0\0xpsr\09org.springframework.security.oauth2.provider.TokenRequest�*���8�\0L\0	grantTypeq\0~\0xq\0~\0t\0M3_ANDROID_CLIENTsq\0~\0sq\0~\0\Z?@\0\0\0\0\0w\0\0\0\0\0\0t\0\rrefresh_tokent\0$dfedf64a-5709-4929-9025-5b77ef648967t\0\rclient_secrett\0android-m3-kouchan-secrett\0\ngrant_typet\0\rrefresh_tokent\0	client_idq\0~\03xsq\0~\0$sq\0~\0&w\0\0\0?@\0\0\0\0\0\0xq\0~\0;sq\0~\0\'w\0\0\0?@\0\0\0\0\0\0xsq\0~\0\'w\0\0\0?@\0\0\0\0\0\0xsr\0[org.springframework.security.web.authentication.preauth.PreAuthenticatedAuthenticationToken\0\0\0\0\0\0�\0L\0credentialsq\0~\0L\0	principalq\0~\0xq\0~\0sq\0~\0sq\0~\0\0\0\0w\0\0\0q\0~\0xq\0~\0Dpt\0\0sr\02org.springframework.security.core.userdetails.User\0\0\0\0\0\0�\0Z\0accountNonExpiredZ\0accountNonLockedZ\0credentialsNonExpiredZ\0enabledL\0authoritiesq\0~\0L\0passwordq\0~\0L\0usernameq\0~\0xpsq\0~\0$sr\0java.util.TreeSetݘP���[\0\0xpsr\0Forg.springframework.security.core.userdetails.User$AuthorityComparator\0\0\0\0\0\0�\0\0xpw\0\0\0q\0~\0xpt\0919481062088','10b864ebd6508eddc718043c9990efb3'),('3fa55be0ff43db8e6034d7ebe2805994','��\0sr\0Corg.springframework.security.oauth2.common.DefaultOAuth2AccessToken��6$��\0L\0additionalInformationt\0Ljava/util/Map;L\0\nexpirationt\0Ljava/util/Date;L\0refreshTokent\0?Lorg/springframework/security/oauth2/common/OAuth2RefreshToken;L\0scopet\0Ljava/util/Set;L\0	tokenTypet\0Ljava/lang/String;L\0valueq\0~\0xpsr\0java.util.LinkedHashMap4�N\\l��\0Z\0accessOrderxr\0java.util.HashMap���`�\0F\0\nloadFactorI\0	thresholdxp?@\0\0\0\0\0w\0\0\0\0\0\0t\0mobilet\0919089089068t\0\ncustomerIdsr\0java.lang.Long;��̏#�\0J\0valuexr\0java.lang.Number������\0\0xp\0\0\0\0\0��Ht\0idsr\0%java.util.Collections$UnmodifiableSet��я��U\0\0xr\0,java.util.Collections$UnmodifiableCollectionB\0��^�\0L\0ct\0Ljava/util/Collection;xpsr\0java.util.TreeSetݘP���[\0\0xpsr\0Forg.springframework.security.core.userdetails.User$AuthorityComparator\0\0\0\0\0\0�\0\0xpw\0\0\0sr\0Borg.springframework.security.core.authority.SimpleGrantedAuthority\0\0\0\0\0\0�\0L\0roleq\0~\0xpt\0ROLE_M3_END_CUSTOMERxx\0sr\0java.util.Datehj�KYt\0\0xpw\0\0`��xsr\0Lorg.springframework.security.oauth2.common.DefaultExpiringOAuth2RefreshToken/�Gc��ɷ\0L\0\nexpirationq\0~\0xr\0Dorg.springframework.security.oauth2.common.DefaultOAuth2RefreshTokens�\ncT�^\0L\0valueq\0~\0xpt\0$00a10527-ec32-46e2-9509-2150d30a7a74sq\0~\0w\0\0a;P��xsq\0~\0sr\0java.util.LinkedHashSet�l�Z��*\0\0xr\0java.util.HashSet�D�����4\0\0xpw\0\0\0?@\0\0\0\0\0t\0readxt\0bearert\0$95d9983e-4d54-4271-9c5a-b807432529a2','c2cc9216f5d7a9f5cdb230b1541bb9f4','919089089068','M3_ANDROID_CLIENT','��\0sr\0Aorg.springframework.security.oauth2.provider.OAuth2Authentication�@bR\0L\0\rstoredRequestt\0<Lorg/springframework/security/oauth2/provider/OAuth2Request;L\0userAuthenticationt\02Lorg/springframework/security/core/Authentication;xr\0Gorg.springframework.security.authentication.AbstractAuthenticationTokenӪ(~nGd\0Z\0\rauthenticatedL\0authoritiest\0Ljava/util/Collection;L\0detailst\0Ljava/lang/Object;xp\0sr\0&java.util.Collections$UnmodifiableList�%1��\0L\0listt\0Ljava/util/List;xr\0,java.util.Collections$UnmodifiableCollectionB\0��^�\0L\0cq\0~\0xpsr\0java.util.ArrayListx����a�\0I\0sizexp\0\0\0w\0\0\0sr\0Borg.springframework.security.core.authority.SimpleGrantedAuthority\0\0\0\0\0\0�\0L\0rolet\0Ljava/lang/String;xpt\0ROLE_M3_END_CUSTOMERxq\0~\0psr\0:org.springframework.security.oauth2.provider.OAuth2Request\0\0\0\0\0\0\0\0Z\0approvedL\0authoritiesq\0~\0L\0\nextensionst\0Ljava/util/Map;L\0redirectUriq\0~\0L\0refresht\0;Lorg/springframework/security/oauth2/provider/TokenRequest;L\0resourceIdst\0Ljava/util/Set;L\0\rresponseTypesq\0~\0xr\08org.springframework.security.oauth2.provider.BaseRequest6(z>�qi�\0L\0clientIdq\0~\0L\0requestParametersq\0~\0L\0scopeq\0~\0xpt\0M3_ANDROID_CLIENTsr\0%java.util.Collections$UnmodifiableMap��t�B\0L\0mq\0~\0xpsr\0java.util.HashMap���`�\0F\0\nloadFactorI\0	thresholdxp?@\0\0\0\0\0w\0\0\0\0\0\0t\0\ngrant_typet\0passwordt\0	client_idt\0M3_ANDROID_CLIENTt\0scopet\0readt\0usernamet\0919089089068xsr\0%java.util.Collections$UnmodifiableSet��я��U\0\0xq\0~\0	sr\0java.util.LinkedHashSet�l�Z��*\0\0xr\0java.util.HashSet�D�����4\0\0xpw\0\0\0?@\0\0\0\0\0q\0~\0!xsq\0~\0\'w\0\0\0?@\0\0\0\0\0sq\0~\0\rt\0ROLE_M3_END_CUSTOMERsq\0~\0\rt\0M3_END_CUSTOMER_READsq\0~\0\rt\0M3_END_CUSTOMER_WRITExsq\0~\0\Z?@\0\0\0\0\0\0w\0\0\0\0\0\0\0xppsq\0~\0\'w\0\0\0?@\0\0\0\0\0\0xsq\0~\0\'w\0\0\0?@\0\0\0\0\0\0xsr\0Oorg.springframework.security.authentication.UsernamePasswordAuthenticationToken\0\0\0\0\0\0�\0L\0credentialsq\0~\0L\0	principalq\0~\0xq\0~\0sq\0~\0sq\0~\0\0\0\0w\0\0\0q\0~\0xq\0~\06sr\0java.util.LinkedHashMap4�N\\l��\0Z\0accessOrderxq\0~\0\Z?@\0\0\0\0\0w\0\0\0\0\0\0q\0~\0q\0~\0q\0~\0 q\0~\0!t\0\rclient_secrett\0android-m3-kouchan-secretq\0~\0q\0~\0q\0~\0\"q\0~\0#x\0psr\02org.springframework.security.core.userdetails.User\0\0\0\0\0\0�\0Z\0accountNonExpiredZ\0accountNonLockedZ\0credentialsNonExpiredZ\0enabledL\0authoritiesq\0~\0L\0passwordq\0~\0L\0usernameq\0~\0xpsq\0~\0$sr\0java.util.TreeSetݘP���[\0\0xpsr\0Forg.springframework.security.core.userdetails.User$AuthorityComparator\0\0\0\0\0\0�\0\0xpw\0\0\0q\0~\0xpt\0919089089068','9e49070c8f7396a4a4319dfb41d0c62f'),('1a0007a96923914cb8616ccc4e767279','��\0sr\0Corg.springframework.security.oauth2.common.DefaultOAuth2AccessToken��6$��\0L\0additionalInformationt\0Ljava/util/Map;L\0\nexpirationt\0Ljava/util/Date;L\0refreshTokent\0?Lorg/springframework/security/oauth2/common/OAuth2RefreshToken;L\0scopet\0Ljava/util/Set;L\0	tokenTypet\0Ljava/lang/String;L\0valueq\0~\0xpsr\0java.util.LinkedHashMap4�N\\l��\0Z\0accessOrderxr\0java.util.HashMap���`�\0F\0\nloadFactorI\0	thresholdxp?@\0\0\0\0\0w\0\0\0\0\0\0t\0mobilet\0918785478485t\0\ncustomerIdsr\0java.lang.Long;��̏#�\0J\0valuexr\0java.lang.Number������\0\0xp\0\0\0\0\0��Yt\0idsr\0%java.util.Collections$UnmodifiableSet��я��U\0\0xr\0,java.util.Collections$UnmodifiableCollectionB\0��^�\0L\0ct\0Ljava/util/Collection;xpsr\0java.util.TreeSetݘP���[\0\0xpsr\0Forg.springframework.security.core.userdetails.User$AuthorityComparator\0\0\0\0\0\0�\0\0xpw\0\0\0sr\0Borg.springframework.security.core.authority.SimpleGrantedAuthority\0\0\0\0\0\0�\0L\0roleq\0~\0xpt\0ROLE_M3_END_CUSTOMERxx\0sr\0java.util.Datehj�KYt\0\0xpw\0\0`2��,xsr\0Lorg.springframework.security.oauth2.common.DefaultExpiringOAuth2RefreshToken/�Gc��ɷ\0L\0\nexpirationq\0~\0xr\0Dorg.springframework.security.oauth2.common.DefaultOAuth2RefreshTokens�\ncT�^\0L\0valueq\0~\0xpt\0$aa2361c9-259b-475b-ada9-39851111a757sq\0~\0w\0\0`D�Lxsq\0~\0sr\0java.util.LinkedHashSet�l�Z��*\0\0xr\0java.util.HashSet�D�����4\0\0xpw\0\0\0?@\0\0\0\0\0t\0readxt\0bearert\0$b469cb15-ddc8-415f-bd25-03d5615b9997','ca2b8ed796d8b3cd419ede5ddcb85053','918785478485','M3_ANDROID_CLIENT','��\0sr\0Aorg.springframework.security.oauth2.provider.OAuth2Authentication�@bR\0L\0\rstoredRequestt\0<Lorg/springframework/security/oauth2/provider/OAuth2Request;L\0userAuthenticationt\02Lorg/springframework/security/core/Authentication;xr\0Gorg.springframework.security.authentication.AbstractAuthenticationTokenӪ(~nGd\0Z\0\rauthenticatedL\0authoritiest\0Ljava/util/Collection;L\0detailst\0Ljava/lang/Object;xp\0sr\0&java.util.Collections$UnmodifiableList�%1��\0L\0listt\0Ljava/util/List;xr\0,java.util.Collections$UnmodifiableCollectionB\0��^�\0L\0cq\0~\0xpsr\0java.util.ArrayListx����a�\0I\0sizexp\0\0\0w\0\0\0sr\0Borg.springframework.security.core.authority.SimpleGrantedAuthority\0\0\0\0\0\0�\0L\0rolet\0Ljava/lang/String;xpt\0ROLE_M3_END_CUSTOMERxq\0~\0psr\0:org.springframework.security.oauth2.provider.OAuth2Request\0\0\0\0\0\0\0\0Z\0approvedL\0authoritiesq\0~\0L\0\nextensionst\0Ljava/util/Map;L\0redirectUriq\0~\0L\0refresht\0;Lorg/springframework/security/oauth2/provider/TokenRequest;L\0resourceIdst\0Ljava/util/Set;L\0\rresponseTypesq\0~\0xr\08org.springframework.security.oauth2.provider.BaseRequest6(z>�qi�\0L\0clientIdq\0~\0L\0requestParametersq\0~\0L\0scopeq\0~\0xpt\0M3_ANDROID_CLIENTsr\0%java.util.Collections$UnmodifiableMap��t�B\0L\0mq\0~\0xpsr\0java.util.HashMap���`�\0F\0\nloadFactorI\0	thresholdxp?@\0\0\0\0\0w\0\0\0\0\0\0t\0\ngrant_typet\0passwordt\0	client_idt\0M3_ANDROID_CLIENTt\0scopet\0readt\0usernamet\0918785478485xsr\0%java.util.Collections$UnmodifiableSet��я��U\0\0xq\0~\0	sr\0java.util.LinkedHashSet�l�Z��*\0\0xr\0java.util.HashSet�D�����4\0\0xpw\0\0\0?@\0\0\0\0\0q\0~\0!xsq\0~\0\'w\0\0\0?@\0\0\0\0\0sq\0~\0\rt\0ROLE_M3_END_CUSTOMERsq\0~\0\rt\0M3_END_CUSTOMER_READsq\0~\0\rt\0M3_END_CUSTOMER_WRITExsq\0~\0\Z?@\0\0\0\0\0\0w\0\0\0\0\0\0\0xppsq\0~\0\'w\0\0\0?@\0\0\0\0\0\0xsq\0~\0\'w\0\0\0?@\0\0\0\0\0\0xsr\0Oorg.springframework.security.authentication.UsernamePasswordAuthenticationToken\0\0\0\0\0\0�\0L\0credentialsq\0~\0L\0	principalq\0~\0xq\0~\0sq\0~\0sq\0~\0\0\0\0w\0\0\0q\0~\0xq\0~\06sr\0java.util.LinkedHashMap4�N\\l��\0Z\0accessOrderxq\0~\0\Z?@\0\0\0\0\0w\0\0\0\0\0\0q\0~\0q\0~\0q\0~\0 q\0~\0!t\0\rclient_secrett\0android-m3-kouchan-secretq\0~\0q\0~\0q\0~\0\"q\0~\0#x\0psr\02org.springframework.security.core.userdetails.User\0\0\0\0\0\0�\0Z\0accountNonExpiredZ\0accountNonLockedZ\0credentialsNonExpiredZ\0enabledL\0authoritiesq\0~\0L\0passwordq\0~\0L\0usernameq\0~\0xpsq\0~\0$sr\0java.util.TreeSetݘP���[\0\0xpsr\0Forg.springframework.security.core.userdetails.User$AuthorityComparator\0\0\0\0\0\0�\0\0xpw\0\0\0q\0~\0xpt\0918785478485','d67cd08b4d4f1ceb962cb68e186512f8'),('69ef0b14d8f75cd4e2f34994349d514f','��\0sr\0Corg.springframework.security.oauth2.common.DefaultOAuth2AccessToken��6$��\0L\0additionalInformationt\0Ljava/util/Map;L\0\nexpirationt\0Ljava/util/Date;L\0refreshTokent\0?Lorg/springframework/security/oauth2/common/OAuth2RefreshToken;L\0scopet\0Ljava/util/Set;L\0	tokenTypet\0Ljava/lang/String;L\0valueq\0~\0xpsr\0java.util.LinkedHashMap4�N\\l��\0Z\0accessOrderxr\0java.util.HashMap���`�\0F\0\nloadFactorI\0	thresholdxp?@\0\0\0\0\0w\0\0\0\0\0\0t\0mobilet\0918336666666t\0\ncustomerIdsr\0java.lang.Long;��̏#�\0J\0valuexr\0java.lang.Number������\0\0xp\0\0\0\0\0��Ot\0idsr\0%java.util.Collections$UnmodifiableSet��я��U\0\0xr\0,java.util.Collections$UnmodifiableCollectionB\0��^�\0L\0ct\0Ljava/util/Collection;xpsr\0java.util.TreeSetݘP���[\0\0xpsr\0Forg.springframework.security.core.userdetails.User$AuthorityComparator\0\0\0\0\0\0�\0\0xpw\0\0\0sr\0Borg.springframework.security.core.authority.SimpleGrantedAuthority\0\0\0\0\0\0�\0L\0roleq\0~\0xpt\0ROLE_M3_END_CUSTOMERxx\0sr\0java.util.Datehj�KYt\0\0xpw\0\0`sxsr\0Lorg.springframework.security.oauth2.common.DefaultExpiringOAuth2RefreshToken/�Gc��ɷ\0L\0\nexpirationq\0~\0xr\0Dorg.springframework.security.oauth2.common.DefaultOAuth2RefreshTokens�\ncT�^\0L\0valueq\0~\0xpt\0$7cb14166-340b-446c-b573-b3df4fc7a54fsq\0~\0w\0\0TE��xsq\0~\0sr\0java.util.LinkedHashSet�l�Z��*\0\0xr\0java.util.HashSet�D�����4\0\0xpw\0\0\0?@\0\0\0\0\0t\0readxt\0bearert\0$185840ad-ed4e-4615-addb-86b2ba88f2cc','cb90d2622846a62db350e7fe27d2cf80','918336666666','M3_ANDROID_CLIENT','��\0sr\0Aorg.springframework.security.oauth2.provider.OAuth2Authentication�@bR\0L\0\rstoredRequestt\0<Lorg/springframework/security/oauth2/provider/OAuth2Request;L\0userAuthenticationt\02Lorg/springframework/security/core/Authentication;xr\0Gorg.springframework.security.authentication.AbstractAuthenticationTokenӪ(~nGd\0Z\0\rauthenticatedL\0authoritiest\0Ljava/util/Collection;L\0detailst\0Ljava/lang/Object;xp\0sr\0&java.util.Collections$UnmodifiableList�%1��\0L\0listt\0Ljava/util/List;xr\0,java.util.Collections$UnmodifiableCollectionB\0��^�\0L\0cq\0~\0xpsr\0java.util.ArrayListx����a�\0I\0sizexp\0\0\0w\0\0\0sr\0Borg.springframework.security.core.authority.SimpleGrantedAuthority\0\0\0\0\0\0�\0L\0rolet\0Ljava/lang/String;xpt\0ROLE_M3_END_CUSTOMERxq\0~\0psr\0:org.springframework.security.oauth2.provider.OAuth2Request\0\0\0\0\0\0\0\0Z\0approvedL\0authoritiesq\0~\0L\0\nextensionst\0Ljava/util/Map;L\0redirectUriq\0~\0L\0refresht\0;Lorg/springframework/security/oauth2/provider/TokenRequest;L\0resourceIdst\0Ljava/util/Set;L\0\rresponseTypesq\0~\0xr\08org.springframework.security.oauth2.provider.BaseRequest6(z>�qi�\0L\0clientIdq\0~\0L\0requestParametersq\0~\0L\0scopeq\0~\0xpt\0M3_ANDROID_CLIENTsr\0%java.util.Collections$UnmodifiableMap��t�B\0L\0mq\0~\0xpsr\0java.util.HashMap���`�\0F\0\nloadFactorI\0	thresholdxp?@\0\0\0\0\0w\0\0\0\0\0\0t\0\ngrant_typet\0passwordt\0	client_idt\0M3_ANDROID_CLIENTt\0scopet\0readt\0usernamet\0918336666666xsr\0%java.util.Collections$UnmodifiableSet��я��U\0\0xq\0~\0	sr\0java.util.LinkedHashSet�l�Z��*\0\0xr\0java.util.HashSet�D�����4\0\0xpw\0\0\0?@\0\0\0\0\0q\0~\0!xsq\0~\0\'w\0\0\0?@\0\0\0\0\0sq\0~\0\rt\0ROLE_M3_END_CUSTOMERsq\0~\0\rt\0M3_END_CUSTOMER_READsq\0~\0\rt\0M3_END_CUSTOMER_WRITExsq\0~\0\Z?@\0\0\0\0\0\0w\0\0\0\0\0\0\0xppsq\0~\0\'w\0\0\0?@\0\0\0\0\0\0xsq\0~\0\'w\0\0\0?@\0\0\0\0\0\0xsr\0Oorg.springframework.security.authentication.UsernamePasswordAuthenticationToken\0\0\0\0\0\0�\0L\0credentialsq\0~\0L\0	principalq\0~\0xq\0~\0sq\0~\0sq\0~\0\0\0\0w\0\0\0q\0~\0xq\0~\06sr\0java.util.LinkedHashMap4�N\\l��\0Z\0accessOrderxq\0~\0\Z?@\0\0\0\0\0w\0\0\0\0\0\0q\0~\0q\0~\0q\0~\0 q\0~\0!t\0\rclient_secrett\0android-m3-kouchan-secretq\0~\0q\0~\0q\0~\0\"q\0~\0#x\0psr\02org.springframework.security.core.userdetails.User\0\0\0\0\0\0�\0Z\0accountNonExpiredZ\0accountNonLockedZ\0credentialsNonExpiredZ\0enabledL\0authoritiesq\0~\0L\0passwordq\0~\0L\0usernameq\0~\0xpsq\0~\0$sr\0java.util.TreeSetݘP���[\0\0xpsr\0Forg.springframework.security.core.userdetails.User$AuthorityComparator\0\0\0\0\0\0�\0\0xpw\0\0\0q\0~\0xpt\0918336666666','f546cfb3cf80bd22150f909d406d09b9'),('51ab8939861b4ea5f7ce78581cf60a27','��\0sr\0Corg.springframework.security.oauth2.common.DefaultOAuth2AccessToken��6$��\0L\0additionalInformationt\0Ljava/util/Map;L\0\nexpirationt\0Ljava/util/Date;L\0refreshTokent\0?Lorg/springframework/security/oauth2/common/OAuth2RefreshToken;L\0scopet\0Ljava/util/Set;L\0	tokenTypet\0Ljava/lang/String;L\0valueq\0~\0xpsr\0java.util.LinkedHashMap4�N\\l��\0Z\0accessOrderxr\0java.util.HashMap���`�\0F\0\nloadFactorI\0	thresholdxp?@\0\0\0\0\0w\0\0\0\0\0\0t\0mobilet\0919739432356t\0\ncustomerIdsr\0java.lang.Long;��̏#�\0J\0valuexr\0java.lang.Number������\0\0xp\0\0\0\0\0��Ut\0idsr\0%java.util.Collections$UnmodifiableSet��я��U\0\0xr\0,java.util.Collections$UnmodifiableCollectionB\0��^�\0L\0ct\0Ljava/util/Collection;xpsr\0java.util.TreeSetݘP���[\0\0xpsr\0Forg.springframework.security.core.userdetails.User$AuthorityComparator\0\0\0\0\0\0�\0\0xpw\0\0\0sr\0Borg.springframework.security.core.authority.SimpleGrantedAuthority\0\0\0\0\0\0�\0L\0roleq\0~\0xpt\0ROLE_M3_END_CUSTOMERxx\0sr\0java.util.Datehj�KYt\0\0xpw\0\0`(xsr\0Lorg.springframework.security.oauth2.common.DefaultExpiringOAuth2RefreshToken/�Gc��ɷ\0L\0\nexpirationq\0~\0xr\0Dorg.springframework.security.oauth2.common.DefaultOAuth2RefreshTokens�\ncT�^\0L\0valueq\0~\0xpt\0$c7433f99-61a6-4ef5-88df-b84064c86286sq\0~\0w\0\0T\'�Rexsq\0~\0sr\0java.util.LinkedHashSet�l�Z��*\0\0xr\0java.util.HashSet�D�����4\0\0xpw\0\0\0?@\0\0\0\0\0t\0readxt\0bearert\0$5f67c597-ab2d-45a0-8f55-6e2815a71487','cecea36e4e954833f45a7467d8b0e5c4','919739432356','M3_ANDROID_CLIENT','��\0sr\0Aorg.springframework.security.oauth2.provider.OAuth2Authentication�@bR\0L\0\rstoredRequestt\0<Lorg/springframework/security/oauth2/provider/OAuth2Request;L\0userAuthenticationt\02Lorg/springframework/security/core/Authentication;xr\0Gorg.springframework.security.authentication.AbstractAuthenticationTokenӪ(~nGd\0Z\0\rauthenticatedL\0authoritiest\0Ljava/util/Collection;L\0detailst\0Ljava/lang/Object;xp\0sr\0&java.util.Collections$UnmodifiableList�%1��\0L\0listt\0Ljava/util/List;xr\0,java.util.Collections$UnmodifiableCollectionB\0��^�\0L\0cq\0~\0xpsr\0java.util.ArrayListx����a�\0I\0sizexp\0\0\0w\0\0\0sr\0Borg.springframework.security.core.authority.SimpleGrantedAuthority\0\0\0\0\0\0�\0L\0rolet\0Ljava/lang/String;xpt\0ROLE_M3_END_CUSTOMERxq\0~\0psr\0:org.springframework.security.oauth2.provider.OAuth2Request\0\0\0\0\0\0\0\0Z\0approvedL\0authoritiesq\0~\0L\0\nextensionst\0Ljava/util/Map;L\0redirectUriq\0~\0L\0refresht\0;Lorg/springframework/security/oauth2/provider/TokenRequest;L\0resourceIdst\0Ljava/util/Set;L\0\rresponseTypesq\0~\0xr\08org.springframework.security.oauth2.provider.BaseRequest6(z>�qi�\0L\0clientIdq\0~\0L\0requestParametersq\0~\0L\0scopeq\0~\0xpt\0M3_ANDROID_CLIENTsr\0%java.util.Collections$UnmodifiableMap��t�B\0L\0mq\0~\0xpsr\0java.util.HashMap���`�\0F\0\nloadFactorI\0	thresholdxp?@\0\0\0\0\0w\0\0\0\0\0\0t\0\ngrant_typet\0passwordt\0	client_idt\0M3_ANDROID_CLIENTt\0scopet\0readt\0usernamet\0919739432356xsr\0%java.util.Collections$UnmodifiableSet��я��U\0\0xq\0~\0	sr\0java.util.LinkedHashSet�l�Z��*\0\0xr\0java.util.HashSet�D�����4\0\0xpw\0\0\0?@\0\0\0\0\0q\0~\0!xsq\0~\0\'w\0\0\0?@\0\0\0\0\0sq\0~\0\rt\0ROLE_M3_END_CUSTOMERsq\0~\0\rt\0M3_END_CUSTOMER_READsq\0~\0\rt\0M3_END_CUSTOMER_WRITExsq\0~\0\Z?@\0\0\0\0\0\0w\0\0\0\0\0\0\0xppsq\0~\0\'w\0\0\0?@\0\0\0\0\0\0xsq\0~\0\'w\0\0\0?@\0\0\0\0\0\0xsr\0Oorg.springframework.security.authentication.UsernamePasswordAuthenticationToken\0\0\0\0\0\0�\0L\0credentialsq\0~\0L\0	principalq\0~\0xq\0~\0sq\0~\0sq\0~\0\0\0\0w\0\0\0q\0~\0xq\0~\06sr\0java.util.LinkedHashMap4�N\\l��\0Z\0accessOrderxq\0~\0\Z?@\0\0\0\0\0w\0\0\0\0\0\0q\0~\0q\0~\0q\0~\0 q\0~\0!t\0\rclient_secrett\0android-m3-kouchan-secretq\0~\0q\0~\0q\0~\0\"q\0~\0#x\0psr\02org.springframework.security.core.userdetails.User\0\0\0\0\0\0�\0Z\0accountNonExpiredZ\0accountNonLockedZ\0credentialsNonExpiredZ\0enabledL\0authoritiesq\0~\0L\0passwordq\0~\0L\0usernameq\0~\0xpsq\0~\0$sr\0java.util.TreeSetݘP���[\0\0xpsr\0Forg.springframework.security.core.userdetails.User$AuthorityComparator\0\0\0\0\0\0�\0\0xpw\0\0\0q\0~\0xpt\0919739432356','3a0e2a51ade46527974f45fd36d13f25'),('8d16cc4d4da2dace333d5d4530751dfd','��\0sr\0Corg.springframework.security.oauth2.common.DefaultOAuth2AccessToken��6$��\0L\0additionalInformationt\0Ljava/util/Map;L\0\nexpirationt\0Ljava/util/Date;L\0refreshTokent\0?Lorg/springframework/security/oauth2/common/OAuth2RefreshToken;L\0scopet\0Ljava/util/Set;L\0	tokenTypet\0Ljava/lang/String;L\0valueq\0~\0xpsr\0java.util.LinkedHashMap4�N\\l��\0Z\0accessOrderxr\0java.util.HashMap���`�\0F\0\nloadFactorI\0	thresholdxp?@\0\0\0\0\0w\0\0\0\0\0\0t\0mobilet\0917867456983t\0\ncustomerIdsr\0java.lang.Long;��̏#�\0J\0valuexr\0java.lang.Number������\0\0xp\0\0\0\0\0��Lt\0idsr\0%java.util.Collections$UnmodifiableSet��я��U\0\0xr\0,java.util.Collections$UnmodifiableCollectionB\0��^�\0L\0ct\0Ljava/util/Collection;xpsr\0java.util.TreeSetݘP���[\0\0xpsr\0Forg.springframework.security.core.userdetails.User$AuthorityComparator\0\0\0\0\0\0�\0\0xpw\0\0\0sr\0Borg.springframework.security.core.authority.SimpleGrantedAuthority\0\0\0\0\0\0�\0L\0roleq\0~\0xpt\0ROLE_M3_END_CUSTOMERxx\0sr\0java.util.Datehj�KYt\0\0xpw\0\0`0��xsr\0Lorg.springframework.security.oauth2.common.DefaultExpiringOAuth2RefreshToken/�Gc��ɷ\0L\0\nexpirationq\0~\0xr\0Dorg.springframework.security.oauth2.common.DefaultOAuth2RefreshTokens�\ncT�^\0L\0valueq\0~\0xpt\0$f7f9e660-3f05-44e4-991f-4270280fbb4csq\0~\0w\0\0ԛ�xsq\0~\0sr\0java.util.LinkedHashSet�l�Z��*\0\0xr\0java.util.HashSet�D�����4\0\0xpw\0\0\0?@\0\0\0\0\0t\0readxt\0bearert\0$d066ea36-2be6-40b6-8977-9effd806045b','dd66fd3475c73f29b3b90fe602dfbf4e','917867456983','M3_ANDROID_CLIENT','��\0sr\0Aorg.springframework.security.oauth2.provider.OAuth2Authentication�@bR\0L\0\rstoredRequestt\0<Lorg/springframework/security/oauth2/provider/OAuth2Request;L\0userAuthenticationt\02Lorg/springframework/security/core/Authentication;xr\0Gorg.springframework.security.authentication.AbstractAuthenticationTokenӪ(~nGd\0Z\0\rauthenticatedL\0authoritiest\0Ljava/util/Collection;L\0detailst\0Ljava/lang/Object;xp\0sr\0&java.util.Collections$UnmodifiableList�%1��\0L\0listt\0Ljava/util/List;xr\0,java.util.Collections$UnmodifiableCollectionB\0��^�\0L\0cq\0~\0xpsr\0java.util.ArrayListx����a�\0I\0sizexp\0\0\0w\0\0\0sr\0Borg.springframework.security.core.authority.SimpleGrantedAuthority\0\0\0\0\0\0�\0L\0rolet\0Ljava/lang/String;xpt\0ROLE_M3_END_CUSTOMERxq\0~\0psr\0:org.springframework.security.oauth2.provider.OAuth2Request\0\0\0\0\0\0\0\0Z\0approvedL\0authoritiesq\0~\0L\0\nextensionst\0Ljava/util/Map;L\0redirectUriq\0~\0L\0refresht\0;Lorg/springframework/security/oauth2/provider/TokenRequest;L\0resourceIdst\0Ljava/util/Set;L\0\rresponseTypesq\0~\0xr\08org.springframework.security.oauth2.provider.BaseRequest6(z>�qi�\0L\0clientIdq\0~\0L\0requestParametersq\0~\0L\0scopeq\0~\0xpt\0M3_ANDROID_CLIENTsr\0%java.util.Collections$UnmodifiableMap��t�B\0L\0mq\0~\0xpsr\0java.util.HashMap���`�\0F\0\nloadFactorI\0	thresholdxp?@\0\0\0\0\0w\0\0\0\0\0\0t\0\ngrant_typet\0passwordt\0	client_idt\0M3_ANDROID_CLIENTt\0scopet\0readt\0usernamet\0917867456983xsr\0%java.util.Collections$UnmodifiableSet��я��U\0\0xq\0~\0	sr\0java.util.LinkedHashSet�l�Z��*\0\0xr\0java.util.HashSet�D�����4\0\0xpw\0\0\0?@\0\0\0\0\0q\0~\0!xsq\0~\0\'w\0\0\0?@\0\0\0\0\0sq\0~\0\rt\0ROLE_M3_END_CUSTOMERsq\0~\0\rt\0M3_END_CUSTOMER_READsq\0~\0\rt\0M3_END_CUSTOMER_WRITExsq\0~\0\Z?@\0\0\0\0\0\0w\0\0\0\0\0\0\0xppsq\0~\0\'w\0\0\0?@\0\0\0\0\0\0xsq\0~\0\'w\0\0\0?@\0\0\0\0\0\0xsr\0Oorg.springframework.security.authentication.UsernamePasswordAuthenticationToken\0\0\0\0\0\0�\0L\0credentialsq\0~\0L\0	principalq\0~\0xq\0~\0sq\0~\0sq\0~\0\0\0\0w\0\0\0q\0~\0xq\0~\06sr\0java.util.LinkedHashMap4�N\\l��\0Z\0accessOrderxq\0~\0\Z?@\0\0\0\0\0w\0\0\0\0\0\0q\0~\0q\0~\0q\0~\0 q\0~\0!t\0\rclient_secrett\0android-m3-kouchan-secretq\0~\0q\0~\0q\0~\0\"q\0~\0#x\0psr\02org.springframework.security.core.userdetails.User\0\0\0\0\0\0�\0Z\0accountNonExpiredZ\0accountNonLockedZ\0credentialsNonExpiredZ\0enabledL\0authoritiesq\0~\0L\0passwordq\0~\0L\0usernameq\0~\0xpsq\0~\0$sr\0java.util.TreeSetݘP���[\0\0xpsr\0Forg.springframework.security.core.userdetails.User$AuthorityComparator\0\0\0\0\0\0�\0\0xpw\0\0\0q\0~\0xpt\0917867456983','211d21f15f81313ca495271c1d6991fc'),('19c1ef71113f3e5be5184bec9bb1447f','��\0sr\0Corg.springframework.security.oauth2.common.DefaultOAuth2AccessToken��6$��\0L\0additionalInformationt\0Ljava/util/Map;L\0\nexpirationt\0Ljava/util/Date;L\0refreshTokent\0?Lorg/springframework/security/oauth2/common/OAuth2RefreshToken;L\0scopet\0Ljava/util/Set;L\0	tokenTypet\0Ljava/lang/String;L\0valueq\0~\0xpsr\0java.util.LinkedHashMap4�N\\l��\0Z\0accessOrderxr\0java.util.HashMap���`�\0F\0\nloadFactorI\0	thresholdxp?@\0\0\0\0\0w\0\0\0\0\0\0t\0mobilet\0917854444444t\0\ncustomerIdsr\0java.lang.Long;��̏#�\0J\0valuexr\0java.lang.Number������\0\0xp\0\0\0\0\0��Nt\0idsr\0%java.util.Collections$UnmodifiableSet��я��U\0\0xr\0,java.util.Collections$UnmodifiableCollectionB\0��^�\0L\0ct\0Ljava/util/Collection;xpsr\0java.util.TreeSetݘP���[\0\0xpsr\0Forg.springframework.security.core.userdetails.User$AuthorityComparator\0\0\0\0\0\0�\0\0xpw\0\0\0sr\0Borg.springframework.security.core.authority.SimpleGrantedAuthority\0\0\0\0\0\0�\0L\0roleq\0~\0xpt\0ROLE_M3_END_CUSTOMERxx\0sr\0java.util.Datehj�KYt\0\0xpw\0\0`L��xsr\0Lorg.springframework.security.oauth2.common.DefaultExpiringOAuth2RefreshToken/�Gc��ɷ\0L\0\nexpirationq\0~\0xr\0Dorg.springframework.security.oauth2.common.DefaultOAuth2RefreshTokens�\ncT�^\0L\0valueq\0~\0xpt\0$b225d8c4-c03d-42fa-b127-1c4224862309sq\0~\0w\0\0T&xsq\0~\0sr\0java.util.LinkedHashSet�l�Z��*\0\0xr\0java.util.HashSet�D�����4\0\0xpw\0\0\0?@\0\0\0\0\0t\0readxt\0bearert\0$d960363c-cc6b-4cb4-922b-0e8e893a8c1d','e81458f8c57ed0a43d92d29119d210cb','917854444444','M3_ANDROID_CLIENT','��\0sr\0Aorg.springframework.security.oauth2.provider.OAuth2Authentication�@bR\0L\0\rstoredRequestt\0<Lorg/springframework/security/oauth2/provider/OAuth2Request;L\0userAuthenticationt\02Lorg/springframework/security/core/Authentication;xr\0Gorg.springframework.security.authentication.AbstractAuthenticationTokenӪ(~nGd\0Z\0\rauthenticatedL\0authoritiest\0Ljava/util/Collection;L\0detailst\0Ljava/lang/Object;xp\0sr\0&java.util.Collections$UnmodifiableList�%1��\0L\0listt\0Ljava/util/List;xr\0,java.util.Collections$UnmodifiableCollectionB\0��^�\0L\0cq\0~\0xpsr\0java.util.ArrayListx����a�\0I\0sizexp\0\0\0w\0\0\0sr\0Borg.springframework.security.core.authority.SimpleGrantedAuthority\0\0\0\0\0\0�\0L\0rolet\0Ljava/lang/String;xpt\0ROLE_M3_END_CUSTOMERxq\0~\0psr\0:org.springframework.security.oauth2.provider.OAuth2Request\0\0\0\0\0\0\0\0Z\0approvedL\0authoritiesq\0~\0L\0\nextensionst\0Ljava/util/Map;L\0redirectUriq\0~\0L\0refresht\0;Lorg/springframework/security/oauth2/provider/TokenRequest;L\0resourceIdst\0Ljava/util/Set;L\0\rresponseTypesq\0~\0xr\08org.springframework.security.oauth2.provider.BaseRequest6(z>�qi�\0L\0clientIdq\0~\0L\0requestParametersq\0~\0L\0scopeq\0~\0xpt\0M3_ANDROID_CLIENTsr\0%java.util.Collections$UnmodifiableMap��t�B\0L\0mq\0~\0xpsr\0java.util.HashMap���`�\0F\0\nloadFactorI\0	thresholdxp?@\0\0\0\0\0w\0\0\0\0\0\0t\0\ngrant_typet\0passwordt\0	client_idt\0M3_ANDROID_CLIENTt\0scopet\0readt\0usernamet\0917854444444xsr\0%java.util.Collections$UnmodifiableSet��я��U\0\0xq\0~\0	sr\0java.util.LinkedHashSet�l�Z��*\0\0xr\0java.util.HashSet�D�����4\0\0xpw\0\0\0?@\0\0\0\0\0q\0~\0!xsq\0~\0\'w\0\0\0?@\0\0\0\0\0sq\0~\0\rt\0ROLE_M3_END_CUSTOMERsq\0~\0\rt\0M3_END_CUSTOMER_READsq\0~\0\rt\0M3_END_CUSTOMER_WRITExsq\0~\0\Z?@\0\0\0\0\0\0w\0\0\0\0\0\0\0xppsq\0~\0\'w\0\0\0?@\0\0\0\0\0\0xsq\0~\0\'w\0\0\0?@\0\0\0\0\0\0xsr\0Oorg.springframework.security.authentication.UsernamePasswordAuthenticationToken\0\0\0\0\0\0�\0L\0credentialsq\0~\0L\0	principalq\0~\0xq\0~\0sq\0~\0sq\0~\0\0\0\0w\0\0\0q\0~\0xq\0~\06sr\0java.util.LinkedHashMap4�N\\l��\0Z\0accessOrderxq\0~\0\Z?@\0\0\0\0\0w\0\0\0\0\0\0q\0~\0q\0~\0q\0~\0 q\0~\0!t\0\rclient_secrett\0android-m3-kouchan-secretq\0~\0q\0~\0q\0~\0\"q\0~\0#x\0psr\02org.springframework.security.core.userdetails.User\0\0\0\0\0\0�\0Z\0accountNonExpiredZ\0accountNonLockedZ\0credentialsNonExpiredZ\0enabledL\0authoritiesq\0~\0L\0passwordq\0~\0L\0usernameq\0~\0xpsq\0~\0$sr\0java.util.TreeSetݘP���[\0\0xpsr\0Forg.springframework.security.core.userdetails.User$AuthorityComparator\0\0\0\0\0\0�\0\0xpw\0\0\0q\0~\0xpt\0917854444444','1090e8cd70eb4d766bf70bd9a1607e72'),('1964be6b68e0bf37721fdd017294357c','��\0sr\0Corg.springframework.security.oauth2.common.DefaultOAuth2AccessToken��6$��\0L\0additionalInformationt\0Ljava/util/Map;L\0\nexpirationt\0Ljava/util/Date;L\0refreshTokent\0?Lorg/springframework/security/oauth2/common/OAuth2RefreshToken;L\0scopet\0Ljava/util/Set;L\0	tokenTypet\0Ljava/lang/String;L\0valueq\0~\0xpsr\0java.util.LinkedHashMap4�N\\l��\0Z\0accessOrderxr\0java.util.HashMap���`�\0F\0\nloadFactorI\0	thresholdxp?@\0\0\0\0\0w\0\0\0\0\0\0t\0mobilet\0919845573055t\0\ncustomerIdsr\0java.lang.Long;��̏#�\0J\0valuexr\0java.lang.Number������\0\0xp\0\0\0\0\0��Kt\0idsr\0%java.util.Collections$UnmodifiableSet��я��U\0\0xr\0,java.util.Collections$UnmodifiableCollectionB\0��^�\0L\0ct\0Ljava/util/Collection;xpsr\0java.util.TreeSetݘP���[\0\0xpsr\0Forg.springframework.security.core.userdetails.User$AuthorityComparator\0\0\0\0\0\0�\0\0xpw\0\0\0sr\0Borg.springframework.security.core.authority.SimpleGrantedAuthority\0\0\0\0\0\0�\0L\0roleq\0~\0xpt\0ROLE_M3_END_CUSTOMERxx\0sr\0java.util.Datehj�KYt\0\0xpw\0\0`2\'s�xsr\0Lorg.springframework.security.oauth2.common.DefaultExpiringOAuth2RefreshToken/�Gc��ɷ\0L\0\nexpirationq\0~\0xr\0Dorg.springframework.security.oauth2.common.DefaultOAuth2RefreshTokens�\ncT�^\0L\0valueq\0~\0xpt\0$6a549c05-aeb6-4c78-bddf-5124f635ec81sq\0~\0w\0\0T\'c�xsq\0~\0sr\0java.util.LinkedHashSet�l�Z��*\0\0xr\0java.util.HashSet�D�����4\0\0xpw\0\0\0?@\0\0\0\0\0t\0readxt\0bearert\0$5584ad6e-7f63-4832-b55f-c807362f9e83','f751a52d7a29e1f4b110d85671a43291','919845573055','M3_ANDROID_CLIENT','��\0sr\0Aorg.springframework.security.oauth2.provider.OAuth2Authentication�@bR\0L\0\rstoredRequestt\0<Lorg/springframework/security/oauth2/provider/OAuth2Request;L\0userAuthenticationt\02Lorg/springframework/security/core/Authentication;xr\0Gorg.springframework.security.authentication.AbstractAuthenticationTokenӪ(~nGd\0Z\0\rauthenticatedL\0authoritiest\0Ljava/util/Collection;L\0detailst\0Ljava/lang/Object;xp\0sr\0&java.util.Collections$UnmodifiableList�%1��\0L\0listt\0Ljava/util/List;xr\0,java.util.Collections$UnmodifiableCollectionB\0��^�\0L\0cq\0~\0xpsr\0java.util.ArrayListx����a�\0I\0sizexp\0\0\0w\0\0\0sr\0Borg.springframework.security.core.authority.SimpleGrantedAuthority\0\0\0\0\0\0�\0L\0rolet\0Ljava/lang/String;xpt\0ROLE_M3_END_CUSTOMERxq\0~\0psr\0:org.springframework.security.oauth2.provider.OAuth2Request\0\0\0\0\0\0\0\0Z\0approvedL\0authoritiesq\0~\0L\0\nextensionst\0Ljava/util/Map;L\0redirectUriq\0~\0L\0refresht\0;Lorg/springframework/security/oauth2/provider/TokenRequest;L\0resourceIdst\0Ljava/util/Set;L\0\rresponseTypesq\0~\0xr\08org.springframework.security.oauth2.provider.BaseRequest6(z>�qi�\0L\0clientIdq\0~\0L\0requestParametersq\0~\0L\0scopeq\0~\0xpt\0M3_ANDROID_CLIENTsr\0%java.util.Collections$UnmodifiableMap��t�B\0L\0mq\0~\0xpsr\0java.util.HashMap���`�\0F\0\nloadFactorI\0	thresholdxp?@\0\0\0\0\0w\0\0\0\0\0\0t\0fgtPasswordt\0truet\0\ngrant_typet\0passwordt\0	client_idt\0M3_ANDROID_CLIENTt\0scopet\0readt\0usernamet\0919845573055xsr\0%java.util.Collections$UnmodifiableSet��я��U\0\0xq\0~\0	sr\0java.util.LinkedHashSet�l�Z��*\0\0xr\0java.util.HashSet�D�����4\0\0xpw\0\0\0?@\0\0\0\0\0q\0~\0#xsq\0~\0)w\0\0\0?@\0\0\0\0\0sq\0~\0\rt\0ROLE_M3_END_CUSTOMERsq\0~\0\rt\0M3_END_CUSTOMER_READsq\0~\0\rt\0M3_END_CUSTOMER_WRITExsq\0~\0\Z?@\0\0\0\0\0\0w\0\0\0\0\0\0\0xppsq\0~\0)w\0\0\0?@\0\0\0\0\0\0xsq\0~\0)w\0\0\0?@\0\0\0\0\0\0xsr\0Oorg.springframework.security.authentication.UsernamePasswordAuthenticationToken\0\0\0\0\0\0�\0L\0credentialsq\0~\0L\0	principalq\0~\0xq\0~\0sq\0~\0sq\0~\0\0\0\0w\0\0\0q\0~\0xq\0~\08sr\0java.util.LinkedHashMap4�N\\l��\0Z\0accessOrderxq\0~\0\Z?@\0\0\0\0\0w\0\0\0\0\0\0q\0~\0q\0~\0q\0~\0\"q\0~\0#t\0\rclient_secrett\0android-m3-kouchan-secretq\0~\0q\0~\0q\0~\0 q\0~\0!q\0~\0$q\0~\0%x\0psr\02org.springframework.security.core.userdetails.User\0\0\0\0\0\0�\0Z\0accountNonExpiredZ\0accountNonLockedZ\0credentialsNonExpiredZ\0enabledL\0authoritiesq\0~\0L\0passwordq\0~\0L\0usernameq\0~\0xpsq\0~\0&sr\0java.util.TreeSetݘP���[\0\0xpsr\0Forg.springframework.security.core.userdetails.User$AuthorityComparator\0\0\0\0\0\0�\0\0xpw\0\0\0q\0~\0xpt\0919845573055','bc221653c977f1e77ea3ec596b3dc531'),('7dc777cb2689661a07b2689b69fd72a8','��\0sr\0Corg.springframework.security.oauth2.common.DefaultOAuth2AccessToken��6$��\0L\0additionalInformationt\0Ljava/util/Map;L\0\nexpirationt\0Ljava/util/Date;L\0refreshTokent\0?Lorg/springframework/security/oauth2/common/OAuth2RefreshToken;L\0scopet\0Ljava/util/Set;L\0	tokenTypet\0Ljava/lang/String;L\0valueq\0~\0xpsr\0java.util.LinkedHashMap4�N\\l��\0Z\0accessOrderxr\0java.util.HashMap���`�\0F\0\nloadFactorI\0	thresholdxp?@\0\0\0\0\0w\0\0\0\0\0\0t\0mobilet\0918755544444t\0\ncustomerIdsr\0java.lang.Long;��̏#�\0J\0valuexr\0java.lang.Number������\0\0xp\0\0\0\0\0��Pt\0idsr\0%java.util.Collections$UnmodifiableSet��я��U\0\0xr\0,java.util.Collections$UnmodifiableCollectionB\0��^�\0L\0ct\0Ljava/util/Collection;xpsr\0java.util.TreeSetݘP���[\0\0xpsr\0Forg.springframework.security.core.userdetails.User$AuthorityComparator\0\0\0\0\0\0�\0\0xpw\0\0\0sr\0Borg.springframework.security.core.authority.SimpleGrantedAuthority\0\0\0\0\0\0�\0L\0roleq\0~\0xpt\0ROLE_M3_END_CUSTOMERxx\0sr\0java.util.Datehj�KYt\0\0xpw\0\0`(:\0�xsr\0Lorg.springframework.security.oauth2.common.DefaultExpiringOAuth2RefreshToken/�Gc��ɷ\0L\0\nexpirationq\0~\0xr\0Dorg.springframework.security.oauth2.common.DefaultOAuth2RefreshTokens�\ncT�^\0L\0valueq\0~\0xpt\0$257f467e-1492-4fb0-b4c3-803fc6ed3784sq\0~\0w\0\0TJ�xsq\0~\0sr\0java.util.LinkedHashSet�l�Z��*\0\0xr\0java.util.HashSet�D�����4\0\0xpw\0\0\0?@\0\0\0\0\0t\0readxt\0bearert\0$1b7fff96-e678-4a30-9748-2dc2fc25a760','f9f53ce3a38f248c2085c77c07b581c5','918755544444','M3_ANDROID_CLIENT','��\0sr\0Aorg.springframework.security.oauth2.provider.OAuth2Authentication�@bR\0L\0\rstoredRequestt\0<Lorg/springframework/security/oauth2/provider/OAuth2Request;L\0userAuthenticationt\02Lorg/springframework/security/core/Authentication;xr\0Gorg.springframework.security.authentication.AbstractAuthenticationTokenӪ(~nGd\0Z\0\rauthenticatedL\0authoritiest\0Ljava/util/Collection;L\0detailst\0Ljava/lang/Object;xp\0sr\0&java.util.Collections$UnmodifiableList�%1��\0L\0listt\0Ljava/util/List;xr\0,java.util.Collections$UnmodifiableCollectionB\0��^�\0L\0cq\0~\0xpsr\0java.util.ArrayListx����a�\0I\0sizexp\0\0\0w\0\0\0sr\0Borg.springframework.security.core.authority.SimpleGrantedAuthority\0\0\0\0\0\0�\0L\0rolet\0Ljava/lang/String;xpt\0ROLE_M3_END_CUSTOMERxq\0~\0psr\0:org.springframework.security.oauth2.provider.OAuth2Request\0\0\0\0\0\0\0\0Z\0approvedL\0authoritiesq\0~\0L\0\nextensionst\0Ljava/util/Map;L\0redirectUriq\0~\0L\0refresht\0;Lorg/springframework/security/oauth2/provider/TokenRequest;L\0resourceIdst\0Ljava/util/Set;L\0\rresponseTypesq\0~\0xr\08org.springframework.security.oauth2.provider.BaseRequest6(z>�qi�\0L\0clientIdq\0~\0L\0requestParametersq\0~\0L\0scopeq\0~\0xpt\0M3_ANDROID_CLIENTsr\0%java.util.Collections$UnmodifiableMap��t�B\0L\0mq\0~\0xpsr\0java.util.HashMap���`�\0F\0\nloadFactorI\0	thresholdxp?@\0\0\0\0\0w\0\0\0\0\0\0t\0\ngrant_typet\0passwordt\0	client_idt\0M3_ANDROID_CLIENTt\0scopet\0readt\0usernamet\0918755544444xsr\0%java.util.Collections$UnmodifiableSet��я��U\0\0xq\0~\0	sr\0java.util.LinkedHashSet�l�Z��*\0\0xr\0java.util.HashSet�D�����4\0\0xpw\0\0\0?@\0\0\0\0\0q\0~\0!xsq\0~\0\'w\0\0\0?@\0\0\0\0\0sq\0~\0\rt\0ROLE_M3_END_CUSTOMERsq\0~\0\rt\0M3_END_CUSTOMER_READsq\0~\0\rt\0M3_END_CUSTOMER_WRITExsq\0~\0\Z?@\0\0\0\0\0\0w\0\0\0\0\0\0\0xpsr\09org.springframework.security.oauth2.provider.TokenRequest�*���8�\0L\0	grantTypeq\0~\0xq\0~\0t\0M3_ANDROID_CLIENTsq\0~\0sq\0~\0\Z?@\0\0\0\0\0w\0\0\0\0\0\0t\0\rrefresh_tokent\0$257f467e-1492-4fb0-b4c3-803fc6ed3784t\0\rclient_secrett\0android-m3-kouchan-secrett\0\ngrant_typet\0\rrefresh_tokent\0	client_idq\0~\03xsq\0~\0$sq\0~\0&w\0\0\0?@\0\0\0\0\0\0xq\0~\0;sq\0~\0\'w\0\0\0?@\0\0\0\0\0\0xsq\0~\0\'w\0\0\0?@\0\0\0\0\0\0xsr\0[org.springframework.security.web.authentication.preauth.PreAuthenticatedAuthenticationToken\0\0\0\0\0\0�\0L\0credentialsq\0~\0L\0	principalq\0~\0xq\0~\0sq\0~\0sq\0~\0\0\0\0w\0\0\0q\0~\0xq\0~\0Dpt\0\0sr\02org.springframework.security.core.userdetails.User\0\0\0\0\0\0�\0Z\0accountNonExpiredZ\0accountNonLockedZ\0credentialsNonExpiredZ\0enabledL\0authoritiesq\0~\0L\0passwordq\0~\0L\0usernameq\0~\0xpsq\0~\0$sr\0java.util.TreeSetݘP���[\0\0xpsr\0Forg.springframework.security.core.userdetails.User$AuthorityComparator\0\0\0\0\0\0�\0\0xpw\0\0\0q\0~\0xpt\0918755544444','04f5cc5cc57209eac082d718e72750b8');

/*Table structure for table `oauth_client_details` */

DROP TABLE IF EXISTS `oauth_client_details`;

CREATE TABLE `oauth_client_details` (
  `client_id` varchar(255) NOT NULL,
  `resource_ids` varchar(255) DEFAULT NULL,
  `client_secret` varchar(255) DEFAULT NULL,
  `scope` varchar(255) DEFAULT NULL,
  `authorized_grant_types` varchar(255) DEFAULT NULL,
  `web_server_redirect_uri` varchar(255) DEFAULT NULL,
  `authorities` varchar(255) DEFAULT NULL,
  `access_token_validity` int(11) DEFAULT NULL,
  `refresh_token_validity` int(11) DEFAULT NULL,
  `additional_information` varchar(4096) DEFAULT NULL,
  `autoapprove` varchar(255) DEFAULT NULL,
  PRIMARY KEY (`client_id`)
) ENGINE=InnoDB DEFAULT CHARSET=utf8;

/*Data for the table `oauth_client_details` */

insert  into `oauth_client_details`(`client_id`,`resource_ids`,`client_secret`,`scope`,`authorized_grant_types`,`web_server_redirect_uri`,`authorities`,`access_token_validity`,`refresh_token_validity`,`additional_information`,`autoapprove`) values ('M3_ANDROID_CLIENT',NULL,'android-m3-kouchan-secret','read,write','client-credentials,refresh_token,password',NULL,'ROLE_M3_END_CUSTOMER,M3_END_CUSTOMER_READ,M3_END_CUSTOMER_WRITE',100,500000000,NULL,'1');

/*Table structure for table `oauth_refresh_token` */

DROP TABLE IF EXISTS `oauth_refresh_token`;

CREATE TABLE `oauth_refresh_token` (
  `token_id` varchar(255) DEFAULT NULL,
  `token` mediumblob,
  `authentication` mediumblob
) ENGINE=InnoDB DEFAULT CHARSET=utf8;

/*Data for the table `oauth_refresh_token` */

insert  into `oauth_refresh_token`(`token_id`,`token`,`authentication`) values ('1090e8cd70eb4d766bf70bd9a1607e72','��\0sr\0Lorg.springframework.security.oauth2.common.DefaultExpiringOAuth2RefreshToken/�Gc��ɷ\0L\0\nexpirationt\0Ljava/util/Date;xr\0Dorg.springframework.security.oauth2.common.DefaultOAuth2RefreshTokens�\ncT�^\0L\0valuet\0Ljava/lang/String;xpt\0$b225d8c4-c03d-42fa-b127-1c4224862309sr\0java.util.Datehj�KYt\0\0xpw\0\0T&x','��\0sr\0Aorg.springframework.security.oauth2.provider.OAuth2Authentication�@bR\0L\0\rstoredRequestt\0<Lorg/springframework/security/oauth2/provider/OAuth2Request;L\0userAuthenticationt\02Lorg/springframework/security/core/Authentication;xr\0Gorg.springframework.security.authentication.AbstractAuthenticationTokenӪ(~nGd\0Z\0\rauthenticatedL\0authoritiest\0Ljava/util/Collection;L\0detailst\0Ljava/lang/Object;xp\0sr\0&java.util.Collections$UnmodifiableList�%1��\0L\0listt\0Ljava/util/List;xr\0,java.util.Collections$UnmodifiableCollectionB\0��^�\0L\0cq\0~\0xpsr\0java.util.ArrayListx����a�\0I\0sizexp\0\0\0w\0\0\0sr\0Borg.springframework.security.core.authority.SimpleGrantedAuthority\0\0\0\0\0\0�\0L\0rolet\0Ljava/lang/String;xpt\0ROLE_M3_END_CUSTOMERxq\0~\0psr\0:org.springframework.security.oauth2.provider.OAuth2Request\0\0\0\0\0\0\0\0Z\0approvedL\0authoritiesq\0~\0L\0\nextensionst\0Ljava/util/Map;L\0redirectUriq\0~\0L\0refresht\0;Lorg/springframework/security/oauth2/provider/TokenRequest;L\0resourceIdst\0Ljava/util/Set;L\0\rresponseTypesq\0~\0xr\08org.springframework.security.oauth2.provider.BaseRequest6(z>�qi�\0L\0clientIdq\0~\0L\0requestParametersq\0~\0L\0scopeq\0~\0xpt\0M3_ANDROID_CLIENTsr\0%java.util.Collections$UnmodifiableMap��t�B\0L\0mq\0~\0xpsr\0java.util.HashMap���`�\0F\0\nloadFactorI\0	thresholdxp?@\0\0\0\0\0w\0\0\0\0\0\0t\0\ngrant_typet\0passwordt\0	client_idt\0M3_ANDROID_CLIENTt\0scopet\0readt\0usernamet\0917854444444xsr\0%java.util.Collections$UnmodifiableSet��я��U\0\0xq\0~\0	sr\0java.util.LinkedHashSet�l�Z��*\0\0xr\0java.util.HashSet�D�����4\0\0xpw\0\0\0?@\0\0\0\0\0q\0~\0!xsq\0~\0\'w\0\0\0?@\0\0\0\0\0sq\0~\0\rt\0ROLE_M3_END_CUSTOMERsq\0~\0\rt\0M3_END_CUSTOMER_READsq\0~\0\rt\0M3_END_CUSTOMER_WRITExsq\0~\0\Z?@\0\0\0\0\0\0w\0\0\0\0\0\0\0xppsq\0~\0\'w\0\0\0?@\0\0\0\0\0\0xsq\0~\0\'w\0\0\0?@\0\0\0\0\0\0xsr\0Oorg.springframework.security.authentication.UsernamePasswordAuthenticationToken\0\0\0\0\0\0�\0L\0credentialsq\0~\0L\0	principalq\0~\0xq\0~\0sq\0~\0sq\0~\0\0\0\0w\0\0\0q\0~\0xq\0~\06sr\0java.util.LinkedHashMap4�N\\l��\0Z\0accessOrderxq\0~\0\Z?@\0\0\0\0\0w\0\0\0\0\0\0q\0~\0q\0~\0q\0~\0 q\0~\0!t\0\rclient_secrett\0android-m3-kouchan-secretq\0~\0q\0~\0q\0~\0\"q\0~\0#x\0psr\02org.springframework.security.core.userdetails.User\0\0\0\0\0\0�\0Z\0accountNonExpiredZ\0accountNonLockedZ\0credentialsNonExpiredZ\0enabledL\0authoritiesq\0~\0L\0passwordq\0~\0L\0usernameq\0~\0xpsq\0~\0$sr\0java.util.TreeSetݘP���[\0\0xpsr\0Forg.springframework.security.core.userdetails.User$AuthorityComparator\0\0\0\0\0\0�\0\0xpw\0\0\0q\0~\0xpt\0917854444444'),('f546cfb3cf80bd22150f909d406d09b9','��\0sr\0Lorg.springframework.security.oauth2.common.DefaultExpiringOAuth2RefreshToken/�Gc��ɷ\0L\0\nexpirationt\0Ljava/util/Date;xr\0Dorg.springframework.security.oauth2.common.DefaultOAuth2RefreshTokens�\ncT�^\0L\0valuet\0Ljava/lang/String;xpt\0$7cb14166-340b-446c-b573-b3df4fc7a54fsr\0java.util.Datehj�KYt\0\0xpw\0\0TE��x','��\0sr\0Aorg.springframework.security.oauth2.provider.OAuth2Authentication�@bR\0L\0\rstoredRequestt\0<Lorg/springframework/security/oauth2/provider/OAuth2Request;L\0userAuthenticationt\02Lorg/springframework/security/core/Authentication;xr\0Gorg.springframework.security.authentication.AbstractAuthenticationTokenӪ(~nGd\0Z\0\rauthenticatedL\0authoritiest\0Ljava/util/Collection;L\0detailst\0Ljava/lang/Object;xp\0sr\0&java.util.Collections$UnmodifiableList�%1��\0L\0listt\0Ljava/util/List;xr\0,java.util.Collections$UnmodifiableCollectionB\0��^�\0L\0cq\0~\0xpsr\0java.util.ArrayListx����a�\0I\0sizexp\0\0\0w\0\0\0sr\0Borg.springframework.security.core.authority.SimpleGrantedAuthority\0\0\0\0\0\0�\0L\0rolet\0Ljava/lang/String;xpt\0ROLE_M3_END_CUSTOMERxq\0~\0psr\0:org.springframework.security.oauth2.provider.OAuth2Request\0\0\0\0\0\0\0\0Z\0approvedL\0authoritiesq\0~\0L\0\nextensionst\0Ljava/util/Map;L\0redirectUriq\0~\0L\0refresht\0;Lorg/springframework/security/oauth2/provider/TokenRequest;L\0resourceIdst\0Ljava/util/Set;L\0\rresponseTypesq\0~\0xr\08org.springframework.security.oauth2.provider.BaseRequest6(z>�qi�\0L\0clientIdq\0~\0L\0requestParametersq\0~\0L\0scopeq\0~\0xpt\0M3_ANDROID_CLIENTsr\0%java.util.Collections$UnmodifiableMap��t�B\0L\0mq\0~\0xpsr\0java.util.HashMap���`�\0F\0\nloadFactorI\0	thresholdxp?@\0\0\0\0\0w\0\0\0\0\0\0t\0\ngrant_typet\0passwordt\0	client_idt\0M3_ANDROID_CLIENTt\0scopet\0readt\0usernamet\0918336666666xsr\0%java.util.Collections$UnmodifiableSet��я��U\0\0xq\0~\0	sr\0java.util.LinkedHashSet�l�Z��*\0\0xr\0java.util.HashSet�D�����4\0\0xpw\0\0\0?@\0\0\0\0\0q\0~\0!xsq\0~\0\'w\0\0\0?@\0\0\0\0\0sq\0~\0\rt\0ROLE_M3_END_CUSTOMERsq\0~\0\rt\0M3_END_CUSTOMER_READsq\0~\0\rt\0M3_END_CUSTOMER_WRITExsq\0~\0\Z?@\0\0\0\0\0\0w\0\0\0\0\0\0\0xppsq\0~\0\'w\0\0\0?@\0\0\0\0\0\0xsq\0~\0\'w\0\0\0?@\0\0\0\0\0\0xsr\0Oorg.springframework.security.authentication.UsernamePasswordAuthenticationToken\0\0\0\0\0\0�\0L\0credentialsq\0~\0L\0	principalq\0~\0xq\0~\0sq\0~\0sq\0~\0\0\0\0w\0\0\0q\0~\0xq\0~\06sr\0java.util.LinkedHashMap4�N\\l��\0Z\0accessOrderxq\0~\0\Z?@\0\0\0\0\0w\0\0\0\0\0\0q\0~\0q\0~\0q\0~\0 q\0~\0!t\0\rclient_secrett\0android-m3-kouchan-secretq\0~\0q\0~\0q\0~\0\"q\0~\0#x\0psr\02org.springframework.security.core.userdetails.User\0\0\0\0\0\0�\0Z\0accountNonExpiredZ\0accountNonLockedZ\0credentialsNonExpiredZ\0enabledL\0authoritiesq\0~\0L\0passwordq\0~\0L\0usernameq\0~\0xpsq\0~\0$sr\0java.util.TreeSetݘP���[\0\0xpsr\0Forg.springframework.security.core.userdetails.User$AuthorityComparator\0\0\0\0\0\0�\0\0xpw\0\0\0q\0~\0xpt\0918336666666'),('04f5cc5cc57209eac082d718e72750b8','��\0sr\0Lorg.springframework.security.oauth2.common.DefaultExpiringOAuth2RefreshToken/�Gc��ɷ\0L\0\nexpirationt\0Ljava/util/Date;xr\0Dorg.springframework.security.oauth2.common.DefaultOAuth2RefreshTokens�\ncT�^\0L\0valuet\0Ljava/lang/String;xpt\0$257f467e-1492-4fb0-b4c3-803fc6ed3784sr\0java.util.Datehj�KYt\0\0xpw\0\0TJ�x','��\0sr\0Aorg.springframework.security.oauth2.provider.OAuth2Authentication�@bR\0L\0\rstoredRequestt\0<Lorg/springframework/security/oauth2/provider/OAuth2Request;L\0userAuthenticationt\02Lorg/springframework/security/core/Authentication;xr\0Gorg.springframework.security.authentication.AbstractAuthenticationTokenӪ(~nGd\0Z\0\rauthenticatedL\0authoritiest\0Ljava/util/Collection;L\0detailst\0Ljava/lang/Object;xp\0sr\0&java.util.Collections$UnmodifiableList�%1��\0L\0listt\0Ljava/util/List;xr\0,java.util.Collections$UnmodifiableCollectionB\0��^�\0L\0cq\0~\0xpsr\0java.util.ArrayListx����a�\0I\0sizexp\0\0\0w\0\0\0sr\0Borg.springframework.security.core.authority.SimpleGrantedAuthority\0\0\0\0\0\0�\0L\0rolet\0Ljava/lang/String;xpt\0ROLE_M3_END_CUSTOMERxq\0~\0psr\0:org.springframework.security.oauth2.provider.OAuth2Request\0\0\0\0\0\0\0\0Z\0approvedL\0authoritiesq\0~\0L\0\nextensionst\0Ljava/util/Map;L\0redirectUriq\0~\0L\0refresht\0;Lorg/springframework/security/oauth2/provider/TokenRequest;L\0resourceIdst\0Ljava/util/Set;L\0\rresponseTypesq\0~\0xr\08org.springframework.security.oauth2.provider.BaseRequest6(z>�qi�\0L\0clientIdq\0~\0L\0requestParametersq\0~\0L\0scopeq\0~\0xpt\0M3_ANDROID_CLIENTsr\0%java.util.Collections$UnmodifiableMap��t�B\0L\0mq\0~\0xpsr\0java.util.HashMap���`�\0F\0\nloadFactorI\0	thresholdxp?@\0\0\0\0\0w\0\0\0\0\0\0t\0\ngrant_typet\0passwordt\0	client_idt\0M3_ANDROID_CLIENTt\0scopet\0readt\0usernamet\0918755544444xsr\0%java.util.Collections$UnmodifiableSet��я��U\0\0xq\0~\0	sr\0java.util.LinkedHashSet�l�Z��*\0\0xr\0java.util.HashSet�D�����4\0\0xpw\0\0\0?@\0\0\0\0\0q\0~\0!xsq\0~\0\'w\0\0\0?@\0\0\0\0\0sq\0~\0\rt\0ROLE_M3_END_CUSTOMERsq\0~\0\rt\0M3_END_CUSTOMER_READsq\0~\0\rt\0M3_END_CUSTOMER_WRITExsq\0~\0\Z?@\0\0\0\0\0\0w\0\0\0\0\0\0\0xppsq\0~\0\'w\0\0\0?@\0\0\0\0\0\0xsq\0~\0\'w\0\0\0?@\0\0\0\0\0\0xsr\0Oorg.springframework.security.authentication.UsernamePasswordAuthenticationToken\0\0\0\0\0\0�\0L\0credentialsq\0~\0L\0	principalq\0~\0xq\0~\0sq\0~\0sq\0~\0\0\0\0w\0\0\0q\0~\0xq\0~\06sr\0java.util.LinkedHashMap4�N\\l��\0Z\0accessOrderxq\0~\0\Z?@\0\0\0\0\0w\0\0\0\0\0\0q\0~\0q\0~\0q\0~\0 q\0~\0!t\0\rclient_secrett\0android-m3-kouchan-secretq\0~\0q\0~\0q\0~\0\"q\0~\0#x\0psr\02org.springframework.security.core.userdetails.User\0\0\0\0\0\0�\0Z\0accountNonExpiredZ\0accountNonLockedZ\0credentialsNonExpiredZ\0enabledL\0authoritiesq\0~\0L\0passwordq\0~\0L\0usernameq\0~\0xpsq\0~\0$sr\0java.util.TreeSetݘP���[\0\0xpsr\0Forg.springframework.security.core.userdetails.User$AuthorityComparator\0\0\0\0\0\0�\0\0xpw\0\0\0q\0~\0xpt\0918755544444'),('9e07fd2ff5aafbddf83718cefce03fea','��\0sr\0Lorg.springframework.security.oauth2.common.DefaultExpiringOAuth2RefreshToken/�Gc��ɷ\0L\0\nexpirationt\0Ljava/util/Date;xr\0Dorg.springframework.security.oauth2.common.DefaultOAuth2RefreshTokens�\ncT�^\0L\0valuet\0Ljava/lang/String;xpt\0$bc975b79-9efa-4086-a789-8e3e5f2971b7sr\0java.util.Datehj�KYt\0\0xpw\0\0T\'��kx','��\0sr\0Aorg.springframework.security.oauth2.provider.OAuth2Authentication�@bR\0L\0\rstoredRequestt\0<Lorg/springframework/security/oauth2/provider/OAuth2Request;L\0userAuthenticationt\02Lorg/springframework/security/core/Authentication;xr\0Gorg.springframework.security.authentication.AbstractAuthenticationTokenӪ(~nGd\0Z\0\rauthenticatedL\0authoritiest\0Ljava/util/Collection;L\0detailst\0Ljava/lang/Object;xp\0sr\0&java.util.Collections$UnmodifiableList�%1��\0L\0listt\0Ljava/util/List;xr\0,java.util.Collections$UnmodifiableCollectionB\0��^�\0L\0cq\0~\0xpsr\0java.util.ArrayListx����a�\0I\0sizexp\0\0\0w\0\0\0sr\0Borg.springframework.security.core.authority.SimpleGrantedAuthority\0\0\0\0\0\0�\0L\0rolet\0Ljava/lang/String;xpt\0ROLE_M3_END_CUSTOMERxq\0~\0psr\0:org.springframework.security.oauth2.provider.OAuth2Request\0\0\0\0\0\0\0\0Z\0approvedL\0authoritiesq\0~\0L\0\nextensionst\0Ljava/util/Map;L\0redirectUriq\0~\0L\0refresht\0;Lorg/springframework/security/oauth2/provider/TokenRequest;L\0resourceIdst\0Ljava/util/Set;L\0\rresponseTypesq\0~\0xr\08org.springframework.security.oauth2.provider.BaseRequest6(z>�qi�\0L\0clientIdq\0~\0L\0requestParametersq\0~\0L\0scopeq\0~\0xpt\0M3_ANDROID_CLIENTsr\0%java.util.Collections$UnmodifiableMap��t�B\0L\0mq\0~\0xpsr\0java.util.HashMap���`�\0F\0\nloadFactorI\0	thresholdxp?@\0\0\0\0\0w\0\0\0\0\0\0t\0\ngrant_typet\0passwordt\0	client_idt\0M3_ANDROID_CLIENTt\0scopet\0readt\0usernamet\0917600000000xsr\0%java.util.Collections$UnmodifiableSet��я��U\0\0xq\0~\0	sr\0java.util.LinkedHashSet�l�Z��*\0\0xr\0java.util.HashSet�D�����4\0\0xpw\0\0\0?@\0\0\0\0\0q\0~\0!xsq\0~\0\'w\0\0\0?@\0\0\0\0\0sq\0~\0\rt\0ROLE_M3_END_CUSTOMERsq\0~\0\rt\0M3_END_CUSTOMER_READsq\0~\0\rt\0M3_END_CUSTOMER_WRITExsq\0~\0\Z?@\0\0\0\0\0\0w\0\0\0\0\0\0\0xppsq\0~\0\'w\0\0\0?@\0\0\0\0\0\0xsq\0~\0\'w\0\0\0?@\0\0\0\0\0\0xsr\0Oorg.springframework.security.authentication.UsernamePasswordAuthenticationToken\0\0\0\0\0\0�\0L\0credentialsq\0~\0L\0	principalq\0~\0xq\0~\0sq\0~\0sq\0~\0\0\0\0w\0\0\0q\0~\0xq\0~\06sr\0java.util.LinkedHashMap4�N\\l��\0Z\0accessOrderxq\0~\0\Z?@\0\0\0\0\0w\0\0\0\0\0\0q\0~\0q\0~\0q\0~\0 q\0~\0!t\0\rclient_secrett\0android-m3-kouchan-secretq\0~\0q\0~\0q\0~\0\"q\0~\0#x\0psr\02org.springframework.security.core.userdetails.User\0\0\0\0\0\0�\0Z\0accountNonExpiredZ\0accountNonLockedZ\0credentialsNonExpiredZ\0enabledL\0authoritiesq\0~\0L\0passwordq\0~\0L\0usernameq\0~\0xpsq\0~\0$sr\0java.util.TreeSetݘP���[\0\0xpsr\0Forg.springframework.security.core.userdetails.User$AuthorityComparator\0\0\0\0\0\0�\0\0xpw\0\0\0q\0~\0xpt\0917600000000'),('b70afdbeb3e4b8e9403c126be8f506cb','��\0sr\0Lorg.springframework.security.oauth2.common.DefaultExpiringOAuth2RefreshToken/�Gc��ɷ\0L\0\nexpirationt\0Ljava/util/Date;xr\0Dorg.springframework.security.oauth2.common.DefaultOAuth2RefreshTokens�\ncT�^\0L\0valuet\0Ljava/lang/String;xpt\0$ce182472-635b-4b62-86cd-816f1be806b4sr\0java.util.Datehj�KYt\0\0xpw\0\0T\'ߍax','��\0sr\0Aorg.springframework.security.oauth2.provider.OAuth2Authentication�@bR\0L\0\rstoredRequestt\0<Lorg/springframework/security/oauth2/provider/OAuth2Request;L\0userAuthenticationt\02Lorg/springframework/security/core/Authentication;xr\0Gorg.springframework.security.authentication.AbstractAuthenticationTokenӪ(~nGd\0Z\0\rauthenticatedL\0authoritiest\0Ljava/util/Collection;L\0detailst\0Ljava/lang/Object;xp\0sr\0&java.util.Collections$UnmodifiableList�%1��\0L\0listt\0Ljava/util/List;xr\0,java.util.Collections$UnmodifiableCollectionB\0��^�\0L\0cq\0~\0xpsr\0java.util.ArrayListx����a�\0I\0sizexp\0\0\0w\0\0\0sr\0Borg.springframework.security.core.authority.SimpleGrantedAuthority\0\0\0\0\0\0�\0L\0rolet\0Ljava/lang/String;xpt\0ROLE_M3_END_CUSTOMERxq\0~\0psr\0:org.springframework.security.oauth2.provider.OAuth2Request\0\0\0\0\0\0\0\0Z\0approvedL\0authoritiesq\0~\0L\0\nextensionst\0Ljava/util/Map;L\0redirectUriq\0~\0L\0refresht\0;Lorg/springframework/security/oauth2/provider/TokenRequest;L\0resourceIdst\0Ljava/util/Set;L\0\rresponseTypesq\0~\0xr\08org.springframework.security.oauth2.provider.BaseRequest6(z>�qi�\0L\0clientIdq\0~\0L\0requestParametersq\0~\0L\0scopeq\0~\0xpt\0M3_ANDROID_CLIENTsr\0%java.util.Collections$UnmodifiableMap��t�B\0L\0mq\0~\0xpsr\0java.util.HashMap���`�\0F\0\nloadFactorI\0	thresholdxp?@\0\0\0\0\0w\0\0\0\0\0\0t\0\ngrant_typet\0passwordt\0	client_idt\0M3_ANDROID_CLIENTt\0scopet\0readt\0usernamet\0917867676868xsr\0%java.util.Collections$UnmodifiableSet��я��U\0\0xq\0~\0	sr\0java.util.LinkedHashSet�l�Z��*\0\0xr\0java.util.HashSet�D�����4\0\0xpw\0\0\0?@\0\0\0\0\0q\0~\0!xsq\0~\0\'w\0\0\0?@\0\0\0\0\0sq\0~\0\rt\0ROLE_M3_END_CUSTOMERsq\0~\0\rt\0M3_END_CUSTOMER_READsq\0~\0\rt\0M3_END_CUSTOMER_WRITExsq\0~\0\Z?@\0\0\0\0\0\0w\0\0\0\0\0\0\0xppsq\0~\0\'w\0\0\0?@\0\0\0\0\0\0xsq\0~\0\'w\0\0\0?@\0\0\0\0\0\0xsr\0Oorg.springframework.security.authentication.UsernamePasswordAuthenticationToken\0\0\0\0\0\0�\0L\0credentialsq\0~\0L\0	principalq\0~\0xq\0~\0sq\0~\0sq\0~\0\0\0\0w\0\0\0q\0~\0xq\0~\06sr\0java.util.LinkedHashMap4�N\\l��\0Z\0accessOrderxq\0~\0\Z?@\0\0\0\0\0w\0\0\0\0\0\0q\0~\0q\0~\0q\0~\0 q\0~\0!t\0\rclient_secrett\0android-m3-kouchan-secretq\0~\0q\0~\0q\0~\0\"q\0~\0#x\0psr\02org.springframework.security.core.userdetails.User\0\0\0\0\0\0�\0Z\0accountNonExpiredZ\0accountNonLockedZ\0credentialsNonExpiredZ\0enabledL\0authoritiesq\0~\0L\0passwordq\0~\0L\0usernameq\0~\0xpsq\0~\0$sr\0java.util.TreeSetݘP���[\0\0xpsr\0Forg.springframework.security.core.userdetails.User$AuthorityComparator\0\0\0\0\0\0�\0\0xpw\0\0\0q\0~\0xpt\0917867676868'),('3a0e2a51ade46527974f45fd36d13f25','��\0sr\0Lorg.springframework.security.oauth2.common.DefaultExpiringOAuth2RefreshToken/�Gc��ɷ\0L\0\nexpirationt\0Ljava/util/Date;xr\0Dorg.springframework.security.oauth2.common.DefaultOAuth2RefreshTokens�\ncT�^\0L\0valuet\0Ljava/lang/String;xpt\0$c7433f99-61a6-4ef5-88df-b84064c86286sr\0java.util.Datehj�KYt\0\0xpw\0\0T\'�Rex','��\0sr\0Aorg.springframework.security.oauth2.provider.OAuth2Authentication�@bR\0L\0\rstoredRequestt\0<Lorg/springframework/security/oauth2/provider/OAuth2Request;L\0userAuthenticationt\02Lorg/springframework/security/core/Authentication;xr\0Gorg.springframework.security.authentication.AbstractAuthenticationTokenӪ(~nGd\0Z\0\rauthenticatedL\0authoritiest\0Ljava/util/Collection;L\0detailst\0Ljava/lang/Object;xp\0sr\0&java.util.Collections$UnmodifiableList�%1��\0L\0listt\0Ljava/util/List;xr\0,java.util.Collections$UnmodifiableCollectionB\0��^�\0L\0cq\0~\0xpsr\0java.util.ArrayListx����a�\0I\0sizexp\0\0\0w\0\0\0sr\0Borg.springframework.security.core.authority.SimpleGrantedAuthority\0\0\0\0\0\0�\0L\0rolet\0Ljava/lang/String;xpt\0ROLE_M3_END_CUSTOMERxq\0~\0psr\0:org.springframework.security.oauth2.provider.OAuth2Request\0\0\0\0\0\0\0\0Z\0approvedL\0authoritiesq\0~\0L\0\nextensionst\0Ljava/util/Map;L\0redirectUriq\0~\0L\0refresht\0;Lorg/springframework/security/oauth2/provider/TokenRequest;L\0resourceIdst\0Ljava/util/Set;L\0\rresponseTypesq\0~\0xr\08org.springframework.security.oauth2.provider.BaseRequest6(z>�qi�\0L\0clientIdq\0~\0L\0requestParametersq\0~\0L\0scopeq\0~\0xpt\0M3_ANDROID_CLIENTsr\0%java.util.Collections$UnmodifiableMap��t�B\0L\0mq\0~\0xpsr\0java.util.HashMap���`�\0F\0\nloadFactorI\0	thresholdxp?@\0\0\0\0\0w\0\0\0\0\0\0t\0\ngrant_typet\0passwordt\0	client_idt\0M3_ANDROID_CLIENTt\0scopet\0readt\0usernamet\0919739432356xsr\0%java.util.Collections$UnmodifiableSet��я��U\0\0xq\0~\0	sr\0java.util.LinkedHashSet�l�Z��*\0\0xr\0java.util.HashSet�D�����4\0\0xpw\0\0\0?@\0\0\0\0\0q\0~\0!xsq\0~\0\'w\0\0\0?@\0\0\0\0\0sq\0~\0\rt\0ROLE_M3_END_CUSTOMERsq\0~\0\rt\0M3_END_CUSTOMER_READsq\0~\0\rt\0M3_END_CUSTOMER_WRITExsq\0~\0\Z?@\0\0\0\0\0\0w\0\0\0\0\0\0\0xppsq\0~\0\'w\0\0\0?@\0\0\0\0\0\0xsq\0~\0\'w\0\0\0?@\0\0\0\0\0\0xsr\0Oorg.springframework.security.authentication.UsernamePasswordAuthenticationToken\0\0\0\0\0\0�\0L\0credentialsq\0~\0L\0	principalq\0~\0xq\0~\0sq\0~\0sq\0~\0\0\0\0w\0\0\0q\0~\0xq\0~\06sr\0java.util.LinkedHashMap4�N\\l��\0Z\0accessOrderxq\0~\0\Z?@\0\0\0\0\0w\0\0\0\0\0\0q\0~\0q\0~\0q\0~\0 q\0~\0!t\0\rclient_secrett\0android-m3-kouchan-secretq\0~\0q\0~\0q\0~\0\"q\0~\0#x\0psr\02org.springframework.security.core.userdetails.User\0\0\0\0\0\0�\0Z\0accountNonExpiredZ\0accountNonLockedZ\0credentialsNonExpiredZ\0enabledL\0authoritiesq\0~\0L\0passwordq\0~\0L\0usernameq\0~\0xpsq\0~\0$sr\0java.util.TreeSetݘP���[\0\0xpsr\0Forg.springframework.security.core.userdetails.User$AuthorityComparator\0\0\0\0\0\0�\0\0xpw\0\0\0q\0~\0xpt\0919739432356'),('be2bcd9459606c45c851235395cfd017','��\0sr\0Lorg.springframework.security.oauth2.common.DefaultExpiringOAuth2RefreshToken/�Gc��ɷ\0L\0\nexpirationt\0Ljava/util/Date;xr\0Dorg.springframework.security.oauth2.common.DefaultOAuth2RefreshTokens�\ncT�^\0L\0valuet\0Ljava/lang/String;xpt\0$2798de6b-33ae-4158-b559-f3366b056146sr\0java.util.Datehj�KYt\0\0xpw\0\0aB���x','��\0sr\0Aorg.springframework.security.oauth2.provider.OAuth2Authentication�@bR\0L\0\rstoredRequestt\0<Lorg/springframework/security/oauth2/provider/OAuth2Request;L\0userAuthenticationt\02Lorg/springframework/security/core/Authentication;xr\0Gorg.springframework.security.authentication.AbstractAuthenticationTokenӪ(~nGd\0Z\0\rauthenticatedL\0authoritiest\0Ljava/util/Collection;L\0detailst\0Ljava/lang/Object;xp\0sr\0&java.util.Collections$UnmodifiableList�%1��\0L\0listt\0Ljava/util/List;xr\0,java.util.Collections$UnmodifiableCollectionB\0��^�\0L\0cq\0~\0xpsr\0java.util.ArrayListx����a�\0I\0sizexp\0\0\0w\0\0\0sr\0Borg.springframework.security.core.authority.SimpleGrantedAuthority\0\0\0\0\0\0�\0L\0rolet\0Ljava/lang/String;xpt\0ROLE_M3_END_CUSTOMERxq\0~\0psr\0:org.springframework.security.oauth2.provider.OAuth2Request\0\0\0\0\0\0\0\0Z\0approvedL\0authoritiesq\0~\0L\0\nextensionst\0Ljava/util/Map;L\0redirectUriq\0~\0L\0refresht\0;Lorg/springframework/security/oauth2/provider/TokenRequest;L\0resourceIdst\0Ljava/util/Set;L\0\rresponseTypesq\0~\0xr\08org.springframework.security.oauth2.provider.BaseRequest6(z>�qi�\0L\0clientIdq\0~\0L\0requestParametersq\0~\0L\0scopeq\0~\0xpt\0M3_ANDROID_CLIENTsr\0%java.util.Collections$UnmodifiableMap��t�B\0L\0mq\0~\0xpsr\0java.util.HashMap���`�\0F\0\nloadFactorI\0	thresholdxp?@\0\0\0\0\0w\0\0\0\0\0\0t\0fgtPasswordt\0truet\0\ngrant_typet\0passwordt\0	client_idt\0M3_ANDROID_CLIENTt\0scopet\0readt\0usernamet\0919845573055xsr\0%java.util.Collections$UnmodifiableSet��я��U\0\0xq\0~\0	sr\0java.util.LinkedHashSet�l�Z��*\0\0xr\0java.util.HashSet�D�����4\0\0xpw\0\0\0?@\0\0\0\0\0q\0~\0#xsq\0~\0)w\0\0\0?@\0\0\0\0\0sq\0~\0\rt\0ROLE_M3_END_CUSTOMERsq\0~\0\rt\0M3_END_CUSTOMER_READsq\0~\0\rt\0M3_END_CUSTOMER_WRITExsq\0~\0\Z?@\0\0\0\0\0\0w\0\0\0\0\0\0\0xppsq\0~\0)w\0\0\0?@\0\0\0\0\0\0xsq\0~\0)w\0\0\0?@\0\0\0\0\0\0xsr\0Oorg.springframework.security.authentication.UsernamePasswordAuthenticationToken\0\0\0\0\0\0�\0L\0credentialsq\0~\0L\0	principalq\0~\0xq\0~\0sq\0~\0sq\0~\0\0\0\0w\0\0\0q\0~\0xq\0~\08sr\0java.util.LinkedHashMap4�N\\l��\0Z\0accessOrderxq\0~\0\Z?@\0\0\0\0\0w\0\0\0\0\0\0q\0~\0q\0~\0q\0~\0\"q\0~\0#t\0\rclient_secrett\0android-m3-kouchan-secretq\0~\0q\0~\0q\0~\0 q\0~\0!q\0~\0$q\0~\0%x\0psr\02org.springframework.security.core.userdetails.User\0\0\0\0\0\0�\0Z\0accountNonExpiredZ\0accountNonLockedZ\0credentialsNonExpiredZ\0enabledL\0authoritiesq\0~\0L\0passwordq\0~\0L\0usernameq\0~\0xpsq\0~\0&sr\0java.util.TreeSetݘP���[\0\0xpsr\0Forg.springframework.security.core.userdetails.User$AuthorityComparator\0\0\0\0\0\0�\0\0xpw\0\0\0q\0~\0xpt\0919845573055'),('f13c68bfca64ee26564615dcc69cb884','��\0sr\0Lorg.springframework.security.oauth2.common.DefaultExpiringOAuth2RefreshToken/�Gc��ɷ\0L\0\nexpirationt\0Ljava/util/Date;xr\0Dorg.springframework.security.oauth2.common.DefaultOAuth2RefreshTokens�\ncT�^\0L\0valuet\0Ljava/lang/String;xpt\0$38aca323-3834-4093-b80e-cb3530bf0547sr\0java.util.Datehj�KYt\0\0xpw\0\0a>!Tex','��\0sr\0Aorg.springframework.security.oauth2.provider.OAuth2Authentication�@bR\0L\0\rstoredRequestt\0<Lorg/springframework/security/oauth2/provider/OAuth2Request;L\0userAuthenticationt\02Lorg/springframework/security/core/Authentication;xr\0Gorg.springframework.security.authentication.AbstractAuthenticationTokenӪ(~nGd\0Z\0\rauthenticatedL\0authoritiest\0Ljava/util/Collection;L\0detailst\0Ljava/lang/Object;xp\0sr\0&java.util.Collections$UnmodifiableList�%1��\0L\0listt\0Ljava/util/List;xr\0,java.util.Collections$UnmodifiableCollectionB\0��^�\0L\0cq\0~\0xpsr\0java.util.ArrayListx����a�\0I\0sizexp\0\0\0w\0\0\0sr\0Borg.springframework.security.core.authority.SimpleGrantedAuthority\0\0\0\0\0\0�\0L\0rolet\0Ljava/lang/String;xpt\0ROLE_M3_END_CUSTOMERxq\0~\0psr\0:org.springframework.security.oauth2.provider.OAuth2Request\0\0\0\0\0\0\0\0Z\0approvedL\0authoritiesq\0~\0L\0\nextensionst\0Ljava/util/Map;L\0redirectUriq\0~\0L\0refresht\0;Lorg/springframework/security/oauth2/provider/TokenRequest;L\0resourceIdst\0Ljava/util/Set;L\0\rresponseTypesq\0~\0xr\08org.springframework.security.oauth2.provider.BaseRequest6(z>�qi�\0L\0clientIdq\0~\0L\0requestParametersq\0~\0L\0scopeq\0~\0xpt\0M3_ANDROID_CLIENTsr\0%java.util.Collections$UnmodifiableMap��t�B\0L\0mq\0~\0xpsr\0java.util.HashMap���`�\0F\0\nloadFactorI\0	thresholdxp?@\0\0\0\0\0w\0\0\0\0\0\0t\0\ngrant_typet\0passwordt\0	client_idt\0M3_ANDROID_CLIENTt\0scopet\0readt\0usernamet\0917676060664xsr\0%java.util.Collections$UnmodifiableSet��я��U\0\0xq\0~\0	sr\0java.util.LinkedHashSet�l�Z��*\0\0xr\0java.util.HashSet�D�����4\0\0xpw\0\0\0?@\0\0\0\0\0q\0~\0!xsq\0~\0\'w\0\0\0?@\0\0\0\0\0sq\0~\0\rt\0ROLE_M3_END_CUSTOMERsq\0~\0\rt\0M3_END_CUSTOMER_READsq\0~\0\rt\0M3_END_CUSTOMER_WRITExsq\0~\0\Z?@\0\0\0\0\0\0w\0\0\0\0\0\0\0xppsq\0~\0\'w\0\0\0?@\0\0\0\0\0\0xsq\0~\0\'w\0\0\0?@\0\0\0\0\0\0xsr\0Oorg.springframework.security.authentication.UsernamePasswordAuthenticationToken\0\0\0\0\0\0�\0L\0credentialsq\0~\0L\0	principalq\0~\0xq\0~\0sq\0~\0sq\0~\0\0\0\0w\0\0\0q\0~\0xq\0~\06sr\0java.util.LinkedHashMap4�N\\l��\0Z\0accessOrderxq\0~\0\Z?@\0\0\0\0\0w\0\0\0\0\0\0q\0~\0q\0~\0q\0~\0 q\0~\0!t\0\rclient_secrett\0android-m3-kouchan-secretq\0~\0q\0~\0q\0~\0\"q\0~\0#x\0psr\02org.springframework.security.core.userdetails.User\0\0\0\0\0\0�\0Z\0accountNonExpiredZ\0accountNonLockedZ\0credentialsNonExpiredZ\0enabledL\0authoritiesq\0~\0L\0passwordq\0~\0L\0usernameq\0~\0xpsq\0~\0$sr\0java.util.TreeSetݘP���[\0\0xpsr\0Forg.springframework.security.core.userdetails.User$AuthorityComparator\0\0\0\0\0\0�\0\0xpw\0\0\0q\0~\0xpt\0917676060664'),('57e87e06154c347730bd3b15ba8dfcbb','��\0sr\0Lorg.springframework.security.oauth2.common.DefaultExpiringOAuth2RefreshToken/�Gc��ɷ\0L\0\nexpirationt\0Ljava/util/Date;xr\0Dorg.springframework.security.oauth2.common.DefaultOAuth2RefreshTokens�\ncT�^\0L\0valuet\0Ljava/lang/String;xpt\0$6a36398d-a612-435a-b788-f0127bac0dbcsr\0java.util.Datehj�KYt\0\0xpw\0\0T\'��;x','��\0sr\0Aorg.springframework.security.oauth2.provider.OAuth2Authentication�@bR\0L\0\rstoredRequestt\0<Lorg/springframework/security/oauth2/provider/OAuth2Request;L\0userAuthenticationt\02Lorg/springframework/security/core/Authentication;xr\0Gorg.springframework.security.authentication.AbstractAuthenticationTokenӪ(~nGd\0Z\0\rauthenticatedL\0authoritiest\0Ljava/util/Collection;L\0detailst\0Ljava/lang/Object;xp\0sr\0&java.util.Collections$UnmodifiableList�%1��\0L\0listt\0Ljava/util/List;xr\0,java.util.Collections$UnmodifiableCollectionB\0��^�\0L\0cq\0~\0xpsr\0java.util.ArrayListx����a�\0I\0sizexp\0\0\0w\0\0\0sr\0Borg.springframework.security.core.authority.SimpleGrantedAuthority\0\0\0\0\0\0�\0L\0rolet\0Ljava/lang/String;xpt\0ROLE_M3_END_CUSTOMERxq\0~\0psr\0:org.springframework.security.oauth2.provider.OAuth2Request\0\0\0\0\0\0\0\0Z\0approvedL\0authoritiesq\0~\0L\0\nextensionst\0Ljava/util/Map;L\0redirectUriq\0~\0L\0refresht\0;Lorg/springframework/security/oauth2/provider/TokenRequest;L\0resourceIdst\0Ljava/util/Set;L\0\rresponseTypesq\0~\0xr\08org.springframework.security.oauth2.provider.BaseRequest6(z>�qi�\0L\0clientIdq\0~\0L\0requestParametersq\0~\0L\0scopeq\0~\0xpt\0M3_ANDROID_CLIENTsr\0%java.util.Collections$UnmodifiableMap��t�B\0L\0mq\0~\0xpsr\0java.util.HashMap���`�\0F\0\nloadFactorI\0	thresholdxp?@\0\0\0\0\0w\0\0\0\0\0\0t\0\ngrant_typet\0passwordt\0	client_idt\0M3_ANDROID_CLIENTt\0scopet\0readt\0usernamet\0917500000000xsr\0%java.util.Collections$UnmodifiableSet��я��U\0\0xq\0~\0	sr\0java.util.LinkedHashSet�l�Z��*\0\0xr\0java.util.HashSet�D�����4\0\0xpw\0\0\0?@\0\0\0\0\0q\0~\0!xsq\0~\0\'w\0\0\0?@\0\0\0\0\0sq\0~\0\rt\0ROLE_M3_END_CUSTOMERsq\0~\0\rt\0M3_END_CUSTOMER_READsq\0~\0\rt\0M3_END_CUSTOMER_WRITExsq\0~\0\Z?@\0\0\0\0\0\0w\0\0\0\0\0\0\0xppsq\0~\0\'w\0\0\0?@\0\0\0\0\0\0xsq\0~\0\'w\0\0\0?@\0\0\0\0\0\0xsr\0Oorg.springframework.security.authentication.UsernamePasswordAuthenticationToken\0\0\0\0\0\0�\0L\0credentialsq\0~\0L\0	principalq\0~\0xq\0~\0sq\0~\0sq\0~\0\0\0\0w\0\0\0q\0~\0xq\0~\06sr\0java.util.LinkedHashMap4�N\\l��\0Z\0accessOrderxq\0~\0\Z?@\0\0\0\0\0w\0\0\0\0\0\0q\0~\0q\0~\0q\0~\0 q\0~\0!t\0\rclient_secrett\0android-m3-kouchan-secretq\0~\0q\0~\0q\0~\0\"q\0~\0#x\0psr\02org.springframework.security.core.userdetails.User\0\0\0\0\0\0�\0Z\0accountNonExpiredZ\0accountNonLockedZ\0credentialsNonExpiredZ\0enabledL\0authoritiesq\0~\0L\0passwordq\0~\0L\0usernameq\0~\0xpsq\0~\0$sr\0java.util.TreeSetݘP���[\0\0xpsr\0Forg.springframework.security.core.userdetails.User$AuthorityComparator\0\0\0\0\0\0�\0\0xpw\0\0\0q\0~\0xpt\0917500000000'),('669da96a202bc0f03c5d0f3ab7146959','��\0sr\0Lorg.springframework.security.oauth2.common.DefaultExpiringOAuth2RefreshToken/�Gc��ɷ\0L\0\nexpirationt\0Ljava/util/Date;xr\0Dorg.springframework.security.oauth2.common.DefaultOAuth2RefreshTokens�\ncT�^\0L\0valuet\0Ljava/lang/String;xpt\0$f6f376d1-46de-4304-8993-1936032c34eesr\0java.util.Datehj�KYt\0\0xpw\0\0T,�V@x','��\0sr\0Aorg.springframework.security.oauth2.provider.OAuth2Authentication�@bR\0L\0\rstoredRequestt\0<Lorg/springframework/security/oauth2/provider/OAuth2Request;L\0userAuthenticationt\02Lorg/springframework/security/core/Authentication;xr\0Gorg.springframework.security.authentication.AbstractAuthenticationTokenӪ(~nGd\0Z\0\rauthenticatedL\0authoritiest\0Ljava/util/Collection;L\0detailst\0Ljava/lang/Object;xp\0sr\0&java.util.Collections$UnmodifiableList�%1��\0L\0listt\0Ljava/util/List;xr\0,java.util.Collections$UnmodifiableCollectionB\0��^�\0L\0cq\0~\0xpsr\0java.util.ArrayListx����a�\0I\0sizexp\0\0\0w\0\0\0sr\0Borg.springframework.security.core.authority.SimpleGrantedAuthority\0\0\0\0\0\0�\0L\0rolet\0Ljava/lang/String;xpt\0ROLE_M3_END_CUSTOMERxq\0~\0psr\0:org.springframework.security.oauth2.provider.OAuth2Request\0\0\0\0\0\0\0\0Z\0approvedL\0authoritiesq\0~\0L\0\nextensionst\0Ljava/util/Map;L\0redirectUriq\0~\0L\0refresht\0;Lorg/springframework/security/oauth2/provider/TokenRequest;L\0resourceIdst\0Ljava/util/Set;L\0\rresponseTypesq\0~\0xr\08org.springframework.security.oauth2.provider.BaseRequest6(z>�qi�\0L\0clientIdq\0~\0L\0requestParametersq\0~\0L\0scopeq\0~\0xpt\0M3_ANDROID_CLIENTsr\0%java.util.Collections$UnmodifiableMap��t�B\0L\0mq\0~\0xpsr\0java.util.HashMap���`�\0F\0\nloadFactorI\0	thresholdxp?@\0\0\0\0\0w\0\0\0\0\0\0t\0\ngrant_typet\0passwordt\0	client_idt\0M3_ANDROID_CLIENTt\0scopet\0readt\0usernamet\0917676060664xsr\0%java.util.Collections$UnmodifiableSet��я��U\0\0xq\0~\0	sr\0java.util.LinkedHashSet�l�Z��*\0\0xr\0java.util.HashSet�D�����4\0\0xpw\0\0\0?@\0\0\0\0\0q\0~\0!xsq\0~\0\'w\0\0\0?@\0\0\0\0\0sq\0~\0\rt\0ROLE_M3_END_CUSTOMERsq\0~\0\rt\0M3_END_CUSTOMER_READsq\0~\0\rt\0M3_END_CUSTOMER_WRITExsq\0~\0\Z?@\0\0\0\0\0\0w\0\0\0\0\0\0\0xppsq\0~\0\'w\0\0\0?@\0\0\0\0\0\0xsq\0~\0\'w\0\0\0?@\0\0\0\0\0\0xsr\0Oorg.springframework.security.authentication.UsernamePasswordAuthenticationToken\0\0\0\0\0\0�\0L\0credentialsq\0~\0L\0	principalq\0~\0xq\0~\0sq\0~\0sq\0~\0\0\0\0w\0\0\0q\0~\0xq\0~\06sr\0java.util.LinkedHashMap4�N\\l��\0Z\0accessOrderxq\0~\0\Z?@\0\0\0\0\0w\0\0\0\0\0\0q\0~\0q\0~\0q\0~\0 q\0~\0!t\0\rclient_secrett\0android-m3-kouchan-secretq\0~\0q\0~\0q\0~\0\"q\0~\0#x\0psr\02org.springframework.security.core.userdetails.User\0\0\0\0\0\0�\0Z\0accountNonExpiredZ\0accountNonLockedZ\0credentialsNonExpiredZ\0enabledL\0authoritiesq\0~\0L\0passwordq\0~\0L\0usernameq\0~\0xpsq\0~\0$sr\0java.util.TreeSetݘP���[\0\0xpsr\0Forg.springframework.security.core.userdetails.User$AuthorityComparator\0\0\0\0\0\0�\0\0xpw\0\0\0q\0~\0xpt\0917676060664'),('c69fb1a84f2606b4d11151e5ccc14159','��\0sr\0Lorg.springframework.security.oauth2.common.DefaultExpiringOAuth2RefreshToken/�Gc��ɷ\0L\0\nexpirationt\0Ljava/util/Date;xr\0Dorg.springframework.security.oauth2.common.DefaultOAuth2RefreshTokens�\ncT�^\0L\0valuet\0Ljava/lang/String;xpt\0$453cba9f-ee65-4335-b7b4-04dc87f2220fsr\0java.util.Datehj�KYt\0\0xpw\0\0`.�px','��\0sr\0Aorg.springframework.security.oauth2.provider.OAuth2Authentication�@bR\0L\0\rstoredRequestt\0<Lorg/springframework/security/oauth2/provider/OAuth2Request;L\0userAuthenticationt\02Lorg/springframework/security/core/Authentication;xr\0Gorg.springframework.security.authentication.AbstractAuthenticationTokenӪ(~nGd\0Z\0\rauthenticatedL\0authoritiest\0Ljava/util/Collection;L\0detailst\0Ljava/lang/Object;xp\0sr\0&java.util.Collections$UnmodifiableList�%1��\0L\0listt\0Ljava/util/List;xr\0,java.util.Collections$UnmodifiableCollectionB\0��^�\0L\0cq\0~\0xpsr\0java.util.ArrayListx����a�\0I\0sizexp\0\0\0w\0\0\0sr\0Borg.springframework.security.core.authority.SimpleGrantedAuthority\0\0\0\0\0\0�\0L\0rolet\0Ljava/lang/String;xpt\0ROLE_M3_END_CUSTOMERxq\0~\0psr\0:org.springframework.security.oauth2.provider.OAuth2Request\0\0\0\0\0\0\0\0Z\0approvedL\0authoritiesq\0~\0L\0\nextensionst\0Ljava/util/Map;L\0redirectUriq\0~\0L\0refresht\0;Lorg/springframework/security/oauth2/provider/TokenRequest;L\0resourceIdst\0Ljava/util/Set;L\0\rresponseTypesq\0~\0xr\08org.springframework.security.oauth2.provider.BaseRequest6(z>�qi�\0L\0clientIdq\0~\0L\0requestParametersq\0~\0L\0scopeq\0~\0xpt\0M3_ANDROID_CLIENTsr\0%java.util.Collections$UnmodifiableMap��t�B\0L\0mq\0~\0xpsr\0java.util.HashMap���`�\0F\0\nloadFactorI\0	thresholdxp?@\0\0\0\0\0w\0\0\0\0\0\0t\0\ngrant_typet\0passwordt\0	client_idt\0M3_ANDROID_CLIENTt\0scopet\0readt\0usernamet\0917676060664xsr\0%java.util.Collections$UnmodifiableSet��я��U\0\0xq\0~\0	sr\0java.util.LinkedHashSet�l�Z��*\0\0xr\0java.util.HashSet�D�����4\0\0xpw\0\0\0?@\0\0\0\0\0q\0~\0!xsq\0~\0\'w\0\0\0?@\0\0\0\0\0sq\0~\0\rt\0ROLE_M3_END_CUSTOMERsq\0~\0\rt\0M3_END_CUSTOMER_READsq\0~\0\rt\0M3_END_CUSTOMER_WRITExsq\0~\0\Z?@\0\0\0\0\0\0w\0\0\0\0\0\0\0xppsq\0~\0\'w\0\0\0?@\0\0\0\0\0\0xsq\0~\0\'w\0\0\0?@\0\0\0\0\0\0xsr\0Oorg.springframework.security.authentication.UsernamePasswordAuthenticationToken\0\0\0\0\0\0�\0L\0credentialsq\0~\0L\0	principalq\0~\0xq\0~\0sq\0~\0sq\0~\0\0\0\0w\0\0\0q\0~\0xq\0~\06sr\0java.util.LinkedHashMap4�N\\l��\0Z\0accessOrderxq\0~\0\Z?@\0\0\0\0\0w\0\0\0\0\0\0q\0~\0q\0~\0q\0~\0 q\0~\0!t\0\rclient_secrett\0android-m3-kouchan-secretq\0~\0q\0~\0q\0~\0\"q\0~\0#x\0psr\02org.springframework.security.core.userdetails.User\0\0\0\0\0\0�\0Z\0accountNonExpiredZ\0accountNonLockedZ\0credentialsNonExpiredZ\0enabledL\0authoritiesq\0~\0L\0passwordq\0~\0L\0usernameq\0~\0xpsq\0~\0$sr\0java.util.TreeSetݘP���[\0\0xpsr\0Forg.springframework.security.core.userdetails.User$AuthorityComparator\0\0\0\0\0\0�\0\0xpw\0\0\0q\0~\0xpt\0917676060664'),('888943e2bd3167d777532bcd166c1886','��\0sr\0Lorg.springframework.security.oauth2.common.DefaultExpiringOAuth2RefreshToken/�Gc��ɷ\0L\0\nexpirationt\0Ljava/util/Date;xr\0Dorg.springframework.security.oauth2.common.DefaultOAuth2RefreshTokens�\ncT�^\0L\0valuet\0Ljava/lang/String;xpt\0$caa5323f-db86-4958-a6f2-1ac555c0a1cesr\0java.util.Datehj�KYt\0\0xpw\0\0`2��x','��\0sr\0Aorg.springframework.security.oauth2.provider.OAuth2Authentication�@bR\0L\0\rstoredRequestt\0<Lorg/springframework/security/oauth2/provider/OAuth2Request;L\0userAuthenticationt\02Lorg/springframework/security/core/Authentication;xr\0Gorg.springframework.security.authentication.AbstractAuthenticationTokenӪ(~nGd\0Z\0\rauthenticatedL\0authoritiest\0Ljava/util/Collection;L\0detailst\0Ljava/lang/Object;xp\0sr\0&java.util.Collections$UnmodifiableList�%1��\0L\0listt\0Ljava/util/List;xr\0,java.util.Collections$UnmodifiableCollectionB\0��^�\0L\0cq\0~\0xpsr\0java.util.ArrayListx����a�\0I\0sizexp\0\0\0w\0\0\0sr\0Borg.springframework.security.core.authority.SimpleGrantedAuthority\0\0\0\0\0\0�\0L\0rolet\0Ljava/lang/String;xpt\0ROLE_M3_END_CUSTOMERxq\0~\0psr\0:org.springframework.security.oauth2.provider.OAuth2Request\0\0\0\0\0\0\0\0Z\0approvedL\0authoritiesq\0~\0L\0\nextensionst\0Ljava/util/Map;L\0redirectUriq\0~\0L\0refresht\0;Lorg/springframework/security/oauth2/provider/TokenRequest;L\0resourceIdst\0Ljava/util/Set;L\0\rresponseTypesq\0~\0xr\08org.springframework.security.oauth2.provider.BaseRequest6(z>�qi�\0L\0clientIdq\0~\0L\0requestParametersq\0~\0L\0scopeq\0~\0xpt\0M3_ANDROID_CLIENTsr\0%java.util.Collections$UnmodifiableMap��t�B\0L\0mq\0~\0xpsr\0java.util.HashMap���`�\0F\0\nloadFactorI\0	thresholdxp?@\0\0\0\0\0w\0\0\0\0\0\0t\0fgtPasswordt\0truet\0\ngrant_typet\0passwordt\0	client_idt\0M3_ANDROID_CLIENTt\0scopet\0readt\0usernamet\0917676060664xsr\0%java.util.Collections$UnmodifiableSet��я��U\0\0xq\0~\0	sr\0java.util.LinkedHashSet�l�Z��*\0\0xr\0java.util.HashSet�D�����4\0\0xpw\0\0\0?@\0\0\0\0\0q\0~\0#xsq\0~\0)w\0\0\0?@\0\0\0\0\0sq\0~\0\rt\0ROLE_M3_END_CUSTOMERsq\0~\0\rt\0M3_END_CUSTOMER_READsq\0~\0\rt\0M3_END_CUSTOMER_WRITExsq\0~\0\Z?@\0\0\0\0\0\0w\0\0\0\0\0\0\0xppsq\0~\0)w\0\0\0?@\0\0\0\0\0\0xsq\0~\0)w\0\0\0?@\0\0\0\0\0\0xsr\0Oorg.springframework.security.authentication.UsernamePasswordAuthenticationToken\0\0\0\0\0\0�\0L\0credentialsq\0~\0L\0	principalq\0~\0xq\0~\0sq\0~\0sq\0~\0\0\0\0w\0\0\0q\0~\0xq\0~\08sr\0java.util.LinkedHashMap4�N\\l��\0Z\0accessOrderxq\0~\0\Z?@\0\0\0\0\0w\0\0\0\0\0\0q\0~\0q\0~\0q\0~\0\"q\0~\0#t\0\rclient_secrett\0android-m3-kouchan-secretq\0~\0q\0~\0q\0~\0 q\0~\0!q\0~\0$q\0~\0%x\0psr\02org.springframework.security.core.userdetails.User\0\0\0\0\0\0�\0Z\0accountNonExpiredZ\0accountNonLockedZ\0credentialsNonExpiredZ\0enabledL\0authoritiesq\0~\0L\0passwordq\0~\0L\0usernameq\0~\0xpsq\0~\0&sr\0java.util.TreeSetݘP���[\0\0xpsr\0Forg.springframework.security.core.userdetails.User$AuthorityComparator\0\0\0\0\0\0�\0\0xpw\0\0\0q\0~\0xpt\0917676060664'),('bc221653c977f1e77ea3ec596b3dc531','��\0sr\0Lorg.springframework.security.oauth2.common.DefaultExpiringOAuth2RefreshToken/�Gc��ɷ\0L\0\nexpirationt\0Ljava/util/Date;xr\0Dorg.springframework.security.oauth2.common.DefaultOAuth2RefreshTokens�\ncT�^\0L\0valuet\0Ljava/lang/String;xpt\0$6a549c05-aeb6-4c78-bddf-5124f635ec81sr\0java.util.Datehj�KYt\0\0xpw\0\0T\'c�x','��\0sr\0Aorg.springframework.security.oauth2.provider.OAuth2Authentication�@bR\0L\0\rstoredRequestt\0<Lorg/springframework/security/oauth2/provider/OAuth2Request;L\0userAuthenticationt\02Lorg/springframework/security/core/Authentication;xr\0Gorg.springframework.security.authentication.AbstractAuthenticationTokenӪ(~nGd\0Z\0\rauthenticatedL\0authoritiest\0Ljava/util/Collection;L\0detailst\0Ljava/lang/Object;xp\0sr\0&java.util.Collections$UnmodifiableList�%1��\0L\0listt\0Ljava/util/List;xr\0,java.util.Collections$UnmodifiableCollectionB\0��^�\0L\0cq\0~\0xpsr\0java.util.ArrayListx����a�\0I\0sizexp\0\0\0w\0\0\0sr\0Borg.springframework.security.core.authority.SimpleGrantedAuthority\0\0\0\0\0\0�\0L\0rolet\0Ljava/lang/String;xpt\0ROLE_M3_END_CUSTOMERxq\0~\0psr\0:org.springframework.security.oauth2.provider.OAuth2Request\0\0\0\0\0\0\0\0Z\0approvedL\0authoritiesq\0~\0L\0\nextensionst\0Ljava/util/Map;L\0redirectUriq\0~\0L\0refresht\0;Lorg/springframework/security/oauth2/provider/TokenRequest;L\0resourceIdst\0Ljava/util/Set;L\0\rresponseTypesq\0~\0xr\08org.springframework.security.oauth2.provider.BaseRequest6(z>�qi�\0L\0clientIdq\0~\0L\0requestParametersq\0~\0L\0scopeq\0~\0xpt\0M3_ANDROID_CLIENTsr\0%java.util.Collections$UnmodifiableMap��t�B\0L\0mq\0~\0xpsr\0java.util.HashMap���`�\0F\0\nloadFactorI\0	thresholdxp?@\0\0\0\0\0w\0\0\0\0\0\0t\0fgtPasswordt\0truet\0\ngrant_typet\0passwordt\0	client_idt\0M3_ANDROID_CLIENTt\0scopet\0readt\0usernamet\0919845573055xsr\0%java.util.Collections$UnmodifiableSet��я��U\0\0xq\0~\0	sr\0java.util.LinkedHashSet�l�Z��*\0\0xr\0java.util.HashSet�D�����4\0\0xpw\0\0\0?@\0\0\0\0\0q\0~\0#xsq\0~\0)w\0\0\0?@\0\0\0\0\0sq\0~\0\rt\0ROLE_M3_END_CUSTOMERsq\0~\0\rt\0M3_END_CUSTOMER_READsq\0~\0\rt\0M3_END_CUSTOMER_WRITExsq\0~\0\Z?@\0\0\0\0\0\0w\0\0\0\0\0\0\0xppsq\0~\0)w\0\0\0?@\0\0\0\0\0\0xsq\0~\0)w\0\0\0?@\0\0\0\0\0\0xsr\0Oorg.springframework.security.authentication.UsernamePasswordAuthenticationToken\0\0\0\0\0\0�\0L\0credentialsq\0~\0L\0	principalq\0~\0xq\0~\0sq\0~\0sq\0~\0\0\0\0w\0\0\0q\0~\0xq\0~\08sr\0java.util.LinkedHashMap4�N\\l��\0Z\0accessOrderxq\0~\0\Z?@\0\0\0\0\0w\0\0\0\0\0\0q\0~\0q\0~\0q\0~\0\"q\0~\0#t\0\rclient_secrett\0android-m3-kouchan-secretq\0~\0q\0~\0q\0~\0 q\0~\0!q\0~\0$q\0~\0%x\0psr\02org.springframework.security.core.userdetails.User\0\0\0\0\0\0�\0Z\0accountNonExpiredZ\0accountNonLockedZ\0credentialsNonExpiredZ\0enabledL\0authoritiesq\0~\0L\0passwordq\0~\0L\0usernameq\0~\0xpsq\0~\0&sr\0java.util.TreeSetݘP���[\0\0xpsr\0Forg.springframework.security.core.userdetails.User$AuthorityComparator\0\0\0\0\0\0�\0\0xpw\0\0\0q\0~\0xpt\0919845573055'),('7e97114fcf9c3f32a0b2b35cd6f754c2','��\0sr\0Lorg.springframework.security.oauth2.common.DefaultExpiringOAuth2RefreshToken/�Gc��ɷ\0L\0\nexpirationt\0Ljava/util/Date;xr\0Dorg.springframework.security.oauth2.common.DefaultOAuth2RefreshTokens�\ncT�^\0L\0valuet\0Ljava/lang/String;xpt\0$099aa176-1bc0-402c-ad26-e04edccdb862sr\0java.util.Datehj�KYt\0\0xpw\0\0`2)�vx','��\0sr\0Aorg.springframework.security.oauth2.provider.OAuth2Authentication�@bR\0L\0\rstoredRequestt\0<Lorg/springframework/security/oauth2/provider/OAuth2Request;L\0userAuthenticationt\02Lorg/springframework/security/core/Authentication;xr\0Gorg.springframework.security.authentication.AbstractAuthenticationTokenӪ(~nGd\0Z\0\rauthenticatedL\0authoritiest\0Ljava/util/Collection;L\0detailst\0Ljava/lang/Object;xp\0sr\0&java.util.Collections$UnmodifiableList�%1��\0L\0listt\0Ljava/util/List;xr\0,java.util.Collections$UnmodifiableCollectionB\0��^�\0L\0cq\0~\0xpsr\0java.util.ArrayListx����a�\0I\0sizexp\0\0\0w\0\0\0sr\0Borg.springframework.security.core.authority.SimpleGrantedAuthority\0\0\0\0\0\0�\0L\0rolet\0Ljava/lang/String;xpt\0ROLE_M3_END_CUSTOMERxq\0~\0psr\0:org.springframework.security.oauth2.provider.OAuth2Request\0\0\0\0\0\0\0\0Z\0approvedL\0authoritiesq\0~\0L\0\nextensionst\0Ljava/util/Map;L\0redirectUriq\0~\0L\0refresht\0;Lorg/springframework/security/oauth2/provider/TokenRequest;L\0resourceIdst\0Ljava/util/Set;L\0\rresponseTypesq\0~\0xr\08org.springframework.security.oauth2.provider.BaseRequest6(z>�qi�\0L\0clientIdq\0~\0L\0requestParametersq\0~\0L\0scopeq\0~\0xpt\0M3_ANDROID_CLIENTsr\0%java.util.Collections$UnmodifiableMap��t�B\0L\0mq\0~\0xpsr\0java.util.HashMap���`�\0F\0\nloadFactorI\0	thresholdxp?@\0\0\0\0\0w\0\0\0\0\0\0t\0fgtPasswordt\0truet\0\ngrant_typet\0passwordt\0	client_idt\0M3_ANDROID_CLIENTt\0scopet\0readt\0usernamet\0917676060664xsr\0%java.util.Collections$UnmodifiableSet��я��U\0\0xq\0~\0	sr\0java.util.LinkedHashSet�l�Z��*\0\0xr\0java.util.HashSet�D�����4\0\0xpw\0\0\0?@\0\0\0\0\0q\0~\0#xsq\0~\0)w\0\0\0?@\0\0\0\0\0sq\0~\0\rt\0ROLE_M3_END_CUSTOMERsq\0~\0\rt\0M3_END_CUSTOMER_READsq\0~\0\rt\0M3_END_CUSTOMER_WRITExsq\0~\0\Z?@\0\0\0\0\0\0w\0\0\0\0\0\0\0xppsq\0~\0)w\0\0\0?@\0\0\0\0\0\0xsq\0~\0)w\0\0\0?@\0\0\0\0\0\0xsr\0Oorg.springframework.security.authentication.UsernamePasswordAuthenticationToken\0\0\0\0\0\0�\0L\0credentialsq\0~\0L\0	principalq\0~\0xq\0~\0sq\0~\0sq\0~\0\0\0\0w\0\0\0q\0~\0xq\0~\08sr\0java.util.LinkedHashMap4�N\\l��\0Z\0accessOrderxq\0~\0\Z?@\0\0\0\0\0w\0\0\0\0\0\0q\0~\0q\0~\0q\0~\0\"q\0~\0#t\0\rclient_secrett\0android-m3-kouchan-secretq\0~\0q\0~\0q\0~\0 q\0~\0!q\0~\0$q\0~\0%x\0psr\02org.springframework.security.core.userdetails.User\0\0\0\0\0\0�\0Z\0accountNonExpiredZ\0accountNonLockedZ\0credentialsNonExpiredZ\0enabledL\0authoritiesq\0~\0L\0passwordq\0~\0L\0usernameq\0~\0xpsq\0~\0&sr\0java.util.TreeSetݘP���[\0\0xpsr\0Forg.springframework.security.core.userdetails.User$AuthorityComparator\0\0\0\0\0\0�\0\0xpw\0\0\0q\0~\0xpt\0917676060664'),('fdf27201f417bdd7d5c7f8c58bf23491','��\0sr\0Lorg.springframework.security.oauth2.common.DefaultExpiringOAuth2RefreshToken/�Gc��ɷ\0L\0\nexpirationt\0Ljava/util/Date;xr\0Dorg.springframework.security.oauth2.common.DefaultOAuth2RefreshTokens�\ncT�^\0L\0valuet\0Ljava/lang/String;xpt\0$c131d1fb-554d-4633-a2dd-b3a8288adc45sr\0java.util.Datehj�KYt\0\0xpw\0\0`Dad�x','��\0sr\0Aorg.springframework.security.oauth2.provider.OAuth2Authentication�@bR\0L\0\rstoredRequestt\0<Lorg/springframework/security/oauth2/provider/OAuth2Request;L\0userAuthenticationt\02Lorg/springframework/security/core/Authentication;xr\0Gorg.springframework.security.authentication.AbstractAuthenticationTokenӪ(~nGd\0Z\0\rauthenticatedL\0authoritiest\0Ljava/util/Collection;L\0detailst\0Ljava/lang/Object;xp\0sr\0&java.util.Collections$UnmodifiableList�%1��\0L\0listt\0Ljava/util/List;xr\0,java.util.Collections$UnmodifiableCollectionB\0��^�\0L\0cq\0~\0xpsr\0java.util.ArrayListx����a�\0I\0sizexp\0\0\0w\0\0\0sr\0Borg.springframework.security.core.authority.SimpleGrantedAuthority\0\0\0\0\0\0�\0L\0rolet\0Ljava/lang/String;xpt\0ROLE_M3_END_CUSTOMERxq\0~\0psr\0:org.springframework.security.oauth2.provider.OAuth2Request\0\0\0\0\0\0\0\0Z\0approvedL\0authoritiesq\0~\0L\0\nextensionst\0Ljava/util/Map;L\0redirectUriq\0~\0L\0refresht\0;Lorg/springframework/security/oauth2/provider/TokenRequest;L\0resourceIdst\0Ljava/util/Set;L\0\rresponseTypesq\0~\0xr\08org.springframework.security.oauth2.provider.BaseRequest6(z>�qi�\0L\0clientIdq\0~\0L\0requestParametersq\0~\0L\0scopeq\0~\0xpt\0M3_ANDROID_CLIENTsr\0%java.util.Collections$UnmodifiableMap��t�B\0L\0mq\0~\0xpsr\0java.util.HashMap���`�\0F\0\nloadFactorI\0	thresholdxp?@\0\0\0\0\0w\0\0\0\0\0\0t\0\ngrant_typet\0passwordt\0	client_idt\0M3_ANDROID_CLIENTt\0scopet\0readt\0usernamet\0919945484103xsr\0%java.util.Collections$UnmodifiableSet��я��U\0\0xq\0~\0	sr\0java.util.LinkedHashSet�l�Z��*\0\0xr\0java.util.HashSet�D�����4\0\0xpw\0\0\0?@\0\0\0\0\0q\0~\0!xsq\0~\0\'w\0\0\0?@\0\0\0\0\0sq\0~\0\rt\0ROLE_M3_END_CUSTOMERsq\0~\0\rt\0M3_END_CUSTOMER_READsq\0~\0\rt\0M3_END_CUSTOMER_WRITExsq\0~\0\Z?@\0\0\0\0\0\0w\0\0\0\0\0\0\0xppsq\0~\0\'w\0\0\0?@\0\0\0\0\0\0xsq\0~\0\'w\0\0\0?@\0\0\0\0\0\0xsr\0Oorg.springframework.security.authentication.UsernamePasswordAuthenticationToken\0\0\0\0\0\0�\0L\0credentialsq\0~\0L\0	principalq\0~\0xq\0~\0sq\0~\0sq\0~\0\0\0\0w\0\0\0q\0~\0xq\0~\06sr\0java.util.LinkedHashMap4�N\\l��\0Z\0accessOrderxq\0~\0\Z?@\0\0\0\0\0w\0\0\0\0\0\0q\0~\0q\0~\0q\0~\0 q\0~\0!t\0\rclient_secrett\0android-m3-kouchan-secretq\0~\0q\0~\0q\0~\0\"q\0~\0#x\0psr\02org.springframework.security.core.userdetails.User\0\0\0\0\0\0�\0Z\0accountNonExpiredZ\0accountNonLockedZ\0credentialsNonExpiredZ\0enabledL\0authoritiesq\0~\0L\0passwordq\0~\0L\0usernameq\0~\0xpsq\0~\0$sr\0java.util.TreeSetݘP���[\0\0xpsr\0Forg.springframework.security.core.userdetails.User$AuthorityComparator\0\0\0\0\0\0�\0\0xpw\0\0\0q\0~\0xpt\0919945484103'),('645406b3dfc4c3683b8b4b8aa4f75fd1','��\0sr\0Lorg.springframework.security.oauth2.common.DefaultExpiringOAuth2RefreshToken/�Gc��ɷ\0L\0\nexpirationt\0Ljava/util/Date;xr\0Dorg.springframework.security.oauth2.common.DefaultOAuth2RefreshTokens�\ncT�^\0L\0valuet\0Ljava/lang/String;xpt\0$15dcb18b-b421-489b-b4c9-3bf8fdadc10dsr\0java.util.Datehj�KYt\0\0xpw\0\0`D�x','��\0sr\0Aorg.springframework.security.oauth2.provider.OAuth2Authentication�@bR\0L\0\rstoredRequestt\0<Lorg/springframework/security/oauth2/provider/OAuth2Request;L\0userAuthenticationt\02Lorg/springframework/security/core/Authentication;xr\0Gorg.springframework.security.authentication.AbstractAuthenticationTokenӪ(~nGd\0Z\0\rauthenticatedL\0authoritiest\0Ljava/util/Collection;L\0detailst\0Ljava/lang/Object;xp\0sr\0&java.util.Collections$UnmodifiableList�%1��\0L\0listt\0Ljava/util/List;xr\0,java.util.Collections$UnmodifiableCollectionB\0��^�\0L\0cq\0~\0xpsr\0java.util.ArrayListx����a�\0I\0sizexp\0\0\0w\0\0\0sr\0Borg.springframework.security.core.authority.SimpleGrantedAuthority\0\0\0\0\0\0�\0L\0rolet\0Ljava/lang/String;xpt\0ROLE_M3_END_CUSTOMERxq\0~\0psr\0:org.springframework.security.oauth2.provider.OAuth2Request\0\0\0\0\0\0\0\0Z\0approvedL\0authoritiesq\0~\0L\0\nextensionst\0Ljava/util/Map;L\0redirectUriq\0~\0L\0refresht\0;Lorg/springframework/security/oauth2/provider/TokenRequest;L\0resourceIdst\0Ljava/util/Set;L\0\rresponseTypesq\0~\0xr\08org.springframework.security.oauth2.provider.BaseRequest6(z>�qi�\0L\0clientIdq\0~\0L\0requestParametersq\0~\0L\0scopeq\0~\0xpt\0M3_ANDROID_CLIENTsr\0%java.util.Collections$UnmodifiableMap��t�B\0L\0mq\0~\0xpsr\0java.util.HashMap���`�\0F\0\nloadFactorI\0	thresholdxp?@\0\0\0\0\0w\0\0\0\0\0\0t\0\ngrant_typet\0passwordt\0	client_idt\0M3_ANDROID_CLIENTt\0scopet\0readt\0usernamet\0919696969696xsr\0%java.util.Collections$UnmodifiableSet��я��U\0\0xq\0~\0	sr\0java.util.LinkedHashSet�l�Z��*\0\0xr\0java.util.HashSet�D�����4\0\0xpw\0\0\0?@\0\0\0\0\0q\0~\0!xsq\0~\0\'w\0\0\0?@\0\0\0\0\0sq\0~\0\rt\0ROLE_M3_END_CUSTOMERsq\0~\0\rt\0M3_END_CUSTOMER_READsq\0~\0\rt\0M3_END_CUSTOMER_WRITExsq\0~\0\Z?@\0\0\0\0\0\0w\0\0\0\0\0\0\0xppsq\0~\0\'w\0\0\0?@\0\0\0\0\0\0xsq\0~\0\'w\0\0\0?@\0\0\0\0\0\0xsr\0Oorg.springframework.security.authentication.UsernamePasswordAuthenticationToken\0\0\0\0\0\0�\0L\0credentialsq\0~\0L\0	principalq\0~\0xq\0~\0sq\0~\0sq\0~\0\0\0\0w\0\0\0q\0~\0xq\0~\06sr\0java.util.LinkedHashMap4�N\\l��\0Z\0accessOrderxq\0~\0\Z?@\0\0\0\0\0w\0\0\0\0\0\0q\0~\0q\0~\0q\0~\0 q\0~\0!t\0\rclient_secrett\0android-m3-kouchan-secretq\0~\0q\0~\0q\0~\0\"q\0~\0#x\0psr\02org.springframework.security.core.userdetails.User\0\0\0\0\0\0�\0Z\0accountNonExpiredZ\0accountNonLockedZ\0credentialsNonExpiredZ\0enabledL\0authoritiesq\0~\0L\0passwordq\0~\0L\0usernameq\0~\0xpsq\0~\0$sr\0java.util.TreeSetݘP���[\0\0xpsr\0Forg.springframework.security.core.userdetails.User$AuthorityComparator\0\0\0\0\0\0�\0\0xpw\0\0\0q\0~\0xpt\0919696969696'),('d67cd08b4d4f1ceb962cb68e186512f8','��\0sr\0Lorg.springframework.security.oauth2.common.DefaultExpiringOAuth2RefreshToken/�Gc��ɷ\0L\0\nexpirationt\0Ljava/util/Date;xr\0Dorg.springframework.security.oauth2.common.DefaultOAuth2RefreshTokens�\ncT�^\0L\0valuet\0Ljava/lang/String;xpt\0$aa2361c9-259b-475b-ada9-39851111a757sr\0java.util.Datehj�KYt\0\0xpw\0\0`D�Lx','��\0sr\0Aorg.springframework.security.oauth2.provider.OAuth2Authentication�@bR\0L\0\rstoredRequestt\0<Lorg/springframework/security/oauth2/provider/OAuth2Request;L\0userAuthenticationt\02Lorg/springframework/security/core/Authentication;xr\0Gorg.springframework.security.authentication.AbstractAuthenticationTokenӪ(~nGd\0Z\0\rauthenticatedL\0authoritiest\0Ljava/util/Collection;L\0detailst\0Ljava/lang/Object;xp\0sr\0&java.util.Collections$UnmodifiableList�%1��\0L\0listt\0Ljava/util/List;xr\0,java.util.Collections$UnmodifiableCollectionB\0��^�\0L\0cq\0~\0xpsr\0java.util.ArrayListx����a�\0I\0sizexp\0\0\0w\0\0\0sr\0Borg.springframework.security.core.authority.SimpleGrantedAuthority\0\0\0\0\0\0�\0L\0rolet\0Ljava/lang/String;xpt\0ROLE_M3_END_CUSTOMERxq\0~\0psr\0:org.springframework.security.oauth2.provider.OAuth2Request\0\0\0\0\0\0\0\0Z\0approvedL\0authoritiesq\0~\0L\0\nextensionst\0Ljava/util/Map;L\0redirectUriq\0~\0L\0refresht\0;Lorg/springframework/security/oauth2/provider/TokenRequest;L\0resourceIdst\0Ljava/util/Set;L\0\rresponseTypesq\0~\0xr\08org.springframework.security.oauth2.provider.BaseRequest6(z>�qi�\0L\0clientIdq\0~\0L\0requestParametersq\0~\0L\0scopeq\0~\0xpt\0M3_ANDROID_CLIENTsr\0%java.util.Collections$UnmodifiableMap��t�B\0L\0mq\0~\0xpsr\0java.util.HashMap���`�\0F\0\nloadFactorI\0	thresholdxp?@\0\0\0\0\0w\0\0\0\0\0\0t\0\ngrant_typet\0passwordt\0	client_idt\0M3_ANDROID_CLIENTt\0scopet\0readt\0usernamet\0918785478485xsr\0%java.util.Collections$UnmodifiableSet��я��U\0\0xq\0~\0	sr\0java.util.LinkedHashSet�l�Z��*\0\0xr\0java.util.HashSet�D�����4\0\0xpw\0\0\0?@\0\0\0\0\0q\0~\0!xsq\0~\0\'w\0\0\0?@\0\0\0\0\0sq\0~\0\rt\0ROLE_M3_END_CUSTOMERsq\0~\0\rt\0M3_END_CUSTOMER_READsq\0~\0\rt\0M3_END_CUSTOMER_WRITExsq\0~\0\Z?@\0\0\0\0\0\0w\0\0\0\0\0\0\0xppsq\0~\0\'w\0\0\0?@\0\0\0\0\0\0xsq\0~\0\'w\0\0\0?@\0\0\0\0\0\0xsr\0Oorg.springframework.security.authentication.UsernamePasswordAuthenticationToken\0\0\0\0\0\0�\0L\0credentialsq\0~\0L\0	principalq\0~\0xq\0~\0sq\0~\0sq\0~\0\0\0\0w\0\0\0q\0~\0xq\0~\06sr\0java.util.LinkedHashMap4�N\\l��\0Z\0accessOrderxq\0~\0\Z?@\0\0\0\0\0w\0\0\0\0\0\0q\0~\0q\0~\0q\0~\0 q\0~\0!t\0\rclient_secrett\0android-m3-kouchan-secretq\0~\0q\0~\0q\0~\0\"q\0~\0#x\0psr\02org.springframework.security.core.userdetails.User\0\0\0\0\0\0�\0Z\0accountNonExpiredZ\0accountNonLockedZ\0credentialsNonExpiredZ\0enabledL\0authoritiesq\0~\0L\0passwordq\0~\0L\0usernameq\0~\0xpsq\0~\0$sr\0java.util.TreeSetݘP���[\0\0xpsr\0Forg.springframework.security.core.userdetails.User$AuthorityComparator\0\0\0\0\0\0�\0\0xpw\0\0\0q\0~\0xpt\0918785478485'),('eeeced8f09169d71d27b9474230eb58e','��\0sr\0Lorg.springframework.security.oauth2.common.DefaultExpiringOAuth2RefreshToken/�Gc��ɷ\0L\0\nexpirationt\0Ljava/util/Date;xr\0Dorg.springframework.security.oauth2.common.DefaultOAuth2RefreshTokens�\ncT�^\0L\0valuet\0Ljava/lang/String;xpt\0$80298487-469e-4487-8b4f-5259f1787390sr\0java.util.Datehj�KYt\0\0xpw\0\0Tҷ�x','��\0sr\0Aorg.springframework.security.oauth2.provider.OAuth2Authentication�@bR\0L\0\rstoredRequestt\0<Lorg/springframework/security/oauth2/provider/OAuth2Request;L\0userAuthenticationt\02Lorg/springframework/security/core/Authentication;xr\0Gorg.springframework.security.authentication.AbstractAuthenticationTokenӪ(~nGd\0Z\0\rauthenticatedL\0authoritiest\0Ljava/util/Collection;L\0detailst\0Ljava/lang/Object;xp\0sr\0&java.util.Collections$UnmodifiableList�%1��\0L\0listt\0Ljava/util/List;xr\0,java.util.Collections$UnmodifiableCollectionB\0��^�\0L\0cq\0~\0xpsr\0java.util.ArrayListx����a�\0I\0sizexp\0\0\0w\0\0\0sr\0Borg.springframework.security.core.authority.SimpleGrantedAuthority\0\0\0\0\0\0�\0L\0rolet\0Ljava/lang/String;xpt\0ROLE_M3_END_CUSTOMERxq\0~\0psr\0:org.springframework.security.oauth2.provider.OAuth2Request\0\0\0\0\0\0\0\0Z\0approvedL\0authoritiesq\0~\0L\0\nextensionst\0Ljava/util/Map;L\0redirectUriq\0~\0L\0refresht\0;Lorg/springframework/security/oauth2/provider/TokenRequest;L\0resourceIdst\0Ljava/util/Set;L\0\rresponseTypesq\0~\0xr\08org.springframework.security.oauth2.provider.BaseRequest6(z>�qi�\0L\0clientIdq\0~\0L\0requestParametersq\0~\0L\0scopeq\0~\0xpt\0M3_ANDROID_CLIENTsr\0%java.util.Collections$UnmodifiableMap��t�B\0L\0mq\0~\0xpsr\0java.util.HashMap���`�\0F\0\nloadFactorI\0	thresholdxp?@\0\0\0\0\0w\0\0\0\0\0\0t\0\ngrant_typet\0passwordt\0	client_idt\0M3_ANDROID_CLIENTt\0scopet\0readt\0usernamet\0917867456983xsr\0%java.util.Collections$UnmodifiableSet��я��U\0\0xq\0~\0	sr\0java.util.LinkedHashSet�l�Z��*\0\0xr\0java.util.HashSet�D�����4\0\0xpw\0\0\0?@\0\0\0\0\0q\0~\0!xsq\0~\0\'w\0\0\0?@\0\0\0\0\0sq\0~\0\rt\0ROLE_M3_END_CUSTOMERsq\0~\0\rt\0M3_END_CUSTOMER_READsq\0~\0\rt\0M3_END_CUSTOMER_WRITExsq\0~\0\Z?@\0\0\0\0\0\0w\0\0\0\0\0\0\0xppsq\0~\0\'w\0\0\0?@\0\0\0\0\0\0xsq\0~\0\'w\0\0\0?@\0\0\0\0\0\0xsr\0Oorg.springframework.security.authentication.UsernamePasswordAuthenticationToken\0\0\0\0\0\0�\0L\0credentialsq\0~\0L\0	principalq\0~\0xq\0~\0sq\0~\0sq\0~\0\0\0\0w\0\0\0q\0~\0xq\0~\06sr\0java.util.LinkedHashMap4�N\\l��\0Z\0accessOrderxq\0~\0\Z?@\0\0\0\0\0w\0\0\0\0\0\0q\0~\0q\0~\0q\0~\0 q\0~\0!t\0\rclient_secrett\0android-m3-kouchan-secretq\0~\0q\0~\0q\0~\0\"q\0~\0#x\0psr\02org.springframework.security.core.userdetails.User\0\0\0\0\0\0�\0Z\0accountNonExpiredZ\0accountNonLockedZ\0credentialsNonExpiredZ\0enabledL\0authoritiesq\0~\0L\0passwordq\0~\0L\0usernameq\0~\0xpsq\0~\0$sr\0java.util.TreeSetݘP���[\0\0xpsr\0Forg.springframework.security.core.userdetails.User$AuthorityComparator\0\0\0\0\0\0�\0\0xpw\0\0\0q\0~\0xpt\0917867456983'),('ec4b8e8dead049baff76492ba4ef2e32','��\0sr\0Lorg.springframework.security.oauth2.common.DefaultExpiringOAuth2RefreshToken/�Gc��ɷ\0L\0\nexpirationt\0Ljava/util/Date;xr\0Dorg.springframework.security.oauth2.common.DefaultOAuth2RefreshTokens�\ncT�^\0L\0valuet\0Ljava/lang/String;xpt\0$01027009-5f31-4a65-9c3a-46d427c94d21sr\0java.util.Datehj�KYt\0\0xpw\0\0Ԛ���x','��\0sr\0Aorg.springframework.security.oauth2.provider.OAuth2Authentication�@bR\0L\0\rstoredRequestt\0<Lorg/springframework/security/oauth2/provider/OAuth2Request;L\0userAuthenticationt\02Lorg/springframework/security/core/Authentication;xr\0Gorg.springframework.security.authentication.AbstractAuthenticationTokenӪ(~nGd\0Z\0\rauthenticatedL\0authoritiest\0Ljava/util/Collection;L\0detailst\0Ljava/lang/Object;xp\0sr\0&java.util.Collections$UnmodifiableList�%1��\0L\0listt\0Ljava/util/List;xr\0,java.util.Collections$UnmodifiableCollectionB\0��^�\0L\0cq\0~\0xpsr\0java.util.ArrayListx����a�\0I\0sizexp\0\0\0w\0\0\0sr\0Borg.springframework.security.core.authority.SimpleGrantedAuthority\0\0\0\0\0\0�\0L\0rolet\0Ljava/lang/String;xpt\0ROLE_M3_END_CUSTOMERxq\0~\0psr\0:org.springframework.security.oauth2.provider.OAuth2Request\0\0\0\0\0\0\0\0Z\0approvedL\0authoritiesq\0~\0L\0\nextensionst\0Ljava/util/Map;L\0redirectUriq\0~\0L\0refresht\0;Lorg/springframework/security/oauth2/provider/TokenRequest;L\0resourceIdst\0Ljava/util/Set;L\0\rresponseTypesq\0~\0xr\08org.springframework.security.oauth2.provider.BaseRequest6(z>�qi�\0L\0clientIdq\0~\0L\0requestParametersq\0~\0L\0scopeq\0~\0xpt\0M3_ANDROID_CLIENTsr\0%java.util.Collections$UnmodifiableMap��t�B\0L\0mq\0~\0xpsr\0java.util.HashMap���`�\0F\0\nloadFactorI\0	thresholdxp?@\0\0\0\0\0w\0\0\0\0\0\0t\0\ngrant_typet\0passwordt\0	client_idt\0M3_ANDROID_CLIENTt\0scopet\0readt\0usernamet\0917867456983xsr\0%java.util.Collections$UnmodifiableSet��я��U\0\0xq\0~\0	sr\0java.util.LinkedHashSet�l�Z��*\0\0xr\0java.util.HashSet�D�����4\0\0xpw\0\0\0?@\0\0\0\0\0q\0~\0!xsq\0~\0\'w\0\0\0?@\0\0\0\0\0sq\0~\0\rt\0ROLE_M3_END_CUSTOMERsq\0~\0\rt\0M3_END_CUSTOMER_READsq\0~\0\rt\0M3_END_CUSTOMER_WRITExsq\0~\0\Z?@\0\0\0\0\0\0w\0\0\0\0\0\0\0xppsq\0~\0\'w\0\0\0?@\0\0\0\0\0\0xsq\0~\0\'w\0\0\0?@\0\0\0\0\0\0xsr\0Oorg.springframework.security.authentication.UsernamePasswordAuthenticationToken\0\0\0\0\0\0�\0L\0credentialsq\0~\0L\0	principalq\0~\0xq\0~\0sq\0~\0sq\0~\0\0\0\0w\0\0\0q\0~\0xq\0~\06sr\0java.util.LinkedHashMap4�N\\l��\0Z\0accessOrderxq\0~\0\Z?@\0\0\0\0\0w\0\0\0\0\0\0q\0~\0q\0~\0q\0~\0 q\0~\0!t\0\rclient_secrett\0android-m3-kouchan-secretq\0~\0q\0~\0q\0~\0\"q\0~\0#x\0psr\02org.springframework.security.core.userdetails.User\0\0\0\0\0\0�\0Z\0accountNonExpiredZ\0accountNonLockedZ\0credentialsNonExpiredZ\0enabledL\0authoritiesq\0~\0L\0passwordq\0~\0L\0usernameq\0~\0xpsq\0~\0$sr\0java.util.TreeSetݘP���[\0\0xpsr\0Forg.springframework.security.core.userdetails.User$AuthorityComparator\0\0\0\0\0\0�\0\0xpw\0\0\0q\0~\0xpt\0917867456983'),('211d21f15f81313ca495271c1d6991fc','��\0sr\0Lorg.springframework.security.oauth2.common.DefaultExpiringOAuth2RefreshToken/�Gc��ɷ\0L\0\nexpirationt\0Ljava/util/Date;xr\0Dorg.springframework.security.oauth2.common.DefaultOAuth2RefreshTokens�\ncT�^\0L\0valuet\0Ljava/lang/String;xpt\0$f7f9e660-3f05-44e4-991f-4270280fbb4csr\0java.util.Datehj�KYt\0\0xpw\0\0ԛ�x','��\0sr\0Aorg.springframework.security.oauth2.provider.OAuth2Authentication�@bR\0L\0\rstoredRequestt\0<Lorg/springframework/security/oauth2/provider/OAuth2Request;L\0userAuthenticationt\02Lorg/springframework/security/core/Authentication;xr\0Gorg.springframework.security.authentication.AbstractAuthenticationTokenӪ(~nGd\0Z\0\rauthenticatedL\0authoritiest\0Ljava/util/Collection;L\0detailst\0Ljava/lang/Object;xp\0sr\0&java.util.Collections$UnmodifiableList�%1��\0L\0listt\0Ljava/util/List;xr\0,java.util.Collections$UnmodifiableCollectionB\0��^�\0L\0cq\0~\0xpsr\0java.util.ArrayListx����a�\0I\0sizexp\0\0\0w\0\0\0sr\0Borg.springframework.security.core.authority.SimpleGrantedAuthority\0\0\0\0\0\0�\0L\0rolet\0Ljava/lang/String;xpt\0ROLE_M3_END_CUSTOMERxq\0~\0psr\0:org.springframework.security.oauth2.provider.OAuth2Request\0\0\0\0\0\0\0\0Z\0approvedL\0authoritiesq\0~\0L\0\nextensionst\0Ljava/util/Map;L\0redirectUriq\0~\0L\0refresht\0;Lorg/springframework/security/oauth2/provider/TokenRequest;L\0resourceIdst\0Ljava/util/Set;L\0\rresponseTypesq\0~\0xr\08org.springframework.security.oauth2.provider.BaseRequest6(z>�qi�\0L\0clientIdq\0~\0L\0requestParametersq\0~\0L\0scopeq\0~\0xpt\0M3_ANDROID_CLIENTsr\0%java.util.Collections$UnmodifiableMap��t�B\0L\0mq\0~\0xpsr\0java.util.HashMap���`�\0F\0\nloadFactorI\0	thresholdxp?@\0\0\0\0\0w\0\0\0\0\0\0t\0\ngrant_typet\0passwordt\0	client_idt\0M3_ANDROID_CLIENTt\0scopet\0readt\0usernamet\0917867456983xsr\0%java.util.Collections$UnmodifiableSet��я��U\0\0xq\0~\0	sr\0java.util.LinkedHashSet�l�Z��*\0\0xr\0java.util.HashSet�D�����4\0\0xpw\0\0\0?@\0\0\0\0\0q\0~\0!xsq\0~\0\'w\0\0\0?@\0\0\0\0\0sq\0~\0\rt\0ROLE_M3_END_CUSTOMERsq\0~\0\rt\0M3_END_CUSTOMER_READsq\0~\0\rt\0M3_END_CUSTOMER_WRITExsq\0~\0\Z?@\0\0\0\0\0\0w\0\0\0\0\0\0\0xppsq\0~\0\'w\0\0\0?@\0\0\0\0\0\0xsq\0~\0\'w\0\0\0?@\0\0\0\0\0\0xsr\0Oorg.springframework.security.authentication.UsernamePasswordAuthenticationToken\0\0\0\0\0\0�\0L\0credentialsq\0~\0L\0	principalq\0~\0xq\0~\0sq\0~\0sq\0~\0\0\0\0w\0\0\0q\0~\0xq\0~\06sr\0java.util.LinkedHashMap4�N\\l��\0Z\0accessOrderxq\0~\0\Z?@\0\0\0\0\0w\0\0\0\0\0\0q\0~\0q\0~\0q\0~\0 q\0~\0!t\0\rclient_secrett\0android-m3-kouchan-secretq\0~\0q\0~\0q\0~\0\"q\0~\0#x\0psr\02org.springframework.security.core.userdetails.User\0\0\0\0\0\0�\0Z\0accountNonExpiredZ\0accountNonLockedZ\0credentialsNonExpiredZ\0enabledL\0authoritiesq\0~\0L\0passwordq\0~\0L\0usernameq\0~\0xpsq\0~\0$sr\0java.util.TreeSetݘP���[\0\0xpsr\0Forg.springframework.security.core.userdetails.User$AuthorityComparator\0\0\0\0\0\0�\0\0xpw\0\0\0q\0~\0xpt\0917867456983'),('10b864ebd6508eddc718043c9990efb3','��\0sr\0Lorg.springframework.security.oauth2.common.DefaultExpiringOAuth2RefreshToken/�Gc��ɷ\0L\0\nexpirationt\0Ljava/util/Date;xr\0Dorg.springframework.security.oauth2.common.DefaultOAuth2RefreshTokens�\ncT�^\0L\0valuet\0Ljava/lang/String;xpt\0$dfedf64a-5709-4929-9025-5b77ef648967sr\0java.util.Datehj�KYt\0\0xpw\0\0ԝ0_x','��\0sr\0Aorg.springframework.security.oauth2.provider.OAuth2Authentication�@bR\0L\0\rstoredRequestt\0<Lorg/springframework/security/oauth2/provider/OAuth2Request;L\0userAuthenticationt\02Lorg/springframework/security/core/Authentication;xr\0Gorg.springframework.security.authentication.AbstractAuthenticationTokenӪ(~nGd\0Z\0\rauthenticatedL\0authoritiest\0Ljava/util/Collection;L\0detailst\0Ljava/lang/Object;xp\0sr\0&java.util.Collections$UnmodifiableList�%1��\0L\0listt\0Ljava/util/List;xr\0,java.util.Collections$UnmodifiableCollectionB\0��^�\0L\0cq\0~\0xpsr\0java.util.ArrayListx����a�\0I\0sizexp\0\0\0w\0\0\0sr\0Borg.springframework.security.core.authority.SimpleGrantedAuthority\0\0\0\0\0\0�\0L\0rolet\0Ljava/lang/String;xpt\0ROLE_M3_END_CUSTOMERxq\0~\0psr\0:org.springframework.security.oauth2.provider.OAuth2Request\0\0\0\0\0\0\0\0Z\0approvedL\0authoritiesq\0~\0L\0\nextensionst\0Ljava/util/Map;L\0redirectUriq\0~\0L\0refresht\0;Lorg/springframework/security/oauth2/provider/TokenRequest;L\0resourceIdst\0Ljava/util/Set;L\0\rresponseTypesq\0~\0xr\08org.springframework.security.oauth2.provider.BaseRequest6(z>�qi�\0L\0clientIdq\0~\0L\0requestParametersq\0~\0L\0scopeq\0~\0xpt\0M3_ANDROID_CLIENTsr\0%java.util.Collections$UnmodifiableMap��t�B\0L\0mq\0~\0xpsr\0java.util.HashMap���`�\0F\0\nloadFactorI\0	thresholdxp?@\0\0\0\0\0w\0\0\0\0\0\0t\0\ngrant_typet\0passwordt\0	client_idt\0M3_ANDROID_CLIENTt\0scopet\0readt\0usernamet\0919481062088xsr\0%java.util.Collections$UnmodifiableSet��я��U\0\0xq\0~\0	sr\0java.util.LinkedHashSet�l�Z��*\0\0xr\0java.util.HashSet�D�����4\0\0xpw\0\0\0?@\0\0\0\0\0q\0~\0!xsq\0~\0\'w\0\0\0?@\0\0\0\0\0sq\0~\0\rt\0ROLE_M3_END_CUSTOMERsq\0~\0\rt\0M3_END_CUSTOMER_READsq\0~\0\rt\0M3_END_CUSTOMER_WRITExsq\0~\0\Z?@\0\0\0\0\0\0w\0\0\0\0\0\0\0xppsq\0~\0\'w\0\0\0?@\0\0\0\0\0\0xsq\0~\0\'w\0\0\0?@\0\0\0\0\0\0xsr\0Oorg.springframework.security.authentication.UsernamePasswordAuthenticationToken\0\0\0\0\0\0�\0L\0credentialsq\0~\0L\0	principalq\0~\0xq\0~\0sq\0~\0sq\0~\0\0\0\0w\0\0\0q\0~\0xq\0~\06sr\0java.util.LinkedHashMap4�N\\l��\0Z\0accessOrderxq\0~\0\Z?@\0\0\0\0\0w\0\0\0\0\0\0q\0~\0q\0~\0q\0~\0 q\0~\0!t\0\rclient_secrett\0android-m3-kouchan-secretq\0~\0q\0~\0q\0~\0\"q\0~\0#x\0psr\02org.springframework.security.core.userdetails.User\0\0\0\0\0\0�\0Z\0accountNonExpiredZ\0accountNonLockedZ\0credentialsNonExpiredZ\0enabledL\0authoritiesq\0~\0L\0passwordq\0~\0L\0usernameq\0~\0xpsq\0~\0$sr\0java.util.TreeSetݘP���[\0\0xpsr\0Forg.springframework.security.core.userdetails.User$AuthorityComparator\0\0\0\0\0\0�\0\0xpw\0\0\0q\0~\0xpt\0919481062088'),('219f4734bf46f7a7e766a44f2053a760','��\0sr\0Lorg.springframework.security.oauth2.common.DefaultExpiringOAuth2RefreshToken/�Gc��ɷ\0L\0\nexpirationt\0Ljava/util/Date;xr\0Dorg.springframework.security.oauth2.common.DefaultOAuth2RefreshTokens�\ncT�^\0L\0valuet\0Ljava/lang/String;xpt\0$121437e4-1970-4d7d-8e4e-412b7e7f5c9asr\0java.util.Datehj�KYt\0\0xpw\0\0`Da�zx','��\0sr\0Aorg.springframework.security.oauth2.provider.OAuth2Authentication�@bR\0L\0\rstoredRequestt\0<Lorg/springframework/security/oauth2/provider/OAuth2Request;L\0userAuthenticationt\02Lorg/springframework/security/core/Authentication;xr\0Gorg.springframework.security.authentication.AbstractAuthenticationTokenӪ(~nGd\0Z\0\rauthenticatedL\0authoritiest\0Ljava/util/Collection;L\0detailst\0Ljava/lang/Object;xp\0sr\0&java.util.Collections$UnmodifiableList�%1��\0L\0listt\0Ljava/util/List;xr\0,java.util.Collections$UnmodifiableCollectionB\0��^�\0L\0cq\0~\0xpsr\0java.util.ArrayListx����a�\0I\0sizexp\0\0\0w\0\0\0sr\0Borg.springframework.security.core.authority.SimpleGrantedAuthority\0\0\0\0\0\0�\0L\0rolet\0Ljava/lang/String;xpt\0ROLE_M3_END_CUSTOMERxq\0~\0psr\0:org.springframework.security.oauth2.provider.OAuth2Request\0\0\0\0\0\0\0\0Z\0approvedL\0authoritiesq\0~\0L\0\nextensionst\0Ljava/util/Map;L\0redirectUriq\0~\0L\0refresht\0;Lorg/springframework/security/oauth2/provider/TokenRequest;L\0resourceIdst\0Ljava/util/Set;L\0\rresponseTypesq\0~\0xr\08org.springframework.security.oauth2.provider.BaseRequest6(z>�qi�\0L\0clientIdq\0~\0L\0requestParametersq\0~\0L\0scopeq\0~\0xpt\0M3_ANDROID_CLIENTsr\0%java.util.Collections$UnmodifiableMap��t�B\0L\0mq\0~\0xpsr\0java.util.HashMap���`�\0F\0\nloadFactorI\0	thresholdxp?@\0\0\0\0\0w\0\0\0\0\0\0t\0\ngrant_typet\0passwordt\0	client_idt\0M3_ANDROID_CLIENTt\0scopet\0readt\0usernamet\0918550814461xsr\0%java.util.Collections$UnmodifiableSet��я��U\0\0xq\0~\0	sr\0java.util.LinkedHashSet�l�Z��*\0\0xr\0java.util.HashSet�D�����4\0\0xpw\0\0\0?@\0\0\0\0\0q\0~\0!xsq\0~\0\'w\0\0\0?@\0\0\0\0\0sq\0~\0\rt\0ROLE_M3_END_CUSTOMERsq\0~\0\rt\0M3_END_CUSTOMER_READsq\0~\0\rt\0M3_END_CUSTOMER_WRITExsq\0~\0\Z?@\0\0\0\0\0\0w\0\0\0\0\0\0\0xppsq\0~\0\'w\0\0\0?@\0\0\0\0\0\0xsq\0~\0\'w\0\0\0?@\0\0\0\0\0\0xsr\0Oorg.springframework.security.authentication.UsernamePasswordAuthenticationToken\0\0\0\0\0\0�\0L\0credentialsq\0~\0L\0	principalq\0~\0xq\0~\0sq\0~\0sq\0~\0\0\0\0w\0\0\0q\0~\0xq\0~\06sr\0java.util.LinkedHashMap4�N\\l��\0Z\0accessOrderxq\0~\0\Z?@\0\0\0\0\0w\0\0\0\0\0\0q\0~\0q\0~\0q\0~\0 q\0~\0!t\0\rclient_secrett\0android-m3-kouchan-secretq\0~\0q\0~\0q\0~\0\"q\0~\0#x\0psr\02org.springframework.security.core.userdetails.User\0\0\0\0\0\0�\0Z\0accountNonExpiredZ\0accountNonLockedZ\0credentialsNonExpiredZ\0enabledL\0authoritiesq\0~\0L\0passwordq\0~\0L\0usernameq\0~\0xpsq\0~\0$sr\0java.util.TreeSetݘP���[\0\0xpsr\0Forg.springframework.security.core.userdetails.User$AuthorityComparator\0\0\0\0\0\0�\0\0xpw\0\0\0q\0~\0xpt\0918550814461'),('82c1d5e30568f233e070be17c8685e28','��\0sr\0Lorg.springframework.security.oauth2.common.DefaultExpiringOAuth2RefreshToken/�Gc��ɷ\0L\0\nexpirationt\0Ljava/util/Date;xr\0Dorg.springframework.security.oauth2.common.DefaultOAuth2RefreshTokens�\ncT�^\0L\0valuet\0Ljava/lang/String;xpt\0$4225f516-ed56-417d-94bd-54ed4349cf84sr\0java.util.Datehj�KYt\0\0xpw\0\0��&Hhx','��\0sr\0Aorg.springframework.security.oauth2.provider.OAuth2Authentication�@bR\0L\0\rstoredRequestt\0<Lorg/springframework/security/oauth2/provider/OAuth2Request;L\0userAuthenticationt\02Lorg/springframework/security/core/Authentication;xr\0Gorg.springframework.security.authentication.AbstractAuthenticationTokenӪ(~nGd\0Z\0\rauthenticatedL\0authoritiest\0Ljava/util/Collection;L\0detailst\0Ljava/lang/Object;xp\0sr\0&java.util.Collections$UnmodifiableList�%1��\0L\0listt\0Ljava/util/List;xr\0,java.util.Collections$UnmodifiableCollectionB\0��^�\0L\0cq\0~\0xpsr\0java.util.ArrayListx����a�\0I\0sizexp\0\0\0w\0\0\0sr\0Borg.springframework.security.core.authority.SimpleGrantedAuthority\0\0\0\0\0\0�\0L\0rolet\0Ljava/lang/String;xpt\0ROLE_M3_END_CUSTOMERxq\0~\0psr\0:org.springframework.security.oauth2.provider.OAuth2Request\0\0\0\0\0\0\0\0Z\0approvedL\0authoritiesq\0~\0L\0\nextensionst\0Ljava/util/Map;L\0redirectUriq\0~\0L\0refresht\0;Lorg/springframework/security/oauth2/provider/TokenRequest;L\0resourceIdst\0Ljava/util/Set;L\0\rresponseTypesq\0~\0xr\08org.springframework.security.oauth2.provider.BaseRequest6(z>�qi�\0L\0clientIdq\0~\0L\0requestParametersq\0~\0L\0scopeq\0~\0xpt\0M3_ANDROID_CLIENTsr\0%java.util.Collections$UnmodifiableMap��t�B\0L\0mq\0~\0xpsr\0java.util.HashMap���`�\0F\0\nloadFactorI\0	thresholdxp?@\0\0\0\0\0w\0\0\0\0\0\0t\0\ngrant_typet\0passwordt\0	client_idt\0M3_ANDROID_CLIENTt\0scopet\0readt\0usernamet\0918921490952xsr\0%java.util.Collections$UnmodifiableSet��я��U\0\0xq\0~\0	sr\0java.util.LinkedHashSet�l�Z��*\0\0xr\0java.util.HashSet�D�����4\0\0xpw\0\0\0?@\0\0\0\0\0q\0~\0!xsq\0~\0\'w\0\0\0?@\0\0\0\0\0sq\0~\0\rt\0ROLE_M3_END_CUSTOMERsq\0~\0\rt\0M3_END_CUSTOMER_READsq\0~\0\rt\0M3_END_CUSTOMER_WRITExsq\0~\0\Z?@\0\0\0\0\0\0w\0\0\0\0\0\0\0xppsq\0~\0\'w\0\0\0?@\0\0\0\0\0\0xsq\0~\0\'w\0\0\0?@\0\0\0\0\0\0xsr\0Oorg.springframework.security.authentication.UsernamePasswordAuthenticationToken\0\0\0\0\0\0�\0L\0credentialsq\0~\0L\0	principalq\0~\0xq\0~\0sq\0~\0sq\0~\0\0\0\0w\0\0\0q\0~\0xq\0~\06sr\0java.util.LinkedHashMap4�N\\l��\0Z\0accessOrderxq\0~\0\Z?@\0\0\0\0\0w\0\0\0\0\0\0q\0~\0q\0~\0q\0~\0 q\0~\0!t\0\rclient_secrett\0android-m3-kouchan-secretq\0~\0q\0~\0q\0~\0\"q\0~\0#x\0psr\02org.springframework.security.core.userdetails.User\0\0\0\0\0\0�\0Z\0accountNonExpiredZ\0accountNonLockedZ\0credentialsNonExpiredZ\0enabledL\0authoritiesq\0~\0L\0passwordq\0~\0L\0usernameq\0~\0xpsq\0~\0$sr\0java.util.TreeSetݘP���[\0\0xpsr\0Forg.springframework.security.core.userdetails.User$AuthorityComparator\0\0\0\0\0\0�\0\0xpw\0\0\0q\0~\0xpt\0918921490952'),('a52d03b3f1f0a2898a493e1940af3b1b','��\0sr\0Lorg.springframework.security.oauth2.common.DefaultExpiringOAuth2RefreshToken/�Gc��ɷ\0L\0\nexpirationt\0Ljava/util/Date;xr\0Dorg.springframework.security.oauth2.common.DefaultOAuth2RefreshTokens�\ncT�^\0L\0valuet\0Ljava/lang/String;xpt\0$0c6c51ec-a9dd-437b-9d84-e070719f5e9fsr\0java.util.Datehj�KYt\0\0xpw\0\0����x','��\0sr\0Aorg.springframework.security.oauth2.provider.OAuth2Authentication�@bR\0L\0\rstoredRequestt\0<Lorg/springframework/security/oauth2/provider/OAuth2Request;L\0userAuthenticationt\02Lorg/springframework/security/core/Authentication;xr\0Gorg.springframework.security.authentication.AbstractAuthenticationTokenӪ(~nGd\0Z\0\rauthenticatedL\0authoritiest\0Ljava/util/Collection;L\0detailst\0Ljava/lang/Object;xp\0sr\0&java.util.Collections$UnmodifiableList�%1��\0L\0listt\0Ljava/util/List;xr\0,java.util.Collections$UnmodifiableCollectionB\0��^�\0L\0cq\0~\0xpsr\0java.util.ArrayListx����a�\0I\0sizexp\0\0\0w\0\0\0sr\0Borg.springframework.security.core.authority.SimpleGrantedAuthority\0\0\0\0\0\0�\0L\0rolet\0Ljava/lang/String;xpt\0ROLE_M3_END_CUSTOMERxq\0~\0psr\0:org.springframework.security.oauth2.provider.OAuth2Request\0\0\0\0\0\0\0\0Z\0approvedL\0authoritiesq\0~\0L\0\nextensionst\0Ljava/util/Map;L\0redirectUriq\0~\0L\0refresht\0;Lorg/springframework/security/oauth2/provider/TokenRequest;L\0resourceIdst\0Ljava/util/Set;L\0\rresponseTypesq\0~\0xr\08org.springframework.security.oauth2.provider.BaseRequest6(z>�qi�\0L\0clientIdq\0~\0L\0requestParametersq\0~\0L\0scopeq\0~\0xpt\0M3_ANDROID_CLIENTsr\0%java.util.Collections$UnmodifiableMap��t�B\0L\0mq\0~\0xpsr\0java.util.HashMap���`�\0F\0\nloadFactorI\0	thresholdxp?@\0\0\0\0\0w\0\0\0\0\0\0t\0fgtPasswordt\0truet\0\ngrant_typet\0passwordt\0	client_idt\0M3_ANDROID_CLIENTt\0scopet\0readt\0usernamet\0918095725566xsr\0%java.util.Collections$UnmodifiableSet��я��U\0\0xq\0~\0	sr\0java.util.LinkedHashSet�l�Z��*\0\0xr\0java.util.HashSet�D�����4\0\0xpw\0\0\0?@\0\0\0\0\0q\0~\0#xsq\0~\0)w\0\0\0?@\0\0\0\0\0sq\0~\0\rt\0ROLE_M3_END_CUSTOMERsq\0~\0\rt\0M3_END_CUSTOMER_READsq\0~\0\rt\0M3_END_CUSTOMER_WRITExsq\0~\0\Z?@\0\0\0\0\0\0w\0\0\0\0\0\0\0xppsq\0~\0)w\0\0\0?@\0\0\0\0\0\0xsq\0~\0)w\0\0\0?@\0\0\0\0\0\0xsr\0Oorg.springframework.security.authentication.UsernamePasswordAuthenticationToken\0\0\0\0\0\0�\0L\0credentialsq\0~\0L\0	principalq\0~\0xq\0~\0sq\0~\0sq\0~\0\0\0\0w\0\0\0q\0~\0xq\0~\08sr\0java.util.LinkedHashMap4�N\\l��\0Z\0accessOrderxq\0~\0\Z?@\0\0\0\0\0w\0\0\0\0\0\0q\0~\0q\0~\0q\0~\0\"q\0~\0#t\0\rclient_secrett\0android-m3-kouchan-secretq\0~\0q\0~\0q\0~\0 q\0~\0!q\0~\0$q\0~\0%x\0psr\02org.springframework.security.core.userdetails.User\0\0\0\0\0\0�\0Z\0accountNonExpiredZ\0accountNonLockedZ\0credentialsNonExpiredZ\0enabledL\0authoritiesq\0~\0L\0passwordq\0~\0L\0usernameq\0~\0xpsq\0~\0&sr\0java.util.TreeSetݘP���[\0\0xpsr\0Forg.springframework.security.core.userdetails.User$AuthorityComparator\0\0\0\0\0\0�\0\0xpw\0\0\0q\0~\0xpt\0918095725566'),('74d96073c5adb6426f0f5d9a3dcb6d3f','��\0sr\0Lorg.springframework.security.oauth2.common.DefaultExpiringOAuth2RefreshToken/�Gc��ɷ\0L\0\nexpirationt\0Ljava/util/Date;xr\0Dorg.springframework.security.oauth2.common.DefaultOAuth2RefreshTokens�\ncT�^\0L\0valuet\0Ljava/lang/String;xpt\0$726fd658-ce1f-4694-a504-991aeef436c8sr\0java.util.Datehj�KYt\0\0xpw\0\0��o\"7x','��\0sr\0Aorg.springframework.security.oauth2.provider.OAuth2Authentication�@bR\0L\0\rstoredRequestt\0<Lorg/springframework/security/oauth2/provider/OAuth2Request;L\0userAuthenticationt\02Lorg/springframework/security/core/Authentication;xr\0Gorg.springframework.security.authentication.AbstractAuthenticationTokenӪ(~nGd\0Z\0\rauthenticatedL\0authoritiest\0Ljava/util/Collection;L\0detailst\0Ljava/lang/Object;xp\0sr\0&java.util.Collections$UnmodifiableList�%1��\0L\0listt\0Ljava/util/List;xr\0,java.util.Collections$UnmodifiableCollectionB\0��^�\0L\0cq\0~\0xpsr\0java.util.ArrayListx����a�\0I\0sizexp\0\0\0w\0\0\0sr\0Borg.springframework.security.core.authority.SimpleGrantedAuthority\0\0\0\0\0\0�\0L\0rolet\0Ljava/lang/String;xpt\0ROLE_M3_END_CUSTOMERxq\0~\0psr\0:org.springframework.security.oauth2.provider.OAuth2Request\0\0\0\0\0\0\0\0Z\0approvedL\0authoritiesq\0~\0L\0\nextensionst\0Ljava/util/Map;L\0redirectUriq\0~\0L\0refresht\0;Lorg/springframework/security/oauth2/provider/TokenRequest;L\0resourceIdst\0Ljava/util/Set;L\0\rresponseTypesq\0~\0xr\08org.springframework.security.oauth2.provider.BaseRequest6(z>�qi�\0L\0clientIdq\0~\0L\0requestParametersq\0~\0L\0scopeq\0~\0xpt\0M3_ANDROID_CLIENTsr\0%java.util.Collections$UnmodifiableMap��t�B\0L\0mq\0~\0xpsr\0java.util.HashMap���`�\0F\0\nloadFactorI\0	thresholdxp?@\0\0\0\0\0w\0\0\0\0\0\0t\0\ngrant_typet\0passwordt\0	client_idt\0M3_ANDROID_CLIENTt\0scopet\0readt\0usernamet\0917111111111xsr\0%java.util.Collections$UnmodifiableSet��я��U\0\0xq\0~\0	sr\0java.util.LinkedHashSet�l�Z��*\0\0xr\0java.util.HashSet�D�����4\0\0xpw\0\0\0?@\0\0\0\0\0q\0~\0!xsq\0~\0\'w\0\0\0?@\0\0\0\0\0sq\0~\0\rt\0ROLE_M3_END_CUSTOMERsq\0~\0\rt\0M3_END_CUSTOMER_READsq\0~\0\rt\0M3_END_CUSTOMER_WRITExsq\0~\0\Z?@\0\0\0\0\0\0w\0\0\0\0\0\0\0xppsq\0~\0\'w\0\0\0?@\0\0\0\0\0\0xsq\0~\0\'w\0\0\0?@\0\0\0\0\0\0xsr\0Oorg.springframework.security.authentication.UsernamePasswordAuthenticationToken\0\0\0\0\0\0�\0L\0credentialsq\0~\0L\0	principalq\0~\0xq\0~\0sq\0~\0sq\0~\0\0\0\0w\0\0\0q\0~\0xq\0~\06sr\0java.util.LinkedHashMap4�N\\l��\0Z\0accessOrderxq\0~\0\Z?@\0\0\0\0\0w\0\0\0\0\0\0q\0~\0q\0~\0q\0~\0 q\0~\0!t\0\rclient_secrett\0android-m3-kouchan-secretq\0~\0q\0~\0q\0~\0\"q\0~\0#x\0psr\02org.springframework.security.core.userdetails.User\0\0\0\0\0\0�\0Z\0accountNonExpiredZ\0accountNonLockedZ\0credentialsNonExpiredZ\0enabledL\0authoritiesq\0~\0L\0passwordq\0~\0L\0usernameq\0~\0xpsq\0~\0$sr\0java.util.TreeSetݘP���[\0\0xpsr\0Forg.springframework.security.core.userdetails.User$AuthorityComparator\0\0\0\0\0\0�\0\0xpw\0\0\0q\0~\0xpt\0917111111111'),('958c04ba5c77997c0dc0db0dbaece6d2','��\0sr\0Lorg.springframework.security.oauth2.common.DefaultExpiringOAuth2RefreshToken/�Gc��ɷ\0L\0\nexpirationt\0Ljava/util/Date;xr\0Dorg.springframework.security.oauth2.common.DefaultOAuth2RefreshTokens�\ncT�^\0L\0valuet\0Ljava/lang/String;xpt\0$0d87098e-0041-4ed6-b760-51c212a2e9dbsr\0java.util.Datehj�KYt\0\0xpw\0\0��Z��x','��\0sr\0Aorg.springframework.security.oauth2.provider.OAuth2Authentication�@bR\0L\0\rstoredRequestt\0<Lorg/springframework/security/oauth2/provider/OAuth2Request;L\0userAuthenticationt\02Lorg/springframework/security/core/Authentication;xr\0Gorg.springframework.security.authentication.AbstractAuthenticationTokenӪ(~nGd\0Z\0\rauthenticatedL\0authoritiest\0Ljava/util/Collection;L\0detailst\0Ljava/lang/Object;xp\0sr\0&java.util.Collections$UnmodifiableList�%1��\0L\0listt\0Ljava/util/List;xr\0,java.util.Collections$UnmodifiableCollectionB\0��^�\0L\0cq\0~\0xpsr\0java.util.ArrayListx����a�\0I\0sizexp\0\0\0w\0\0\0sr\0Borg.springframework.security.core.authority.SimpleGrantedAuthority\0\0\0\0\0\0�\0L\0rolet\0Ljava/lang/String;xpt\0ROLE_M3_END_CUSTOMERxq\0~\0psr\0:org.springframework.security.oauth2.provider.OAuth2Request\0\0\0\0\0\0\0\0Z\0approvedL\0authoritiesq\0~\0L\0\nextensionst\0Ljava/util/Map;L\0redirectUriq\0~\0L\0refresht\0;Lorg/springframework/security/oauth2/provider/TokenRequest;L\0resourceIdst\0Ljava/util/Set;L\0\rresponseTypesq\0~\0xr\08org.springframework.security.oauth2.provider.BaseRequest6(z>�qi�\0L\0clientIdq\0~\0L\0requestParametersq\0~\0L\0scopeq\0~\0xpt\0M3_ANDROID_CLIENTsr\0%java.util.Collections$UnmodifiableMap��t�B\0L\0mq\0~\0xpsr\0java.util.HashMap���`�\0F\0\nloadFactorI\0	thresholdxp?@\0\0\0\0\0w\0\0\0\0\0\0t\0\ngrant_typet\0passwordt\0	client_idt\0M3_ANDROID_CLIENTt\0scopet\0readt\0usernamet\0917795865630xsr\0%java.util.Collections$UnmodifiableSet��я��U\0\0xq\0~\0	sr\0java.util.LinkedHashSet�l�Z��*\0\0xr\0java.util.HashSet�D�����4\0\0xpw\0\0\0?@\0\0\0\0\0q\0~\0!xsq\0~\0\'w\0\0\0?@\0\0\0\0\0sq\0~\0\rt\0ROLE_M3_END_CUSTOMERsq\0~\0\rt\0M3_END_CUSTOMER_READsq\0~\0\rt\0M3_END_CUSTOMER_WRITExsq\0~\0\Z?@\0\0\0\0\0\0w\0\0\0\0\0\0\0xppsq\0~\0\'w\0\0\0?@\0\0\0\0\0\0xsq\0~\0\'w\0\0\0?@\0\0\0\0\0\0xsr\0Oorg.springframework.security.authentication.UsernamePasswordAuthenticationToken\0\0\0\0\0\0�\0L\0credentialsq\0~\0L\0	principalq\0~\0xq\0~\0sq\0~\0sq\0~\0\0\0\0w\0\0\0q\0~\0xq\0~\06sr\0java.util.LinkedHashMap4�N\\l��\0Z\0accessOrderxq\0~\0\Z?@\0\0\0\0\0w\0\0\0\0\0\0q\0~\0q\0~\0q\0~\0 q\0~\0!t\0\rclient_secrett\0android-m3-kouchan-secretq\0~\0q\0~\0q\0~\0\"q\0~\0#x\0psr\02org.springframework.security.core.userdetails.User\0\0\0\0\0\0�\0Z\0accountNonExpiredZ\0accountNonLockedZ\0credentialsNonExpiredZ\0enabledL\0authoritiesq\0~\0L\0passwordq\0~\0L\0usernameq\0~\0xpsq\0~\0$sr\0java.util.TreeSetݘP���[\0\0xpsr\0Forg.springframework.security.core.userdetails.User$AuthorityComparator\0\0\0\0\0\0�\0\0xpw\0\0\0q\0~\0xpt\0917795865630'),('ef6a979c9784eec639b3815bc4def735','��\0sr\0Lorg.springframework.security.oauth2.common.DefaultExpiringOAuth2RefreshToken/�Gc��ɷ\0L\0\nexpirationt\0Ljava/util/Date;xr\0Dorg.springframework.security.oauth2.common.DefaultOAuth2RefreshTokens�\ncT�^\0L\0valuet\0Ljava/lang/String;xpt\0$8af4b3fc-7101-4881-992f-22e76fe64e9esr\0java.util.Datehj�KYt\0\0xpw\0\0��fy�x','��\0sr\0Aorg.springframework.security.oauth2.provider.OAuth2Authentication�@bR\0L\0\rstoredRequestt\0<Lorg/springframework/security/oauth2/provider/OAuth2Request;L\0userAuthenticationt\02Lorg/springframework/security/core/Authentication;xr\0Gorg.springframework.security.authentication.AbstractAuthenticationTokenӪ(~nGd\0Z\0\rauthenticatedL\0authoritiest\0Ljava/util/Collection;L\0detailst\0Ljava/lang/Object;xp\0sr\0&java.util.Collections$UnmodifiableList�%1��\0L\0listt\0Ljava/util/List;xr\0,java.util.Collections$UnmodifiableCollectionB\0��^�\0L\0cq\0~\0xpsr\0java.util.ArrayListx����a�\0I\0sizexp\0\0\0w\0\0\0sr\0Borg.springframework.security.core.authority.SimpleGrantedAuthority\0\0\0\0\0\0�\0L\0rolet\0Ljava/lang/String;xpt\0ROLE_M3_END_CUSTOMERxq\0~\0psr\0:org.springframework.security.oauth2.provider.OAuth2Request\0\0\0\0\0\0\0\0Z\0approvedL\0authoritiesq\0~\0L\0\nextensionst\0Ljava/util/Map;L\0redirectUriq\0~\0L\0refresht\0;Lorg/springframework/security/oauth2/provider/TokenRequest;L\0resourceIdst\0Ljava/util/Set;L\0\rresponseTypesq\0~\0xr\08org.springframework.security.oauth2.provider.BaseRequest6(z>�qi�\0L\0clientIdq\0~\0L\0requestParametersq\0~\0L\0scopeq\0~\0xpt\0M3_ANDROID_CLIENTsr\0%java.util.Collections$UnmodifiableMap��t�B\0L\0mq\0~\0xpsr\0java.util.HashMap���`�\0F\0\nloadFactorI\0	thresholdxp?@\0\0\0\0\0w\0\0\0\0\0\0t\0\ngrant_typet\0passwordt\0	client_idt\0M3_ANDROID_CLIENTt\0scopet\0readt\0usernamet\0919591139966xsr\0%java.util.Collections$UnmodifiableSet��я��U\0\0xq\0~\0	sr\0java.util.LinkedHashSet�l�Z��*\0\0xr\0java.util.HashSet�D�����4\0\0xpw\0\0\0?@\0\0\0\0\0q\0~\0!xsq\0~\0\'w\0\0\0?@\0\0\0\0\0sq\0~\0\rt\0ROLE_M3_END_CUSTOMERsq\0~\0\rt\0M3_END_CUSTOMER_READsq\0~\0\rt\0M3_END_CUSTOMER_WRITExsq\0~\0\Z?@\0\0\0\0\0\0w\0\0\0\0\0\0\0xppsq\0~\0\'w\0\0\0?@\0\0\0\0\0\0xsq\0~\0\'w\0\0\0?@\0\0\0\0\0\0xsr\0Oorg.springframework.security.authentication.UsernamePasswordAuthenticationToken\0\0\0\0\0\0�\0L\0credentialsq\0~\0L\0	principalq\0~\0xq\0~\0sq\0~\0sq\0~\0\0\0\0w\0\0\0q\0~\0xq\0~\06sr\0java.util.LinkedHashMap4�N\\l��\0Z\0accessOrderxq\0~\0\Z?@\0\0\0\0\0w\0\0\0\0\0\0q\0~\0q\0~\0q\0~\0 q\0~\0!t\0\rclient_secrett\0android-m3-kouchan-secretq\0~\0q\0~\0q\0~\0\"q\0~\0#x\0psr\02org.springframework.security.core.userdetails.User\0\0\0\0\0\0�\0Z\0accountNonExpiredZ\0accountNonLockedZ\0credentialsNonExpiredZ\0enabledL\0authoritiesq\0~\0L\0passwordq\0~\0L\0usernameq\0~\0xpsq\0~\0$sr\0java.util.TreeSetݘP���[\0\0xpsr\0Forg.springframework.security.core.userdetails.User$AuthorityComparator\0\0\0\0\0\0�\0\0xpw\0\0\0q\0~\0xpt\0919591139966'),('57baf24d6a8b4a22494be2dfd7942754','��\0sr\0Lorg.springframework.security.oauth2.common.DefaultExpiringOAuth2RefreshToken/�Gc��ɷ\0L\0\nexpirationt\0Ljava/util/Date;xr\0Dorg.springframework.security.oauth2.common.DefaultOAuth2RefreshTokens�\ncT�^\0L\0valuet\0Ljava/lang/String;xpt\0$94b88453-ee4a-42f2-b4ec-60f0c6bfa233sr\0java.util.Datehj�KYt\0\0xpw\0\0ԝS[�x','��\0sr\0Aorg.springframework.security.oauth2.provider.OAuth2Authentication�@bR\0L\0\rstoredRequestt\0<Lorg/springframework/security/oauth2/provider/OAuth2Request;L\0userAuthenticationt\02Lorg/springframework/security/core/Authentication;xr\0Gorg.springframework.security.authentication.AbstractAuthenticationTokenӪ(~nGd\0Z\0\rauthenticatedL\0authoritiest\0Ljava/util/Collection;L\0detailst\0Ljava/lang/Object;xp\0sr\0&java.util.Collections$UnmodifiableList�%1��\0L\0listt\0Ljava/util/List;xr\0,java.util.Collections$UnmodifiableCollectionB\0��^�\0L\0cq\0~\0xpsr\0java.util.ArrayListx����a�\0I\0sizexp\0\0\0w\0\0\0sr\0Borg.springframework.security.core.authority.SimpleGrantedAuthority\0\0\0\0\0\0�\0L\0rolet\0Ljava/lang/String;xpt\0ROLE_M3_END_CUSTOMERxq\0~\0psr\0:org.springframework.security.oauth2.provider.OAuth2Request\0\0\0\0\0\0\0\0Z\0approvedL\0authoritiesq\0~\0L\0\nextensionst\0Ljava/util/Map;L\0redirectUriq\0~\0L\0refresht\0;Lorg/springframework/security/oauth2/provider/TokenRequest;L\0resourceIdst\0Ljava/util/Set;L\0\rresponseTypesq\0~\0xr\08org.springframework.security.oauth2.provider.BaseRequest6(z>�qi�\0L\0clientIdq\0~\0L\0requestParametersq\0~\0L\0scopeq\0~\0xpt\0M3_ANDROID_CLIENTsr\0%java.util.Collections$UnmodifiableMap��t�B\0L\0mq\0~\0xpsr\0java.util.HashMap���`�\0F\0\nloadFactorI\0	thresholdxp?@\0\0\0\0\0w\0\0\0\0\0\0t\0\ngrant_typet\0passwordt\0	client_idt\0M3_ANDROID_CLIENTt\0scopet\0readt\0usernamet\0919538918341xsr\0%java.util.Collections$UnmodifiableSet��я��U\0\0xq\0~\0	sr\0java.util.LinkedHashSet�l�Z��*\0\0xr\0java.util.HashSet�D�����4\0\0xpw\0\0\0?@\0\0\0\0\0q\0~\0!xsq\0~\0\'w\0\0\0?@\0\0\0\0\0sq\0~\0\rt\0ROLE_M3_END_CUSTOMERsq\0~\0\rt\0M3_END_CUSTOMER_READsq\0~\0\rt\0M3_END_CUSTOMER_WRITExsq\0~\0\Z?@\0\0\0\0\0\0w\0\0\0\0\0\0\0xppsq\0~\0\'w\0\0\0?@\0\0\0\0\0\0xsq\0~\0\'w\0\0\0?@\0\0\0\0\0\0xsr\0Oorg.springframework.security.authentication.UsernamePasswordAuthenticationToken\0\0\0\0\0\0�\0L\0credentialsq\0~\0L\0	principalq\0~\0xq\0~\0sq\0~\0sq\0~\0\0\0\0w\0\0\0q\0~\0xq\0~\06sr\0java.util.LinkedHashMap4�N\\l��\0Z\0accessOrderxq\0~\0\Z?@\0\0\0\0\0w\0\0\0\0\0\0q\0~\0q\0~\0q\0~\0 q\0~\0!t\0\rclient_secrett\0android-m3-kouchan-secretq\0~\0q\0~\0q\0~\0\"q\0~\0#x\0psr\02org.springframework.security.core.userdetails.User\0\0\0\0\0\0�\0Z\0accountNonExpiredZ\0accountNonLockedZ\0credentialsNonExpiredZ\0enabledL\0authoritiesq\0~\0L\0passwordq\0~\0L\0usernameq\0~\0xpsq\0~\0$sr\0java.util.TreeSetݘP���[\0\0xpsr\0Forg.springframework.security.core.userdetails.User$AuthorityComparator\0\0\0\0\0\0�\0\0xpw\0\0\0q\0~\0xpt\0919538918341'),('1b0f534dbd9572c54d43ff7e8728c7c2','��\0sr\0Lorg.springframework.security.oauth2.common.DefaultExpiringOAuth2RefreshToken/�Gc��ɷ\0L\0\nexpirationt\0Ljava/util/Date;xr\0Dorg.springframework.security.oauth2.common.DefaultOAuth2RefreshTokens�\ncT�^\0L\0valuet\0Ljava/lang/String;xpt\0$4b43d0aa-1afc-412e-a9c7-8d8c7f6bea6asr\0java.util.Datehj�KYt\0\0xpw\0\0Ԧ��Ix','��\0sr\0Aorg.springframework.security.oauth2.provider.OAuth2Authentication�@bR\0L\0\rstoredRequestt\0<Lorg/springframework/security/oauth2/provider/OAuth2Request;L\0userAuthenticationt\02Lorg/springframework/security/core/Authentication;xr\0Gorg.springframework.security.authentication.AbstractAuthenticationTokenӪ(~nGd\0Z\0\rauthenticatedL\0authoritiest\0Ljava/util/Collection;L\0detailst\0Ljava/lang/Object;xp\0sr\0&java.util.Collections$UnmodifiableList�%1��\0L\0listt\0Ljava/util/List;xr\0,java.util.Collections$UnmodifiableCollectionB\0��^�\0L\0cq\0~\0xpsr\0java.util.ArrayListx����a�\0I\0sizexp\0\0\0w\0\0\0sr\0Borg.springframework.security.core.authority.SimpleGrantedAuthority\0\0\0\0\0\0�\0L\0rolet\0Ljava/lang/String;xpt\0ROLE_M3_END_CUSTOMERxq\0~\0psr\0:org.springframework.security.oauth2.provider.OAuth2Request\0\0\0\0\0\0\0\0Z\0approvedL\0authoritiesq\0~\0L\0\nextensionst\0Ljava/util/Map;L\0redirectUriq\0~\0L\0refresht\0;Lorg/springframework/security/oauth2/provider/TokenRequest;L\0resourceIdst\0Ljava/util/Set;L\0\rresponseTypesq\0~\0xr\08org.springframework.security.oauth2.provider.BaseRequest6(z>�qi�\0L\0clientIdq\0~\0L\0requestParametersq\0~\0L\0scopeq\0~\0xpt\0M3_ANDROID_CLIENTsr\0%java.util.Collections$UnmodifiableMap��t�B\0L\0mq\0~\0xpsr\0java.util.HashMap���`�\0F\0\nloadFactorI\0	thresholdxp?@\0\0\0\0\0w\0\0\0\0\0\0t\0\ngrant_typet\0passwordt\0	client_idt\0M3_ANDROID_CLIENTt\0scopet\0readt\0usernamet\0918550814461xsr\0%java.util.Collections$UnmodifiableSet��я��U\0\0xq\0~\0	sr\0java.util.LinkedHashSet�l�Z��*\0\0xr\0java.util.HashSet�D�����4\0\0xpw\0\0\0?@\0\0\0\0\0q\0~\0!xsq\0~\0\'w\0\0\0?@\0\0\0\0\0sq\0~\0\rt\0ROLE_M3_END_CUSTOMERsq\0~\0\rt\0M3_END_CUSTOMER_READsq\0~\0\rt\0M3_END_CUSTOMER_WRITExsq\0~\0\Z?@\0\0\0\0\0\0w\0\0\0\0\0\0\0xppsq\0~\0\'w\0\0\0?@\0\0\0\0\0\0xsq\0~\0\'w\0\0\0?@\0\0\0\0\0\0xsr\0Oorg.springframework.security.authentication.UsernamePasswordAuthenticationToken\0\0\0\0\0\0�\0L\0credentialsq\0~\0L\0	principalq\0~\0xq\0~\0sq\0~\0sq\0~\0\0\0\0w\0\0\0q\0~\0xq\0~\06sr\0java.util.LinkedHashMap4�N\\l��\0Z\0accessOrderxq\0~\0\Z?@\0\0\0\0\0w\0\0\0\0\0\0q\0~\0q\0~\0q\0~\0 q\0~\0!t\0\rclient_secrett\0android-m3-kouchan-secretq\0~\0q\0~\0q\0~\0\"q\0~\0#x\0psr\02org.springframework.security.core.userdetails.User\0\0\0\0\0\0�\0Z\0accountNonExpiredZ\0accountNonLockedZ\0credentialsNonExpiredZ\0enabledL\0authoritiesq\0~\0L\0passwordq\0~\0L\0usernameq\0~\0xpsq\0~\0$sr\0java.util.TreeSetݘP���[\0\0xpsr\0Forg.springframework.security.core.userdetails.User$AuthorityComparator\0\0\0\0\0\0�\0\0xpw\0\0\0q\0~\0xpt\0918550814461'),('ccdd5174b781753da974e7e01cec2393','��\0sr\0Lorg.springframework.security.oauth2.common.DefaultExpiringOAuth2RefreshToken/�Gc��ɷ\0L\0\nexpirationt\0Ljava/util/Date;xr\0Dorg.springframework.security.oauth2.common.DefaultOAuth2RefreshTokens�\ncT�^\0L\0valuet\0Ljava/lang/String;xpt\0$fbfa3fe9-6c34-46a9-b0e9-8cb1f30083d1sr\0java.util.Datehj�KYt\0\0xpw\0\0ԝ�Sx','��\0sr\0Aorg.springframework.security.oauth2.provider.OAuth2Authentication�@bR\0L\0\rstoredRequestt\0<Lorg/springframework/security/oauth2/provider/OAuth2Request;L\0userAuthenticationt\02Lorg/springframework/security/core/Authentication;xr\0Gorg.springframework.security.authentication.AbstractAuthenticationTokenӪ(~nGd\0Z\0\rauthenticatedL\0authoritiest\0Ljava/util/Collection;L\0detailst\0Ljava/lang/Object;xp\0sr\0&java.util.Collections$UnmodifiableList�%1��\0L\0listt\0Ljava/util/List;xr\0,java.util.Collections$UnmodifiableCollectionB\0��^�\0L\0cq\0~\0xpsr\0java.util.ArrayListx����a�\0I\0sizexp\0\0\0w\0\0\0sr\0Borg.springframework.security.core.authority.SimpleGrantedAuthority\0\0\0\0\0\0�\0L\0rolet\0Ljava/lang/String;xpt\0ROLE_M3_END_CUSTOMERxq\0~\0psr\0:org.springframework.security.oauth2.provider.OAuth2Request\0\0\0\0\0\0\0\0Z\0approvedL\0authoritiesq\0~\0L\0\nextensionst\0Ljava/util/Map;L\0redirectUriq\0~\0L\0refresht\0;Lorg/springframework/security/oauth2/provider/TokenRequest;L\0resourceIdst\0Ljava/util/Set;L\0\rresponseTypesq\0~\0xr\08org.springframework.security.oauth2.provider.BaseRequest6(z>�qi�\0L\0clientIdq\0~\0L\0requestParametersq\0~\0L\0scopeq\0~\0xpt\0M3_ANDROID_CLIENTsr\0%java.util.Collections$UnmodifiableMap��t�B\0L\0mq\0~\0xpsr\0java.util.HashMap���`�\0F\0\nloadFactorI\0	thresholdxp?@\0\0\0\0\0w\0\0\0\0\0\0t\0\ngrant_typet\0passwordt\0	client_idt\0M3_ANDROID_CLIENTt\0scopet\0readt\0usernamet\0917676060664xsr\0%java.util.Collections$UnmodifiableSet��я��U\0\0xq\0~\0	sr\0java.util.LinkedHashSet�l�Z��*\0\0xr\0java.util.HashSet�D�����4\0\0xpw\0\0\0?@\0\0\0\0\0q\0~\0!xsq\0~\0\'w\0\0\0?@\0\0\0\0\0sq\0~\0\rt\0ROLE_M3_END_CUSTOMERsq\0~\0\rt\0M3_END_CUSTOMER_READsq\0~\0\rt\0M3_END_CUSTOMER_WRITExsq\0~\0\Z?@\0\0\0\0\0\0w\0\0\0\0\0\0\0xppsq\0~\0\'w\0\0\0?@\0\0\0\0\0\0xsq\0~\0\'w\0\0\0?@\0\0\0\0\0\0xsr\0Oorg.springframework.security.authentication.UsernamePasswordAuthenticationToken\0\0\0\0\0\0�\0L\0credentialsq\0~\0L\0	principalq\0~\0xq\0~\0sq\0~\0sq\0~\0\0\0\0w\0\0\0q\0~\0xq\0~\06sr\0java.util.LinkedHashMap4�N\\l��\0Z\0accessOrderxq\0~\0\Z?@\0\0\0\0\0w\0\0\0\0\0\0q\0~\0q\0~\0q\0~\0 q\0~\0!t\0\rclient_secrett\0android-m3-kouchan-secretq\0~\0q\0~\0q\0~\0\"q\0~\0#x\0psr\02org.springframework.security.core.userdetails.User\0\0\0\0\0\0�\0Z\0accountNonExpiredZ\0accountNonLockedZ\0credentialsNonExpiredZ\0enabledL\0authoritiesq\0~\0L\0passwordq\0~\0L\0usernameq\0~\0xpsq\0~\0$sr\0java.util.TreeSetݘP���[\0\0xpsr\0Forg.springframework.security.core.userdetails.User$AuthorityComparator\0\0\0\0\0\0�\0\0xpw\0\0\0q\0~\0xpt\0917676060664');

/*Table structure for table `operatorcommission` */

DROP TABLE IF EXISTS `operatorcommission`;

CREATE TABLE `operatorcommission` (
  `id` bigint(20) NOT NULL AUTO_INCREMENT,
  `providername` varchar(1000) DEFAULT NULL,
  `commission` double DEFAULT '0',
  `vendor` int(11) DEFAULT NULL,
  `url` varchar(10000) DEFAULT NULL,
  `providerid` int(11) NOT NULL,
  `operator_type_name` varchar(256) DEFAULT NULL,
  PRIMARY KEY (`id`),
  UNIQUE KEY `providerid_UNIQUE` (`providerid`),
  UNIQUE KEY `id_UNIQUE` (`id`),
  KEY `vendorRef_idx` (`vendor`),
  KEY `fk_operator_type` (`operator_type_name`(255))
) ENGINE=InnoDB AUTO_INCREMENT=38 DEFAULT CHARSET=utf8;

/*Data for the table `operatorcommission` */

insert  into `operatorcommission`(`id`,`providername`,`commission`,`vendor`,`url`,`providerid`,`operator_type_name`) values (1,'Jio',8,1,'https://www.jio.com/en-in/4g-plans',167,'PREPAID'),(2,'	Vodafone',3.7,1,'https://shop.vodafone.in/shop/prepaid/all-recharge-plans.jsp',5,'PREPAID'),(3,'	AirTel',3,1,'http://www.airtel.in/mobile/prepaid/recharge-online/?CIRCLE=4',1,'PREPAID'),(4,'	Idea',3,1,'https://care.ideacellular.com/wps/portal/account/online-recharge',4,'PREPAID'),(5,'AirCel',4.2,1,'',11,'PREPAID'),(6,'	BSNL',3.75,1,'',2,'PREPAID'),(7,'Docomo',4.25,1,'',13,'PREPAID'),(8,'Uninor',3.5,1,'',12,'PREPAID'),(9,'	Tata',4.25,1,'',6,'PREPAID'),(10,'	MTNL',3.5,1,'',8,'PREPAID'),(11,'BSNL Special',3.75,1,'',32,'PREPAID'),(12,'Docomo Special',4.25,1,'',31,'PREPAID'),(13,'IdeaAKA',0,1,'',163,'PREPAID'),(14,'IdeaAP',0,1,'',164,'PREPAID'),(15,'IdeaJH',0,1,'',159,'PREPAID'),(16,'IdeaMP',0,1,'',162,'PREPAID'),(17,'IdeaTN',0,1,'',161,'PREPAID'),(18,'Loop Mobile',0,1,'',7,'PREPAID'),(19,'MTNL DL Special',3.5,1,'',55,'PREPAID'),(20,'MTNL DL Topup',3.5,1,'',54,'PREPAID'),(21,'MTS	4.50 ',0,1,'',16,'PREPAID'),(24,'	S Tel',0,1,'',9,'PREPAID'),(25,'Spice',0,1,'',10,'PREPAID'),(26,'T24 Special',2,1,'',96,'PREPAID'),(27,'Tata Indicom Prepaid',4.25,1,'',63,'PREPAID'),(28,'Uninor Special',3.5,1,'',46,'PREPAID'),(29,'Videocon',3,1,'',14,'PREPAID'),(30,'Videocon Special',3,1,'',30,'PREPAID'),(31,'Virgin CDMA',0,1,'',28,'PREPAID'),(32,'VodafoneJH',0,1,'',160,'PREPAID'),(33,'Airtel DTH\r\n',3.75,1,NULL,22,'DTH'),(34,'Dish TV\r\n',3.5,1,NULL,17,'DTH'),(35,'Sun Direct\r\n',4,1,NULL,20,'DTH'),(36,'Tata Sky\r\n',3.75,1,NULL,19,'DTH'),(37,'Videocon D2h\r\n',4,1,NULL,21,'DTH');

/*Table structure for table `particular_type` */

DROP TABLE IF EXISTS `particular_type`;

CREATE TABLE `particular_type` (
  `id` bigint(20) NOT NULL AUTO_INCREMENT,
  `name` varchar(100) DEFAULT NULL,
  PRIMARY KEY (`id`)
) ENGINE=InnoDB DEFAULT CHARSET=utf8;

/*Data for the table `particular_type` */

/*Table structure for table `particulars` */

DROP TABLE IF EXISTS `particulars`;

CREATE TABLE `particulars` (
  `id` bigint(20) NOT NULL AUTO_INCREMENT,
  `name` varchar(100) DEFAULT NULL,
  `particular_type_id` bigint(20) DEFAULT NULL,
  `customer_id` bigint(20) DEFAULT NULL,
  `start_date` datetime DEFAULT NULL,
  `end_date` datetime DEFAULT NULL,
  PRIMARY KEY (`id`),
  CONSTRAINT `particulars_customer_FK` FOREIGN KEY (`id`) REFERENCES `customer` (`id`),
  CONSTRAINT `particulars_particular_type_FK` FOREIGN KEY (`id`) REFERENCES `particular_type` (`id`)
) ENGINE=InnoDB DEFAULT CHARSET=utf8;

/*Data for the table `particulars` */

/*Table structure for table `registration_otp` */

DROP TABLE IF EXISTS `registration_otp`;

CREATE TABLE `registration_otp` (
  `otp_id` bigint(11) NOT NULL AUTO_INCREMENT,
  `mobile_number` varchar(14) DEFAULT NULL,
  `otp_value` varchar(8) DEFAULT NULL,
  PRIMARY KEY (`otp_id`)
) ENGINE=InnoDB AUTO_INCREMENT=6 DEFAULT CHARSET=utf8;

/*Data for the table `registration_otp` */

insert  into `registration_otp`(`otp_id`,`mobile_number`,`otp_value`) values (1,'9845573055','501527'),(3,'7795259974','500197'),(4,'918867262367','176717'),(5,'9481062088','761455');

/*Table structure for table `reward` */

DROP TABLE IF EXISTS `reward`;

CREATE TABLE `reward` (
  `ID` bigint(20) NOT NULL,
  `CREATED_BY` varchar(40) DEFAULT NULL,
  `CREATED_DATE` datetime DEFAULT NULL,
  `END_DATE` datetime NOT NULL,
  `AMOUNT` double NOT NULL,
  `IS_ACTIVE` tinyint(1) NOT NULL,
  `MODIFIED_BY` varchar(40) DEFAULT NULL,
  `MODIFIED_DATE` datetime DEFAULT NULL,
  `START_DATE` datetime DEFAULT NULL,
  `ACTION` varchar(40) NOT NULL,
  `CUSTOMER_ID` bigint(20) NOT NULL,
  KEY `FKq4a0acffv4i9l135k43n7dwr9` (`CUSTOMER_ID`),
  CONSTRAINT `FKq4a0acffv4i9l135k43n7dwr9` FOREIGN KEY (`CUSTOMER_ID`) REFERENCES `customer` (`id`),
  CONSTRAINT `reward_customer_FK` FOREIGN KEY (`CUSTOMER_ID`) REFERENCES `customer` (`id`)
) ENGINE=InnoDB DEFAULT CHARSET=utf8;

/*Data for the table `reward` */

insert  into `reward`(`ID`,`CREATED_BY`,`CREATED_DATE`,`END_DATE`,`AMOUNT`,`IS_ACTIVE`,`MODIFIED_BY`,`MODIFIED_DATE`,`START_DATE`,`ACTION`,`CUSTOMER_ID`) values (1,NULL,NULL,'2019-01-01 00:00:00',1,1,NULL,NULL,'2017-08-01 00:00:00','DOWNLOAD',10000000),(2,NULL,NULL,'2019-01-01 00:00:00',3,1,NULL,NULL,'2017-08-01 00:00:00','DEBIT',10000000);

/*Table structure for table `service_tax` */

DROP TABLE IF EXISTS `service_tax`;

CREATE TABLE `service_tax` (
  `id` varchar(255) NOT NULL,
  `name` varchar(255) DEFAULT NULL,
  `rate` double NOT NULL,
  PRIMARY KEY (`id`)
) ENGINE=InnoDB DEFAULT CHARSET=utf8;

/*Data for the table `service_tax` */

/*Table structure for table `sms` */

DROP TABLE IF EXISTS `sms`;

CREATE TABLE `sms` (
  `id` bigint(11) NOT NULL DEFAULT '0',
  `name` varchar(50) DEFAULT NULL,
  `format` varchar(500) DEFAULT NULL,
  PRIMARY KEY (`id`)
) ENGINE=InnoDB DEFAULT CHARSET=utf8;

/*Data for the table `sms` */

insert  into `sms`(`id`,`name`,`format`) values (1,'Block_Message','Dear %s, please note that your M3 Acc No (%s) is blocked by Alternate mobile holder (%s) designated by you. In case you wish to unblock, contact him/her. And also you may contact our Customer care on %s for further help.\n'),(2,'Unblock_Message','Dear %s, please note that your M3 Acc No. (%s) is unblocked by Alternate mobile holder (%s) designated by you. Now you may start using M3 without any hassle. Enjoy the M3 Cash World, the most simple and easy to make payments.'),(3,'Alternate_Message','Dear (%s), Welcome to M3 Cash World, the most simple and easy to make payments. You just need to enter the mobile number and transfer amount to anybody instantly. You are designated as Alternate Mobile Holder to receive OTP (in case of forgot password) by M3 Acc holder %s. Click on %s to download the app and register.\n'),(4,'Nominee_Message','Dear (%s), Welcome to M3 Cash World, the most simple and easy to make payments. You just need to enter the mobile number and transfer amount to anybody instantly. You are designated as Nominee by M3 Account holder %s. Click on %s to download the app and register.'),(5,'Wallet_To_Wallet_Message','Please note Rs. %s is transferred to your Mobile to Mobile Money account (M3 Acc) by %s (%s) on %s at %s. Your M3 Curr Bal with Yes Bank is Rs. %s. T & C apply.'),(6,'Unregistered_Message','Rs. %s is transferred to your Mobile to Mobile Money account (M3 Account) by %s (%s) on %s  at %s . Welcome to M3 Cash World, the most simple and easy to make payments. You just need to enter the mobile number to transfer to anybody instantly. To check your balance in your M3 Acc, click on the link %s  to register and experience the new way of making payments. Your Curr Bal with Yes Bank is Rs. %s . T & C apply.'),(7,'Registration_Message','Congratulations on completing registration to open M3 Acc. We welcome you to M3 Cash World, the most simple and easy to make payments. You just need to enter the mobile number and the amount to transfer to anyone instantly. Your M3 User ID is %s. Your M3 Cur Bal with Yes Bank is Rs.%s.T & C apply.'),(8,'Registration_Otp','%s is the unique OTP for mobile verification of M3, Mobile to Mobile Money Account. Enjoy the M3 Cash World, the most simple and easy to make payments.'),(9,'Forgot_Password','%s is the OTP for re-setting of Password of M3 Mobile Cash Account pertaining to Mobile No. %s. Please communicate the OTP to the mobile holder immediately as it is valid for 30 minutes. Please share it only to the correct person. T&C apply');

/*Table structure for table `transaction` */

DROP TABLE IF EXISTS `transaction`;

CREATE TABLE `transaction` (
  `id` bigint(20) NOT NULL AUTO_INCREMENT,
  `amount` double NOT NULL,
  `cgst` double NOT NULL,
  `created_by` varchar(255) DEFAULT NULL,
  `created_date` date DEFAULT NULL,
  `details` varchar(500) DEFAULT NULL,
  `igst` double NOT NULL,
  `kouchan_reference_number` varchar(255) DEFAULT NULL,
  `modified_by` varchar(255) DEFAULT NULL,
  `modified_date` date DEFAULT NULL,
  `service_charge` double DEFAULT NULL,
  `sgst` double NOT NULL,
  `vendor_or_group_reference_number` varchar(255) DEFAULT NULL,
  `customer_id` bigint(20) DEFAULT NULL,
  `fund_type_id` bigint(20) DEFAULT NULL,
  `transaction_status_id` bigint(20) DEFAULT NULL,
  `transfer_type_id` bigint(20) DEFAULT NULL,
  `vendor_type_id` bigint(20) DEFAULT NULL,
  `utility_commission` double DEFAULT '0',
  PRIMARY KEY (`id`),
  KEY `FKnbpjofb5abhjg5hiovi0t3k57` (`customer_id`),
  KEY `FK3rmctcxocwow2dietsfqe0wdp` (`fund_type_id`),
  KEY `FKrgwk5b1yesi7dgq0ijyh4ft82` (`transaction_status_id`),
  KEY `FK72fees9mu9egmw08gu86qe0qh` (`transfer_type_id`),
  KEY `FKta72eibxejnntrxberpva9xfl` (`vendor_type_id`),
  CONSTRAINT `FK3rmctcxocwow2dietsfqe0wdp` FOREIGN KEY (`fund_type_id`) REFERENCES `fund_type` (`id`),
  CONSTRAINT `FK72fees9mu9egmw08gu86qe0qh` FOREIGN KEY (`transfer_type_id`) REFERENCES `transfer_type` (`id`),
  CONSTRAINT `FKnbpjofb5abhjg5hiovi0t3k57` FOREIGN KEY (`customer_id`) REFERENCES `customer` (`id`),
  CONSTRAINT `FKrgwk5b1yesi7dgq0ijyh4ft82` FOREIGN KEY (`transaction_status_id`) REFERENCES `transfer_status` (`id`),
  CONSTRAINT `FKta72eibxejnntrxberpva9xfl` FOREIGN KEY (`vendor_type_id`) REFERENCES `vendor_type` (`id`)
) ENGINE=InnoDB AUTO_INCREMENT=1348 DEFAULT CHARSET=utf8;

/*Data for the table `transaction` */

insert  into `transaction`(`id`,`amount`,`cgst`,`created_by`,`created_date`,`details`,`igst`,`kouchan_reference_number`,`modified_by`,`modified_date`,`service_charge`,`sgst`,`vendor_or_group_reference_number`,`customer_id`,`fund_type_id`,`transaction_status_id`,`transfer_type_id`,`vendor_type_id`,`utility_commission`) values (1219,1,0,NULL,'2017-12-01','{\"receivedFrom\":\"Kouchan India Pvt Ltd\",\"sentTo\":\"Devu\",\"sendToMobile\":\"919945961063\",\"recieverFromMobile\":\"9790623123\",\"transactionReasons\":\"REWARD FOR DOWNLOAD\"}',0,'M330883',NULL,'2017-12-01',0,0,NULL,1818,2,5,6,3,0),(1220,3.36,0.18,NULL,'2017-12-01','{\"receivedFrom\":\"Kouchan India Pvt Ltd\",\"sentTo\":\"Devu\",\"sendToMobile\":\"919945961063\",\"recieverFromMobile\":\"9790623123\",\"transactionReasons\":\"REWARD FOR DOWNLOAD\"}',0,'M330883',NULL,'2017-12-01',2,0.18,NULL,10000000,1,5,6,3,0),(1221,1,0,NULL,'2017-12-01','{\"receivedFrom\":\"Kouchan India Pvt Ltd\",\"sentTo\":\"Shivaraj\",\"sendToMobile\":\"917676060664\",\"recieverFromMobile\":\"9790623123\",\"transactionReasons\":\"REWARD FOR DOWNLOAD\"}',0,'M330884',NULL,'2017-12-01',0,0,NULL,10000186,2,5,6,3,0),(1222,3.36,0.18,NULL,'2017-12-01','{\"receivedFrom\":\"Kouchan India Pvt Ltd\",\"sentTo\":\"Shivaraj\",\"sendToMobile\":\"917676060664\",\"recieverFromMobile\":\"9790623123\",\"transactionReasons\":\"REWARD FOR DOWNLOAD\"}',0,'M330884',NULL,'2017-12-01',2,0.18,NULL,10000000,1,5,6,3,0),(1223,1,0,NULL,'2017-12-01','{\"receivedFrom\":\"Kouchan India Pvt Ltd\",\"sentTo\":\"Shivaraj\",\"sendToMobile\":\"917676060664\",\"recieverFromMobile\":\"9790623123\",\"transactionReasons\":\"REWARD FOR DOWNLOAD\"}',0,'M330885',NULL,'2017-12-01',0,0,NULL,10000186,2,5,6,3,0),(1224,3.36,0.18,NULL,'2017-12-01','{\"receivedFrom\":\"Kouchan India Pvt Ltd\",\"sentTo\":\"Shivaraj\",\"sendToMobile\":\"917676060664\",\"recieverFromMobile\":\"9790623123\",\"transactionReasons\":\"REWARD FOR DOWNLOAD\"}',0,'M330885',NULL,'2017-12-01',2,0.18,NULL,10000000,1,5,6,3,0),(1225,1,0,NULL,'2017-12-01','{\"receivedFrom\":\"Kouchan India Pvt Ltd\",\"sentTo\":\"Shivaraj\",\"sendToMobile\":\"917676060664\",\"recieverFromMobile\":\"9790623123\",\"transactionReasons\":\"REWARD FOR DOWNLOAD\"}',0,'M330886',NULL,'2017-12-01',0,0,NULL,10000186,2,5,6,3,0),(1226,3.36,0.18,NULL,'2017-12-01','{\"receivedFrom\":\"Kouchan India Pvt Ltd\",\"sentTo\":\"Shivaraj\",\"sendToMobile\":\"917676060664\",\"recieverFromMobile\":\"9790623123\",\"transactionReasons\":\"REWARD FOR DOWNLOAD\"}',0,'M330886',NULL,'2017-12-01',2,0.18,NULL,10000000,1,5,6,3,0),(1227,1,0,NULL,'2017-12-01','{\"receivedFrom\":\"Kouchan India Pvt Ltd\",\"sentTo\":\"Shivaraj\",\"sendToMobile\":\"917676060664\",\"recieverFromMobile\":\"9790623123\",\"transactionReasons\":\"REWARD FOR DOWNLOAD\"}',0,'M330887',NULL,'2017-12-01',0,0,NULL,10000186,2,5,6,3,0),(1228,3.36,0.18,NULL,'2017-12-01','{\"receivedFrom\":\"Kouchan India Pvt Ltd\",\"sentTo\":\"Shivaraj\",\"sendToMobile\":\"917676060664\",\"recieverFromMobile\":\"9790623123\",\"transactionReasons\":\"REWARD FOR DOWNLOAD\"}',0,'M330887',NULL,'2017-12-01',2,0.18,NULL,10000000,1,5,6,3,0),(1229,1,0,NULL,'2017-12-01','{\"receivedFrom\":\"Kouchan India Pvt Ltd\",\"sentTo\":\"Shivaraj\",\"sendToMobile\":\"917676060664\",\"recieverFromMobile\":\"9790623123\",\"transactionReasons\":\"REWARD FOR DOWNLOAD\"}',0,'M330888',NULL,'2017-12-01',0,0,NULL,10000186,2,5,6,3,0),(1230,3.36,0.18,NULL,'2017-12-01','{\"receivedFrom\":\"Kouchan India Pvt Ltd\",\"sentTo\":\"Shivaraj\",\"sendToMobile\":\"917676060664\",\"recieverFromMobile\":\"9790623123\",\"transactionReasons\":\"REWARD FOR DOWNLOAD\"}',0,'M330888',NULL,'2017-12-01',2,0.18,NULL,10000000,1,5,6,3,0),(1231,1,0,NULL,'2017-12-01','{\"receivedFrom\":\"Kouchan India Pvt Ltd\",\"sentTo\":\"Shivaraj\",\"sendToMobile\":\"917676060664\",\"recieverFromMobile\":\"9790623123\",\"transactionReasons\":\"REWARD FOR DOWNLOAD\"}',0,'M330889',NULL,'2017-12-01',0,0,NULL,10000186,2,5,6,3,0),(1232,3.36,0.18,NULL,'2017-12-01','{\"receivedFrom\":\"Kouchan India Pvt Ltd\",\"sentTo\":\"Shivaraj\",\"sendToMobile\":\"917676060664\",\"recieverFromMobile\":\"9790623123\",\"transactionReasons\":\"REWARD FOR DOWNLOAD\"}',0,'M330889',NULL,'2017-12-01',2,0.18,NULL,10000000,1,5,6,3,0),(1233,1,0,NULL,'2017-12-01','{\"receivedFrom\":\"Kouchan India Pvt Ltd\",\"sentTo\":\"Shivaraj\",\"sendToMobile\":\"917676060664\",\"recieverFromMobile\":\"9790623123\",\"transactionReasons\":\"REWARD FOR DOWNLOAD\"}',0,'M330890',NULL,'2017-12-01',0,0,NULL,10000186,2,5,6,3,0),(1234,3.36,0.18,NULL,'2017-12-01','{\"receivedFrom\":\"Kouchan India Pvt Ltd\",\"sentTo\":\"Shivaraj\",\"sendToMobile\":\"917676060664\",\"recieverFromMobile\":\"9790623123\",\"transactionReasons\":\"REWARD FOR DOWNLOAD\"}',0,'M330890',NULL,'2017-12-01',2,0.18,NULL,10000000,1,5,6,3,0),(1235,1,0,NULL,'2017-12-02','{\"receivedFrom\":\"Kouchan India Pvt Ltd\",\"sentTo\":\"Shivaraj\",\"sendToMobile\":\"917676060664\",\"recieverFromMobile\":\"9790623123\",\"transactionReasons\":\"REWARD FOR DOWNLOAD\"}',0,'M330891',NULL,'2017-12-02',0,0,NULL,10000186,2,5,6,3,0),(1236,3.36,0.18,NULL,'2017-12-02','{\"receivedFrom\":\"Kouchan India Pvt Ltd\",\"sentTo\":\"Shivaraj\",\"sendToMobile\":\"917676060664\",\"recieverFromMobile\":\"9790623123\",\"transactionReasons\":\"REWARD FOR DOWNLOAD\"}',0,'M330891',NULL,'2017-12-02',2,0.18,NULL,10000000,1,5,6,3,0),(1237,1,0,NULL,'2017-12-02','{\"receivedFrom\":\"Kouchan India Pvt Ltd\",\"sentTo\":\"Shivaraj\",\"sendToMobile\":\"917676060664\",\"recieverFromMobile\":\"9790623123\",\"transactionReasons\":\"REWARD FOR DOWNLOAD\"}',0,'M330892',NULL,'2017-12-02',0,0,NULL,10000186,2,5,6,3,0),(1238,3.36,0.18,NULL,'2017-12-02','{\"receivedFrom\":\"Kouchan India Pvt Ltd\",\"sentTo\":\"Shivaraj\",\"sendToMobile\":\"917676060664\",\"recieverFromMobile\":\"9790623123\",\"transactionReasons\":\"REWARD FOR DOWNLOAD\"}',0,'M330892',NULL,'2017-12-02',2,0.18,NULL,10000000,1,5,6,3,0),(1239,1,0,NULL,'2017-12-02','{\"receivedFrom\":\"Kouchan India Pvt Ltd\",\"sentTo\":\"Shivaraj\",\"sendToMobile\":\"917676060664\",\"recieverFromMobile\":\"9790623123\",\"transactionReasons\":\"REWARD FOR DOWNLOAD\"}',0,'M330893',NULL,'2017-12-02',0,0,NULL,10000186,2,5,6,3,0),(1240,3.36,0.18,NULL,'2017-12-02','{\"receivedFrom\":\"Kouchan India Pvt Ltd\",\"sentTo\":\"Shivaraj\",\"sendToMobile\":\"917676060664\",\"recieverFromMobile\":\"9790623123\",\"transactionReasons\":\"REWARD FOR DOWNLOAD\"}',0,'M330893',NULL,'2017-12-02',2,0.18,NULL,10000000,1,5,6,3,0),(1241,1,0,NULL,'2017-12-02','{\"receivedFrom\":\"Kouchan India Pvt Ltd\",\"sentTo\":\"Shivaraj\",\"sendToMobile\":\"917676060664\",\"recieverFromMobile\":\"9790623123\",\"transactionReasons\":\"REWARD FOR DOWNLOAD\"}',0,'M330894',NULL,'2017-12-02',0,0,NULL,10000186,2,5,6,3,0),(1242,3.36,0.18,NULL,'2017-12-02','{\"receivedFrom\":\"Kouchan India Pvt Ltd\",\"sentTo\":\"Shivaraj\",\"sendToMobile\":\"917676060664\",\"recieverFromMobile\":\"9790623123\",\"transactionReasons\":\"REWARD FOR DOWNLOAD\"}',0,'M330894',NULL,'2017-12-02',2,0.18,NULL,10000000,1,5,6,3,0),(1243,1,0,NULL,'2017-12-02','{\"receivedFrom\":\"Kouchan India Pvt Ltd\",\"sentTo\":\"Shivaraj\",\"sendToMobile\":\"917676060664\",\"recieverFromMobile\":\"9790623123\",\"transactionReasons\":\"REWARD FOR DOWNLOAD\"}',0,'M330895',NULL,'2017-12-02',0,0,NULL,10000186,2,5,6,3,0),(1244,3.36,0.18,NULL,'2017-12-02','{\"receivedFrom\":\"Kouchan India Pvt Ltd\",\"sentTo\":\"Shivaraj\",\"sendToMobile\":\"917676060664\",\"recieverFromMobile\":\"9790623123\",\"transactionReasons\":\"REWARD FOR DOWNLOAD\"}',0,'M330895',NULL,'2017-12-02',2,0.18,NULL,10000000,1,5,6,3,0),(1245,3,0,NULL,'2017-12-04','{\"receivedFrom\":\"Kouchan India Pvt Ltd\",\"sentTo\":\"Shivaraj\",\"sendToMobile\":\"917676060664\",\"recieverFromMobile\":\"9790623123\",\"transactionReasons\":\"REWARD FOR DEBIT\"}',0,'M330897',NULL,'2017-12-04',0,0,NULL,10000186,2,5,6,3,0),(1246,5.36,0.18,NULL,'2017-12-04','{\"receivedFrom\":\"Kouchan India Pvt Ltd\",\"sentTo\":\"Shivaraj\",\"sendToMobile\":\"917676060664\",\"recieverFromMobile\":\"9790623123\",\"transactionReasons\":\"REWARD FOR DEBIT\"}',0,'M330897',NULL,'2017-12-04',2,0.18,NULL,10000000,1,5,6,3,0),(1247,20,0,NULL,'2017-12-04','{\"receivedFrom\":\"Ccccc\",\"sentTo\":\"Ccxxx\",\"sendToMobile\":\"918336666666\",\"recieverFromMobile\":\"918755544444\",\"transactionReasons\":\"Advance / Loan\",\"transactionReferenceOne\":\"fdvfdv\",\"transactionReferenceTwo\":\"\",\"transactionReferenceThree\":\"\"}',0,'M330896',NULL,'2017-12-04',0,0,NULL,10000207,2,5,6,3,0),(1248,22.36,0.18,NULL,'2017-12-04','{\"receivedFrom\":\"Ccccc\",\"sentTo\":\"Ccxxx\",\"sendToMobile\":\"918336666666\",\"recieverFromMobile\":\"918755544444\",\"transactionReasons\":\"Advance / Loan\",\"transactionReferenceOne\":\"fdvfdv\",\"transactionReferenceTwo\":\"\",\"transactionReferenceThree\":\"\"}',0,'M330896',NULL,'2017-12-04',2,0.18,NULL,10000208,1,5,6,3,0),(1249,10,0,NULL,'2017-12-04','{\"receivedFrom\":\"Ccccc\",\"transactionReasons\":\"Auto / Taxi\",\"transactionReferenceOne\":\"ffff\",\"transactionReferenceTwo\":\"lskdjf\",\"transactionReferenceThree\":\"skdf\"}',0,'M330898',NULL,'2017-12-04',0,0,'222',10000206,2,5,7,3,0),(1250,10,0,NULL,'2017-12-04','{\"receivedFrom\":\"Ccccc\",\"transactionReasons\":\"Auto / Taxi\",\"transactionReferenceOne\":\"ffff\",\"transactionReferenceTwo\":\"lskdjf\",\"transactionReferenceThree\":\"skdf\"}',0,'M330898',NULL,'2017-12-04',0,0,'222',10000207,2,5,7,3,0),(1251,20.22,0.01,NULL,'2017-12-04','{\"sentTo\":\"fyyy\",\"transactionReasons\":\"Auto / Taxi\",\"transactionReferenceOne\":\"ffff\",\"transactionReferenceTwo\":\"lskdjf\",\"transactionReferenceThree\":\"skdf\"}',0,'M330898',NULL,'2017-12-04',0.2,0.01,'222',10000208,1,5,7,3,0),(1252,11,0,NULL,'2017-12-04','{\"receivedFrom\":\"Shivaraj\",\"transactionReasons\":\"Auto / Taxi\",\"transactionReferenceOne\":\"Yes\",\"transactionReferenceTwo\":\"na\",\"transactionReferenceThree\":\"na\"}',0,'M330899',NULL,'2017-12-04',0,0,'224',10000207,2,5,7,3,0),(1253,11,0,NULL,'2017-12-04','{\"receivedFrom\":\"Shivaraj\",\"transactionReasons\":\"Auto / Taxi\",\"transactionReferenceOne\":\"Yes\",\"transactionReferenceTwo\":\"na\",\"transactionReferenceThree\":\"na\"}',0,'M330899',NULL,'2017-12-04',0,0,'224',10000206,2,5,7,3,0),(1254,22.24,0.01,NULL,'2017-12-04','{\"sentTo\":\"rest\",\"transactionReasons\":\"Auto / Taxi\",\"transactionReferenceOne\":\"Yes\",\"transactionReferenceTwo\":\"na\",\"transactionReferenceThree\":\"na\"}',0,'M330899',NULL,'2017-12-04',0.22,0.01,'224',10000186,1,5,7,3,0),(1255,10,0,NULL,'2017-12-04','{\"receivedFrom\":\"Shivaraj\",\"sentTo\":\"Ddddd\",\"sendToMobile\":\"917854444444\",\"recieverFromMobile\":\"917676060664\",\"transactionReasons\":\"Business Promotion  / Advertisement\",\"transactionReferenceOne\":\"Test\",\"transactionReferenceTwo\":\"\",\"transactionReferenceThree\":\"\"}',0,'M330900',NULL,'2017-12-04',0,0,NULL,10000206,2,5,6,3,0),(1256,12.36,0.18,NULL,'2017-12-04','{\"receivedFrom\":\"Shivaraj\",\"sentTo\":\"Ddddd\",\"sendToMobile\":\"917854444444\",\"recieverFromMobile\":\"917676060664\",\"transactionReasons\":\"Business Promotion  / Advertisement\",\"transactionReferenceOne\":\"Test\",\"transactionReferenceTwo\":\"\",\"transactionReferenceThree\":\"\"}',0,'M330900',NULL,'2017-12-04',2,0.18,NULL,10000186,1,5,6,3,0),(1257,40,0,NULL,'2017-12-04','{\"receivedFrom\":\"Ccccc\",\"sentTo\":\"Ccxxx\",\"sendToMobile\":\"918336666666\",\"recieverFromMobile\":\"918755544444\",\"transactionReasons\":\"Beauty Parlor / Saloon\",\"transactionReferenceOne\":\"hhhh\",\"transactionReferenceTwo\":\"\",\"transactionReferenceThree\":\"\"}',0,'M330902',NULL,'2017-12-04',0,0,NULL,10000207,2,5,6,3,0),(1258,42.36,0.18,NULL,'2017-12-04','{\"receivedFrom\":\"Ccccc\",\"sentTo\":\"Ccxxx\",\"sendToMobile\":\"918336666666\",\"recieverFromMobile\":\"918755544444\",\"transactionReasons\":\"Beauty Parlor / Saloon\",\"transactionReferenceOne\":\"hhhh\",\"transactionReferenceTwo\":\"\",\"transactionReferenceThree\":\"\"}',0,'M330902',NULL,'2017-12-04',2,0.18,NULL,10000208,1,5,6,3,0),(1259,20,0,NULL,'2017-12-04','{\"receivedFrom\":\"Ccccc\",\"sentTo\":\"Ddddd\",\"sendToMobile\":\"917854444444\",\"recieverFromMobile\":\"918755544444\",\"transactionReasons\":\"Advance / Loan\",\"transactionReferenceOne\":\"ghhh\",\"transactionReferenceTwo\":\"\",\"transactionReferenceThree\":\"\"}',0,'M330903',NULL,'2017-12-04',0,0,NULL,10000206,2,5,6,3,0),(1260,22.36,0.18,NULL,'2017-12-04','{\"receivedFrom\":\"Ccccc\",\"sentTo\":\"Ddddd\",\"sendToMobile\":\"917854444444\",\"recieverFromMobile\":\"918755544444\",\"transactionReasons\":\"Advance / Loan\",\"transactionReferenceOne\":\"ghhh\",\"transactionReferenceTwo\":\"\",\"transactionReferenceThree\":\"\"}',0,'M330903',NULL,'2017-12-04',2,0.18,NULL,10000208,1,5,6,3,0),(1261,50,0,NULL,'2017-12-04','{\"receivedFrom\":\"Ccccc\",\"sentTo\":\"Ddddd\",\"sendToMobile\":\"917854444444\",\"recieverFromMobile\":\"918755544444\",\"transactionReasons\":\"Cabelwala / DTH\",\"transactionReferenceOne\":\"ghhh\",\"transactionReferenceTwo\":\"\",\"transactionReferenceThree\":\"\"}',0,'M330904',NULL,'2017-12-04',0,0,NULL,10000206,2,5,6,3,0),(1262,52.36,0.18,NULL,'2017-12-04','{\"receivedFrom\":\"Ccccc\",\"sentTo\":\"Ddddd\",\"sendToMobile\":\"917854444444\",\"recieverFromMobile\":\"918755544444\",\"transactionReasons\":\"Cabelwala / DTH\",\"transactionReferenceOne\":\"ghhh\",\"transactionReferenceTwo\":\"\",\"transactionReferenceThree\":\"\"}',0,'M330904',NULL,'2017-12-04',2,0.18,NULL,10000208,1,5,6,3,0),(1263,8,0,NULL,'2017-12-04','{\"receivedFrom\":\"Ccccc\",\"sentTo\":\"Ddddd\",\"sendToMobile\":\"917854444444\",\"recieverFromMobile\":\"918755544444\",\"transactionReasons\":\"Advance / Loan\",\"transactionReferenceOne\":\"hhhh\",\"transactionReferenceTwo\":\"\",\"transactionReferenceThree\":\"\"}',0,'M330905',NULL,'2017-12-04',0,0,NULL,10000206,2,5,6,3,0),(1264,10.36,0.18,NULL,'2017-12-04','{\"receivedFrom\":\"Ccccc\",\"sentTo\":\"Ddddd\",\"sendToMobile\":\"917854444444\",\"recieverFromMobile\":\"918755544444\",\"transactionReasons\":\"Advance / Loan\",\"transactionReferenceOne\":\"hhhh\",\"transactionReferenceTwo\":\"\",\"transactionReferenceThree\":\"\"}',0,'M330905',NULL,'2017-12-04',2,0.18,NULL,10000208,1,5,6,3,0),(1265,1,0,NULL,'2017-12-05','{\"receivedFrom\":\"Kouchan India Pvt Ltd\",\"sentTo\":\"Shivaraj\",\"sendToMobile\":\"917676060664\",\"recieverFromMobile\":\"9790623123\",\"transactionReasons\":\"REWARD FOR DOWNLOAD\"}',0,'M330906',NULL,'2017-12-05',0,0,NULL,10000186,2,5,6,3,0),(1266,3.36,0.18,NULL,'2017-12-05','{\"receivedFrom\":\"Kouchan India Pvt Ltd\",\"sentTo\":\"Shivaraj\",\"sendToMobile\":\"917676060664\",\"recieverFromMobile\":\"9790623123\",\"transactionReasons\":\"REWARD FOR DOWNLOAD\"}',0,'M330906',NULL,'2017-12-05',2,0.18,NULL,10000000,1,5,6,3,0),(1267,1,0,NULL,'2017-12-05','{\"receivedFrom\":\"Kouchan India Pvt Ltd\",\"sentTo\":\"Shivaraj\",\"sendToMobile\":\"917676060664\",\"recieverFromMobile\":\"9790623123\",\"transactionReasons\":\"REWARD FOR DOWNLOAD\"}',0,'M330907',NULL,'2017-12-05',0,0,NULL,10000186,2,5,6,3,0),(1268,3.36,0.18,NULL,'2017-12-05','{\"receivedFrom\":\"Kouchan India Pvt Ltd\",\"sentTo\":\"Shivaraj\",\"sendToMobile\":\"917676060664\",\"recieverFromMobile\":\"9790623123\",\"transactionReasons\":\"REWARD FOR DOWNLOAD\"}',0,'M330907',NULL,'2017-12-05',2,0.18,NULL,10000000,1,5,6,3,0),(1269,1,0,NULL,'2017-12-05','{\"receivedFrom\":\"Kouchan India Pvt Ltd\",\"sentTo\":\"Shivaraj\",\"sendToMobile\":\"917676060664\",\"recieverFromMobile\":\"9790623123\",\"transactionReasons\":\"REWARD FOR DOWNLOAD\"}',0,'M330908',NULL,'2017-12-05',0,0,NULL,10000186,2,5,6,3,0),(1270,3.36,0.18,NULL,'2017-12-05','{\"receivedFrom\":\"Kouchan India Pvt Ltd\",\"sentTo\":\"Shivaraj\",\"sendToMobile\":\"917676060664\",\"recieverFromMobile\":\"9790623123\",\"transactionReasons\":\"REWARD FOR DOWNLOAD\"}',0,'M330908',NULL,'2017-12-05',2,0.18,NULL,10000000,1,5,6,3,0),(1271,1,0,NULL,'2017-12-05','{\"receivedFrom\":\"Kouchan India Pvt Ltd\",\"sentTo\":\"Shivaraj\",\"sendToMobile\":\"917676060664\",\"recieverFromMobile\":\"9790623123\",\"transactionReasons\":\"REWARD FOR DOWNLOAD\"}',0,'M330909',NULL,'2017-12-05',0,0,NULL,10000186,2,5,6,3,0),(1272,3.36,0.18,NULL,'2017-12-05','{\"receivedFrom\":\"Kouchan India Pvt Ltd\",\"sentTo\":\"Shivaraj\",\"sendToMobile\":\"917676060664\",\"recieverFromMobile\":\"9790623123\",\"transactionReasons\":\"REWARD FOR DOWNLOAD\"}',0,'M330909',NULL,'2017-12-05',2,0.18,NULL,10000000,1,5,6,3,0),(1273,1,0,NULL,'2017-12-05','{\"receivedFrom\":\"Kouchan India Pvt Ltd\",\"sentTo\":\"Devu\",\"sendToMobile\":\"919945961063\",\"recieverFromMobile\":\"9790623123\",\"transactionReasons\":\"REWARD FOR DOWNLOAD\"}',0,'M330910',NULL,'2017-12-05',0,0,NULL,1818,2,5,6,3,0),(1274,3.36,0.18,NULL,'2017-12-05','{\"receivedFrom\":\"Kouchan India Pvt Ltd\",\"sentTo\":\"Devu\",\"sendToMobile\":\"919945961063\",\"recieverFromMobile\":\"9790623123\",\"transactionReasons\":\"REWARD FOR DOWNLOAD\"}',0,'M330910',NULL,'2017-12-05',2,0.18,NULL,10000000,1,5,6,3,0),(1275,63,0,NULL,'2017-12-05','{\"receivedFrom\":\"Shivaraj\",\"sentTo\":\"Puneeth Kumar TR\",\"sendToMobile\":\"919481062088\",\"recieverFromMobile\":\"917676060664\",\"transactionReasons\":\"Advance / Loan\",\"transactionReferenceOne\":\"Hah\",\"transactionReferenceTwo\":\"\",\"transactionReferenceThree\":\"\"}',0,'M330911',NULL,'2017-12-05',0,0,NULL,10000183,2,5,6,3,0),(1276,65.36,0.18,NULL,'2017-12-05','{\"receivedFrom\":\"Shivaraj\",\"sentTo\":\"Puneeth Kumar TR\",\"sendToMobile\":\"919481062088\",\"recieverFromMobile\":\"917676060664\",\"transactionReasons\":\"Advance / Loan\",\"transactionReferenceOne\":\"Hah\",\"transactionReferenceTwo\":\"\",\"transactionReferenceThree\":\"\"}',0,'M330911',NULL,'2017-12-05',2,0.18,NULL,10000186,1,5,6,3,0),(1277,25,0,NULL,'2017-12-05','{\"receivedFrom\":\"Shivaraj\",\"transactionReasons\":\"Advance / Loan\",\"transactionReferenceOne\":\"Gig\",\"transactionReferenceTwo\":\"na\",\"transactionReferenceThree\":\"na\"}',0,'M330912',NULL,'2017-12-05',0,0,'224',10000207,2,5,7,3,0),(1278,25,0,NULL,'2017-12-05','{\"receivedFrom\":\"Shivaraj\",\"transactionReasons\":\"Advance / Loan\",\"transactionReferenceOne\":\"Gig\",\"transactionReferenceTwo\":\"na\",\"transactionReferenceThree\":\"na\"}',0,'M330912',NULL,'2017-12-05',0,0,'224',10000206,2,5,7,3,0),(1279,50.58,0.04,NULL,'2017-12-05','{\"sentTo\":\"rest\",\"transactionReasons\":\"Advance / Loan\",\"transactionReferenceOne\":\"Gig\",\"transactionReferenceTwo\":\"na\",\"transactionReferenceThree\":\"na\"}',0,'M330912',NULL,'2017-12-05',0.5,0.04,'224',10000186,1,5,7,3,0),(1280,500,0,NULL,'2017-12-05','{\"receivedFrom\":\"Shivaraj\",\"transactionReasons\":\"Advance / Loan\",\"transactionReferenceOne\":\"Ghee\",\"transactionReferenceTwo\":\"na\",\"transactionReferenceThree\":\"na\"}',0,'M330913',NULL,'2017-12-05',0,0,'224',10000207,2,5,7,3,0),(1281,50,0,NULL,'2017-12-05','{\"receivedFrom\":\"Shivaraj\",\"transactionReasons\":\"Advance / Loan\",\"transactionReferenceOne\":\"Ghee\",\"transactionReferenceTwo\":\"na\",\"transactionReferenceThree\":\"na\"}',0,'M330913',NULL,'2017-12-05',0,0,'224',10000206,2,5,7,3,0),(1282,582.44,2.47,NULL,'2017-12-05','{\"sentTo\":\"rest\",\"transactionReasons\":\"Advance / Loan\",\"transactionReferenceOne\":\"Ghee\",\"transactionReferenceTwo\":\"na\",\"transactionReferenceThree\":\"na\"}',0,'M330913',NULL,'2017-12-05',27.5,2.47,'224',10000186,1,5,7,3,0),(1283,1,0,NULL,'2017-12-06','{\"receivedFrom\":\"Kouchan India Pvt Ltd\",\"sentTo\":\"Shivaraj\",\"sendToMobile\":\"917676060664\",\"recieverFromMobile\":\"9790623123\",\"transactionReasons\":\"REWARD FOR DOWNLOAD\"}',0,'M330914',NULL,'2017-12-06',0,0,NULL,10000186,2,5,6,3,0),(1284,3.36,0.18,NULL,'2017-12-06','{\"receivedFrom\":\"Kouchan India Pvt Ltd\",\"sentTo\":\"Shivaraj\",\"sendToMobile\":\"917676060664\",\"recieverFromMobile\":\"9790623123\",\"transactionReasons\":\"REWARD FOR DOWNLOAD\"}',0,'M330914',NULL,'2017-12-06',2,0.18,NULL,10000000,1,5,6,3,0),(1285,1,0,NULL,'2017-12-07','{\"receivedFrom\":\"Kouchan India Pvt Ltd\",\"sentTo\":\"Devu\",\"sendToMobile\":\"919945961063\",\"recieverFromMobile\":\"9790623123\",\"transactionReasons\":\"REWARD FOR DOWNLOAD\"}',0,'M330915',NULL,'2017-12-07',0,0,NULL,1818,2,5,6,3,0),(1286,3.36,0.18,NULL,'2017-12-07','{\"receivedFrom\":\"Kouchan India Pvt Ltd\",\"sentTo\":\"Devu\",\"sendToMobile\":\"919945961063\",\"recieverFromMobile\":\"9790623123\",\"transactionReasons\":\"REWARD FOR DOWNLOAD\"}',0,'M330915',NULL,'2017-12-07',2,0.18,NULL,10000000,1,5,6,3,0),(1287,1,0,NULL,'2017-12-07','{\"receivedFrom\":\"Kouchan India Pvt Ltd\",\"sentTo\":\"Devu\",\"sendToMobile\":\"919945961063\",\"recieverFromMobile\":\"9790623123\",\"transactionReasons\":\"REWARD FOR DOWNLOAD\"}',0,'M330916',NULL,'2017-12-07',0,0,NULL,1818,2,5,6,3,0),(1288,3.36,0.18,NULL,'2017-12-07','{\"receivedFrom\":\"Kouchan India Pvt Ltd\",\"sentTo\":\"Devu\",\"sendToMobile\":\"919945961063\",\"recieverFromMobile\":\"9790623123\",\"transactionReasons\":\"REWARD FOR DOWNLOAD\"}',0,'M330916',NULL,'2017-12-07',2,0.18,NULL,10000000,1,5,6,3,0),(1289,1,0,NULL,'2017-12-07','{\"receivedFrom\":\"Kouchan India Pvt Ltd\",\"sentTo\":\"Shivaraj\",\"sendToMobile\":\"917676060664\",\"recieverFromMobile\":\"9790623123\",\"transactionReasons\":\"REWARD FOR DOWNLOAD\"}',0,'M330917',NULL,'2017-12-07',0,0,NULL,10000186,2,5,6,3,0),(1290,3.36,0.18,NULL,'2017-12-07','{\"receivedFrom\":\"Kouchan India Pvt Ltd\",\"sentTo\":\"Shivaraj\",\"sendToMobile\":\"917676060664\",\"recieverFromMobile\":\"9790623123\",\"transactionReasons\":\"REWARD FOR DOWNLOAD\"}',0,'M330917',NULL,'2017-12-07',2,0.18,NULL,10000000,1,5,6,3,0),(1291,10,0,NULL,'2017-12-07','{\"receivedFrom\":\"Lakshmi\",\"sentTo\":\"Shivaraj\",\"sendToMobile\":\"917676060664\",\"recieverFromMobile\":\"918550814461\",\"transactionReasons\":\"Advance / Loan\",\"transactionReferenceOne\":\"wwww\",\"transactionReferenceTwo\":\"\",\"transactionReferenceThree\":\"\"}',0,'M330918',NULL,'2017-12-07',0,0,NULL,10000186,2,5,6,3,0),(1292,12.36,0.18,NULL,'2017-12-07','{\"receivedFrom\":\"Lakshmi\",\"sentTo\":\"Shivaraj\",\"sendToMobile\":\"917676060664\",\"recieverFromMobile\":\"918550814461\",\"transactionReasons\":\"Advance / Loan\",\"transactionReferenceOne\":\"wwww\",\"transactionReferenceTwo\":\"\",\"transactionReferenceThree\":\"\"}',0,'M330918',NULL,'2017-12-07',2,0.18,NULL,10000191,1,5,6,3,0),(1293,2,0,NULL,'2017-12-07','{\"receivedFrom\":\"Lakshmi\",\"transactionReasons\":\"Advance / Loan\",\"transactionReferenceOne\":\"fff\",\"transactionReferenceTwo\":\"lskdjf\",\"transactionReferenceThree\":\"skdf\"}',0,'M330919',NULL,'2017-12-07',0,0,'225',10000186,2,5,7,3,0),(1294,2.02,0,NULL,'2017-12-07','{\"sentTo\":\"jjj\",\"transactionReasons\":\"Advance / Loan\",\"transactionReferenceOne\":\"fff\",\"transactionReferenceTwo\":\"lskdjf\",\"transactionReferenceThree\":\"skdf\"}',0,'M330919',NULL,'2017-12-07',0.02,0,'225',10000191,1,5,7,3,0),(1295,50,0,NULL,'2017-12-07','{\"receivedFrom\":\"Shivaraj\",\"sentTo\":\"Puneeth Kumar TR\",\"sendToMobile\":\"919481062088\",\"recieverFromMobile\":\"917676060664\",\"transactionReasons\":\"Auto / Taxi\",\"transactionReferenceOne\":\"Bsjsh\",\"transactionReferenceTwo\":\"\",\"transactionReferenceThree\":\"\"}',0,'M330925',NULL,'2017-12-07',0,0,NULL,10000183,2,5,6,3,0),(1296,52.36,0.18,NULL,'2017-12-07','{\"receivedFrom\":\"Shivaraj\",\"sentTo\":\"Puneeth Kumar TR\",\"sendToMobile\":\"919481062088\",\"recieverFromMobile\":\"917676060664\",\"transactionReasons\":\"Auto / Taxi\",\"transactionReferenceOne\":\"Bsjsh\",\"transactionReferenceTwo\":\"\",\"transactionReferenceThree\":\"\"}',0,'M330925',NULL,'2017-12-07',2,0.18,NULL,10000186,1,5,6,3,0),(1297,50,0,NULL,'2017-12-07','{\"receivedFrom\":\"Shivaraj\",\"sentTo\":\"Aditya\",\"sendToMobile\":\"919845573055\",\"recieverFromMobile\":\"917676060664\",\"transactionReasons\":\"Beauty Parlor / Saloon\",\"transactionReferenceOne\":\"Hsjsj\",\"transactionReferenceTwo\":\"\",\"transactionReferenceThree\":\"\"}',0,'M330926',NULL,'2017-12-07',0,0,NULL,10000203,2,5,6,3,0),(1298,52.36,0.18,NULL,'2017-12-07','{\"receivedFrom\":\"Shivaraj\",\"sentTo\":\"Aditya\",\"sendToMobile\":\"919845573055\",\"recieverFromMobile\":\"917676060664\",\"transactionReasons\":\"Beauty Parlor / Saloon\",\"transactionReferenceOne\":\"Hsjsj\",\"transactionReferenceTwo\":\"\",\"transactionReferenceThree\":\"\"}',0,'M330926',NULL,'2017-12-07',2,0.18,NULL,10000186,1,5,6,3,0),(1300,50,0,NULL,'2017-12-07','{\"receivedFrom\":\"Shivaraj\",\"transactionReasons\":\"Advance / Loan\",\"transactionReferenceOne\":\"Koam\",\"transactionReferenceTwo\":\"na\",\"transactionReferenceThree\":\"na\"}',0,'M330927',NULL,'2017-12-07',0,0,'226',10000183,2,5,7,3,0),(1301,101.18,0.09,NULL,'2017-12-07','{\"sentTo\":\"okayfine\",\"transactionReasons\":\"Advance / Loan\",\"transactionReferenceOne\":\"Koam\",\"transactionReferenceTwo\":\"na\",\"transactionReferenceThree\":\"na\"}',0,'M330927',NULL,'2017-12-07',1,0.09,'226',10000186,1,5,7,3,0),(1302,1,0,NULL,'2017-12-07','{\"receivedFrom\":\"Kouchan India Pvt Ltd\",\"sentTo\":\"Devu\",\"sendToMobile\":\"919945961063\",\"recieverFromMobile\":\"9790623123\",\"transactionReasons\":\"REWARD FOR DOWNLOAD\"}',0,'M330946',NULL,'2017-12-07',0,0,NULL,1818,2,5,6,3,0),(1303,3.36,0.18,NULL,'2017-12-07','{\"receivedFrom\":\"Kouchan India Pvt Ltd\",\"sentTo\":\"Devu\",\"sendToMobile\":\"919945961063\",\"recieverFromMobile\":\"9790623123\",\"transactionReasons\":\"REWARD FOR DOWNLOAD\"}',0,'M330946',NULL,'2017-12-07',2,0.18,NULL,10000000,1,5,6,3,0),(1304,20,0,NULL,'2017-12-07','{\"receivedFrom\":\"Lakshmi\",\"sentTo\":\"Shivaraj\",\"sendToMobile\":\"917676060664\",\"recieverFromMobile\":\"918550814461\",\"transactionReasons\":\"Advance / Loan\",\"transactionReferenceOne\":\"dhhdfj\",\"transactionReferenceTwo\":\"\",\"transactionReferenceThree\":\"\"}',0,'M330949',NULL,'2017-12-07',0,0,NULL,10000186,2,5,6,3,0),(1305,22.36,0.18,NULL,'2017-12-07','{\"receivedFrom\":\"Lakshmi\",\"sentTo\":\"Shivaraj\",\"sendToMobile\":\"917676060664\",\"recieverFromMobile\":\"918550814461\",\"transactionReasons\":\"Advance / Loan\",\"transactionReferenceOne\":\"dhhdfj\",\"transactionReferenceTwo\":\"\",\"transactionReferenceThree\":\"\"}',0,'M330949',NULL,'2017-12-07',2,0.18,NULL,10000191,1,5,6,3,0),(1306,4000,0,NULL,'2017-12-07','{\"receivedFrom\":\"Lakshmi\",\"sentTo\":\"Thriveni K S\",\"sendToMobile\":\"919538918341\",\"recieverFromMobile\":\"918550814461\",\"transactionReasons\":\"Beauty Parlor / Saloon\",\"transactionReferenceOne\":\"Test\",\"transactionReferenceTwo\":\"\",\"transactionReferenceThree\":\"\"}',0,'M330950',NULL,'2017-12-07',0,0,NULL,10000218,2,5,6,3,0),(1307,4007.08,0.54,NULL,'2017-12-07','{\"receivedFrom\":\"Lakshmi\",\"sentTo\":\"Thriveni K S\",\"sendToMobile\":\"919538918341\",\"recieverFromMobile\":\"918550814461\",\"transactionReasons\":\"Beauty Parlor / Saloon\",\"transactionReferenceOne\":\"Test\",\"transactionReferenceTwo\":\"\",\"transactionReferenceThree\":\"\"}',0,'M330950',NULL,'2017-12-07',6,0.54,NULL,10000191,1,5,6,3,0),(1308,500,0,NULL,'2017-12-07','{\"receivedFrom\":\"Lakshmi\",\"sentTo\":\"Thriveni K S\",\"sendToMobile\":\"919538918341\",\"recieverFromMobile\":\"918550814461\",\"transactionReasons\":\"Advance / Loan\",\"transactionReferenceOne\":\"ghj\",\"transactionReferenceTwo\":\"\",\"transactionReferenceThree\":\"\"}',0,'M330951',NULL,'2017-12-07',0,0,NULL,10000218,2,5,6,3,0),(1309,504.72,0.36,NULL,'2017-12-07','{\"receivedFrom\":\"Lakshmi\",\"sentTo\":\"Thriveni K S\",\"sendToMobile\":\"919538918341\",\"recieverFromMobile\":\"918550814461\",\"transactionReasons\":\"Advance / Loan\",\"transactionReferenceOne\":\"ghj\",\"transactionReferenceTwo\":\"\",\"transactionReferenceThree\":\"\"}',0,'M330951',NULL,'2017-12-07',4,0.36,NULL,10000191,1,5,6,3,0),(1310,3,0,NULL,'2017-12-07','{\"receivedFrom\":\"Kouchan India Pvt Ltd\",\"sentTo\":\"Devu\",\"sendToMobile\":\"919945961063\",\"recieverFromMobile\":\"9790623123\",\"transactionReasons\":\"REWARD FOR DEBIT\"}',0,'M330953',NULL,'2017-12-07',0,0,NULL,1818,2,5,6,3,0),(1311,5.36,0.18,NULL,'2017-12-07','{\"receivedFrom\":\"Kouchan India Pvt Ltd\",\"sentTo\":\"Devu\",\"sendToMobile\":\"919945961063\",\"recieverFromMobile\":\"9790623123\",\"transactionReasons\":\"REWARD FOR DEBIT\"}',0,'M330953',NULL,'2017-12-07',2,0.18,NULL,10000000,1,5,6,3,0),(1312,500,0,NULL,'2017-12-07','{\"receivedFrom\":\"Thriveni K S\",\"sentTo\":\"Puneeth Kumar TR\",\"sendToMobile\":\"919481062088\",\"recieverFromMobile\":\"919538918341\",\"transactionReasons\":\"Auto / Taxi\",\"transactionReferenceOne\":\"Fff\",\"transactionReferenceTwo\":\"\",\"transactionReferenceThree\":\"\"}',0,'M330952',NULL,'2017-12-07',0,0,NULL,10000183,2,5,6,3,0),(1313,504.72,0.36,NULL,'2017-12-07','{\"receivedFrom\":\"Thriveni K S\",\"sentTo\":\"Puneeth Kumar TR\",\"sendToMobile\":\"919481062088\",\"recieverFromMobile\":\"919538918341\",\"transactionReasons\":\"Auto / Taxi\",\"transactionReferenceOne\":\"Fff\",\"transactionReferenceTwo\":\"\",\"transactionReferenceThree\":\"\"}',0,'M330952',NULL,'2017-12-07',4,0.36,NULL,10000218,1,5,6,3,0),(1314,100,0,NULL,'2017-12-08','{\"receivedFrom\":\"Shivaraj\",\"sentTo\":\"Puneeth Kumar TR\",\"sendToMobile\":\"919481062088\",\"recieverFromMobile\":\"917676060664\",\"transactionReasons\":\"Auto / Taxi\",\"transactionReferenceOne\":\"Test\",\"transactionReferenceTwo\":\"\",\"transactionReferenceThree\":\"\"}',0,'M330954',NULL,'2017-12-08',0,0,NULL,10000183,2,5,6,3,0),(1315,102.36,0.18,NULL,'2017-12-08','{\"receivedFrom\":\"Shivaraj\",\"sentTo\":\"Puneeth Kumar TR\",\"sendToMobile\":\"919481062088\",\"recieverFromMobile\":\"917676060664\",\"transactionReasons\":\"Auto / Taxi\",\"transactionReferenceOne\":\"Test\",\"transactionReferenceTwo\":\"\",\"transactionReferenceThree\":\"\"}',0,'M330954',NULL,'2017-12-08',2,0.18,NULL,10000186,1,5,6,3,0),(1316,1,0,NULL,'2017-12-08','{\"receivedFrom\":\"Shivaraj\",\"sentTo\":\"Aditya\",\"sendToMobile\":\"919845573055\",\"recieverFromMobile\":\"917676060664\",\"transactionReasons\":\"Auto / Taxi\",\"transactionReferenceOne\":\"Test\",\"transactionReferenceTwo\":\"\",\"transactionReferenceThree\":\"\"}',0,'M330955',NULL,'2017-12-08',0,0,NULL,10000203,2,5,6,3,0),(1317,3.36,0.18,NULL,'2017-12-08','{\"receivedFrom\":\"Shivaraj\",\"sentTo\":\"Aditya\",\"sendToMobile\":\"919845573055\",\"recieverFromMobile\":\"917676060664\",\"transactionReasons\":\"Auto / Taxi\",\"transactionReferenceOne\":\"Test\",\"transactionReferenceTwo\":\"\",\"transactionReferenceThree\":\"\"}',0,'M330955',NULL,'2017-12-08',2,0.18,NULL,10000186,1,5,6,3,0),(1318,25,0,NULL,'2017-12-08','{\"receivedFrom\":\"Puneeth Kumar TR\",\"sentTo\":\"Shivaraj\",\"sendToMobile\":\"917676060664\",\"recieverFromMobile\":\"919481062088\",\"transactionReasons\":\"Art / Music / Dance Class Fees\",\"transactionReferenceOne\":\"Tyg\",\"transactionReferenceTwo\":\"\",\"transactionReferenceThree\":\"\"}',0,'M330957',NULL,'2017-12-08',0,0,NULL,10000186,2,5,6,3,0),(1319,27.36,0.18,NULL,'2017-12-08','{\"receivedFrom\":\"Puneeth Kumar TR\",\"sentTo\":\"Shivaraj\",\"sendToMobile\":\"917676060664\",\"recieverFromMobile\":\"919481062088\",\"transactionReasons\":\"Art / Music / Dance Class Fees\",\"transactionReferenceOne\":\"Tyg\",\"transactionReferenceTwo\":\"\",\"transactionReferenceThree\":\"\"}',0,'M330957',NULL,'2017-12-08',2,0.18,NULL,10000183,1,5,6,3,0),(1320,100,0,NULL,'2017-12-08','{\"receivedFrom\":\"Thriveni K S\",\"transactionReasons\":\"Auto / Taxi\",\"transactionReferenceOne\":\"Rrr\",\"transactionReferenceTwo\":\"na\",\"transactionReferenceThree\":\"na\"}',0,'M330960',NULL,'2017-12-08',0,0,'229',10000183,2,5,7,3,0),(1321,100,0,NULL,'2017-12-08','{\"receivedFrom\":\"Thriveni K S\",\"transactionReasons\":\"Auto / Taxi\",\"transactionReferenceOne\":\"Rrr\",\"transactionReferenceTwo\":\"na\",\"transactionReferenceThree\":\"na\"}',0,'M330960',NULL,'2017-12-08',0,0,'229',10000191,2,5,7,3,0),(1322,207.08,0.54,NULL,'2017-12-08','{\"sentTo\":\"XYZ\",\"transactionReasons\":\"Auto / Taxi\",\"transactionReferenceOne\":\"Rrr\",\"transactionReferenceTwo\":\"na\",\"transactionReferenceThree\":\"na\"}',0,'M330960',NULL,'2017-12-08',6,0.54,'229',10000218,1,5,7,3,0),(1323,10,0,NULL,'2017-12-08','{\"receivedFrom\":\"Lakshmi\",\"sentTo\":\"Shivaraj\",\"sendToMobile\":\"917676060664\",\"recieverFromMobile\":\"918550814461\",\"transactionReasons\":\"Advance / Loan\",\"transactionReferenceOne\":\"ghjj\",\"transactionReferenceTwo\":\"\",\"transactionReferenceThree\":\"\"}',0,'M330961',NULL,'2017-12-08',0,0,NULL,10000186,2,5,6,3,0),(1324,12.36,0.18,NULL,'2017-12-08','{\"receivedFrom\":\"Lakshmi\",\"sentTo\":\"Shivaraj\",\"sendToMobile\":\"917676060664\",\"recieverFromMobile\":\"918550814461\",\"transactionReasons\":\"Advance / Loan\",\"transactionReferenceOne\":\"ghjj\",\"transactionReferenceTwo\":\"\",\"transactionReferenceThree\":\"\"}',0,'M330961',NULL,'2017-12-08',2,0.18,NULL,10000191,1,5,6,3,0),(1325,100,0,NULL,'2017-12-08','{\"receivedFrom\":\"Thriveni K S\",\"sentTo\":\"Puneeth Kumar TR\",\"sendToMobile\":\"919481062088\",\"recieverFromMobile\":\"919538918341\",\"transactionReasons\":\"Beauty Parlor / Saloon\",\"transactionReferenceOne\":\"Xxx\",\"transactionReferenceTwo\":\"\",\"transactionReferenceThree\":\"\"}',0,'M330962',NULL,'2017-12-08',0,0,NULL,10000183,2,5,6,3,0),(1326,102.36,0.18,NULL,'2017-12-08','{\"receivedFrom\":\"Thriveni K S\",\"sentTo\":\"Puneeth Kumar TR\",\"sendToMobile\":\"919481062088\",\"recieverFromMobile\":\"919538918341\",\"transactionReasons\":\"Beauty Parlor / Saloon\",\"transactionReferenceOne\":\"Xxx\",\"transactionReferenceTwo\":\"\",\"transactionReferenceThree\":\"\"}',0,'M330962',NULL,'2017-12-08',2,0.18,NULL,10000218,1,5,6,3,0),(1327,50,0,NULL,'2017-12-08','{\"receivedFrom\":\"Thriveni K S\",\"sentTo\":\"Shivaraj\",\"sendToMobile\":\"917676060664\",\"recieverFromMobile\":\"919538918341\",\"transactionReasons\":\"Beauty Parlor / Saloon\",\"transactionReferenceOne\":\"Ffg\",\"transactionReferenceTwo\":\"\",\"transactionReferenceThree\":\"\"}',0,'M330963',NULL,'2017-12-08',0,0,NULL,10000186,2,5,6,3,0),(1328,52.36,0.18,NULL,'2017-12-08','{\"receivedFrom\":\"Thriveni K S\",\"sentTo\":\"Shivaraj\",\"sendToMobile\":\"917676060664\",\"recieverFromMobile\":\"919538918341\",\"transactionReasons\":\"Beauty Parlor / Saloon\",\"transactionReferenceOne\":\"Ffg\",\"transactionReferenceTwo\":\"\",\"transactionReferenceThree\":\"\"}',0,'M330963',NULL,'2017-12-08',2,0.18,NULL,10000218,1,5,6,3,0),(1329,1,0,NULL,'2017-12-14','{\"receivedFrom\":\"Kouchan India Pvt Ltd\",\"sentTo\":\"Shivaraj\",\"sendToMobile\":\"917676060664\",\"recieverFromMobile\":\"9790623123\",\"transactionReasons\":\"REWARD FOR DOWNLOAD\"}',0,'M330964',NULL,'2017-12-14',0,0,NULL,10000186,2,5,6,3,0),(1330,3.36,0.18,NULL,'2017-12-14','{\"receivedFrom\":\"Kouchan India Pvt Ltd\",\"sentTo\":\"Shivaraj\",\"sendToMobile\":\"917676060664\",\"recieverFromMobile\":\"9790623123\",\"transactionReasons\":\"REWARD FOR DOWNLOAD\"}',0,'M330964',NULL,'2017-12-14',2,0.18,NULL,10000000,1,5,6,3,0),(1331,10,0,NULL,'2017-12-15',NULL,0,'M330965',NULL,'2017-12-15',0,0,'83feb63ee17711e7b75c0a0028ef0000',1210814,1,2,10,1,0),(1332,10,0,NULL,'2017-12-15',NULL,0,'M330966',NULL,'2017-12-15',0,0,'86bc106ae17711e7b75c0a0028ef0000',1210814,1,2,10,1,0),(1333,1,0,NULL,'2017-12-15','{\"receivedFrom\":\"Kouchan India Pvt Ltd\",\"sentTo\":\"Devu\",\"sendToMobile\":\"919945961063\",\"recieverFromMobile\":\"9790623123\",\"transactionReasons\":\"REWARD FOR DOWNLOAD\"}',0,'M330967',NULL,'2017-12-15',0,0,NULL,1818,2,5,6,3,0),(1334,3.36,0.18,NULL,'2017-12-15','{\"receivedFrom\":\"Kouchan India Pvt Ltd\",\"sentTo\":\"Devu\",\"sendToMobile\":\"919945961063\",\"recieverFromMobile\":\"9790623123\",\"transactionReasons\":\"REWARD FOR DOWNLOAD\"}',0,'M330967',NULL,'2017-12-15',2,0.18,NULL,10000000,1,5,6,3,0),(1335,1,0,NULL,'2017-12-15',NULL,0,'M330968',NULL,'2017-12-15',0,0,'d32e0fa8e18011e7b75d0a0028ef0000',1210814,1,2,10,1,0),(1336,1,0,NULL,'2017-12-15',NULL,0,'M330969',NULL,'2017-12-15',0,0,'d503359ce18011e7b75d0a0028ef0000',1210814,1,2,10,1,0),(1337,1,0,NULL,'2017-12-15',NULL,0,'M330970',NULL,'2017-12-15',0,0,'db06c486e18011e7b75d0a0028ef0000',1210814,1,2,10,1,0),(1338,20,0,NULL,'2017-12-15','{\"receivedFrom\":\"Shivaraj\",\"sentTo\":\"Test\",\"sendToMobile\":\"918095725566\",\"recieverFromMobile\":\"917676060664\",\"transactionReasons\":\"Advance / Loan\",\"transactionReferenceOne\":\"Test\",\"transactionReferenceTwo\":\"\",\"transactionReferenceThree\":\"\"}',0,'M330971',NULL,'2017-12-15',0,0,NULL,10000220,2,5,6,3,0),(1339,22.36,0.18,NULL,'2017-12-15','{\"receivedFrom\":\"Shivaraj\",\"sentTo\":\"Test\",\"sendToMobile\":\"918095725566\",\"recieverFromMobile\":\"917676060664\",\"transactionReasons\":\"Advance / Loan\",\"transactionReferenceOne\":\"Test\",\"transactionReferenceTwo\":\"\",\"transactionReferenceThree\":\"\"}',0,'M330971',NULL,'2017-12-15',2,0.18,NULL,10000186,1,5,6,3,0),(1340,1,0,NULL,'2017-12-15','{\"receivedFrom\":\"Kouchan India Pvt Ltd\",\"sentTo\":\"Devu\",\"sendToMobile\":\"919945961063\",\"recieverFromMobile\":\"9790623123\",\"transactionReasons\":\"REWARD FOR DOWNLOAD\"}',0,'M330972',NULL,'2017-12-15',0,0,NULL,1818,2,5,6,3,0),(1341,3.36,0.18,NULL,'2017-12-15','{\"receivedFrom\":\"Kouchan India Pvt Ltd\",\"sentTo\":\"Devu\",\"sendToMobile\":\"919945961063\",\"recieverFromMobile\":\"9790623123\",\"transactionReasons\":\"REWARD FOR DOWNLOAD\"}',0,'M330972',NULL,'2017-12-15',2,0.18,NULL,10000000,1,5,6,3,0),(1342,1,0,NULL,'2017-12-15','{\"receivedFrom\":\"Kouchan India Pvt Ltd\",\"sentTo\":\"Devu\",\"sendToMobile\":\"919945961063\",\"recieverFromMobile\":\"9790623123\",\"transactionReasons\":\"REWARD FOR DOWNLOAD\"}',0,'M330973',NULL,'2017-12-15',0,0,NULL,1818,2,5,6,3,0),(1343,3.36,0.18,NULL,'2017-12-15','{\"receivedFrom\":\"Kouchan India Pvt Ltd\",\"sentTo\":\"Devu\",\"sendToMobile\":\"919945961063\",\"recieverFromMobile\":\"9790623123\",\"transactionReasons\":\"REWARD FOR DOWNLOAD\"}',0,'M330973',NULL,'2017-12-15',2,0.18,NULL,10000000,1,5,6,3,0),(1344,1,0,NULL,'2017-12-15','{\"receivedFrom\":\"Kouchan India Pvt Ltd\",\"sentTo\":\"Devu\",\"sendToMobile\":\"919945961063\",\"recieverFromMobile\":\"9790623123\",\"transactionReasons\":\"REWARD FOR DOWNLOAD\"}',0,'M330974',NULL,'2017-12-15',0,0,NULL,1818,2,5,6,3,0),(1345,3.36,0.18,NULL,'2017-12-15','{\"receivedFrom\":\"Kouchan India Pvt Ltd\",\"sentTo\":\"Devu\",\"sendToMobile\":\"919945961063\",\"recieverFromMobile\":\"9790623123\",\"transactionReasons\":\"REWARD FOR DOWNLOAD\"}',0,'M330974',NULL,'2017-12-15',2,0.18,NULL,10000000,1,5,6,3,0),(1346,1,0,NULL,'2017-12-18','{\"receivedFrom\":\"Kouchan India Pvt Ltd\",\"sentTo\":\"Shivaraj\",\"sendToMobile\":\"917676060664\",\"recieverFromMobile\":\"9790623123\",\"transactionReasons\":\"REWARD FOR DOWNLOAD\"}',0,'M330977',NULL,'2017-12-18',0,0,NULL,10000186,2,5,6,3,0),(1347,3.36,0.18,NULL,'2017-12-18','{\"receivedFrom\":\"Kouchan India Pvt Ltd\",\"sentTo\":\"Shivaraj\",\"sendToMobile\":\"917676060664\",\"recieverFromMobile\":\"9790623123\",\"transactionReasons\":\"REWARD FOR DOWNLOAD\"}',0,'M330977',NULL,'2017-12-18',2,0.18,NULL,10000000,1,5,6,3,0);

/*Table structure for table `transaction_history` */

DROP TABLE IF EXISTS `transaction_history`;

CREATE TABLE `transaction_history` (
  `id` bigint(20) NOT NULL AUTO_INCREMENT,
  `created_by` varchar(255) DEFAULT NULL,
  `created_date` date DEFAULT NULL,
  `kouchan_reference_number` varchar(255) DEFAULT NULL,
  `modified_by` varchar(255) DEFAULT NULL,
  `modified_date` date DEFAULT NULL,
  `bank_detail_id` bigint(20) DEFAULT NULL,
  `transaction_status_id` bigint(20) DEFAULT NULL,
  PRIMARY KEY (`id`),
  KEY `FKrens5l4vfs372ej76af05bgwy` (`bank_detail_id`),
  KEY `FK4s2aggdxl05ox0q37ldchdne0` (`transaction_status_id`),
  CONSTRAINT `FK4s2aggdxl05ox0q37ldchdne0` FOREIGN KEY (`transaction_status_id`) REFERENCES `transfer_status` (`id`),
  CONSTRAINT `FKrens5l4vfs372ej76af05bgwy` FOREIGN KEY (`bank_detail_id`) REFERENCES `bank_detail` (`id`)
) ENGINE=InnoDB AUTO_INCREMENT=107 DEFAULT CHARSET=utf8;

/*Data for the table `transaction_history` */

insert  into `transaction_history`(`id`,`created_by`,`created_date`,`kouchan_reference_number`,`modified_by`,`modified_date`,`bank_detail_id`,`transaction_status_id`) values (102,NULL,'2017-12-15','M330965',NULL,NULL,188,2),(103,NULL,'2017-12-15','M330966',NULL,NULL,188,2),(104,NULL,'2017-12-15','M330968',NULL,NULL,188,2),(105,NULL,'2017-12-15','M330969',NULL,NULL,188,2),(106,NULL,'2017-12-15','M330970',NULL,NULL,188,2);

/*Table structure for table `transaction_reasons` */

DROP TABLE IF EXISTS `transaction_reasons`;

CREATE TABLE `transaction_reasons` (
  `transaction_reasons_id` int(11) NOT NULL,
  `transaction_reason_type` varchar(255) NOT NULL
) ENGINE=MyISAM DEFAULT CHARSET=latin1;

/*Data for the table `transaction_reasons` */

insert  into `transaction_reasons`(`transaction_reasons_id`,`transaction_reason_type`) values (27,'Milk Supply\r\n'),(26,'Mobile Recharge\r\n'),(25,'Lawyer Fee'),(24,'Kitty Party Contribution'),(22,'Juice / Tea / Coffee shop'),(21,'Interiors & Design'),(20,'Hotel / Restaurant'),(19,'House Keeping / Cleaning Services'),(18,'General / Provision Stores'),(17,'Gift / Contribution to Gift'),(16,'Gym / Swimming Fees'),(15,'Finance Services'),(14,'Florist / Flowerwala'),(13,'Friends & Relatives Exchange'),(12,'Fruitwala / Vegetable Vendor'),(11,'Doctor / Dentist Fees'),(10,'Cabelwala / DTH'),(9,'Car Cleaning / Car Services'),(8,'Chemist Shop-Medicines'),(7,'Consultancy'),(6,'Cook / Catering Services'),(4,'Beauty Parlor / Saloon'),(5,'Business Promotion  / Advertisement'),(3,'Advance / Loan'),(28,'Maintenance-Association / Society\r\n'),(29,'Maid Servant Services\r\n'),(30,'Nurse/ Attender Service'),(31,'Old age Home services'),(32,'Others / Miscellaneous'),(33,'Presswala / Laundry / Drycleaner\r\n'),(34,'Pocket Money to Child / Dependent\r\n'),(35,'PG Rent / Rent\r\n'),(36,'Petrol / Diesel\r\n'),(37,'Repairs-Plumber/ Electrician\r\n'),(38,'School Fee\r\n'),(39,'Salary to Maid / Helper\r\n'),(40,'Tuition fess\r\n'),(41,'Travel Agency\r\n'),(42,'Tailor Service\r\n'),(43,'Auto / Taxi'),(44,'Vegetablewala\r\n'),(45,'Water Supply\r\n'),(46,'Xerox / Photocopy / Stationary\r\n'),(47,'Art / Music / Dance Class Fees'),(48,'Telephone / Mobile / DATA recharge'),(49,'Travel / Conveyance '),(50,'Salary / Wages / Remuneration'),(51,'Welfare / Celebrations'),(52,'Courier / Postage / Parcel ');

/*Table structure for table `transactional_error_log` */

DROP TABLE IF EXISTS `transactional_error_log`;

CREATE TABLE `transactional_error_log` (
  `id` bigint(20) NOT NULL AUTO_INCREMENT,
  `created_date` datetime DEFAULT NULL,
  `transactional_exception` text,
  `transactional_response` text,
  PRIMARY KEY (`id`)
) ENGINE=InnoDB AUTO_INCREMENT=2 DEFAULT CHARSET=utf8;

/*Data for the table `transactional_error_log` */

insert  into `transactional_error_log`(`id`,`created_date`,`transactional_exception`,`transactional_response`) values (1,'2017-10-22 20:00:06',NULL,'TransferWebServiceResponseData [version=2.0, uniqueResponseNo=79670666b73511e793b30a0028ef0000, attemptNo=1, transferType=IMPS, lowBalanceAlert=false, transactionStatus=com.kouchan.m3.core.integration.yesbank.messages.TransactionStatusType@4d682552, nameWithBeneficiaryBank=AMEYA ANIL, requestReferenceNo=M330372, totalTransaction=100.00, subTotalTransaction=null, cgstTax=0.00, sgstTax=0.00, ngstTax=null, bankServiceCharge=0, kouchanServiceCharge=0, totalServiceCharge=0, customerID=1210814, accountNumber=026291800001191]');

/*Table structure for table `transfer_status` */

DROP TABLE IF EXISTS `transfer_status`;

CREATE TABLE `transfer_status` (
  `id` bigint(20) NOT NULL,
  `created_by` varchar(255) DEFAULT NULL,
  `created_date` date DEFAULT NULL,
  `description` varchar(255) DEFAULT NULL,
  `modified_by` varchar(255) DEFAULT NULL,
  `modified_date` date DEFAULT NULL,
  `name` varchar(255) DEFAULT NULL,
  `vendor_id` bigint(20) DEFAULT NULL,
  PRIMARY KEY (`id`),
  KEY `FKo6177eycs6rs3usmecsw8nij8` (`vendor_id`),
  CONSTRAINT `FKo6177eycs6rs3usmecsw8nij8` FOREIGN KEY (`vendor_id`) REFERENCES `vendor_type` (`id`)
) ENGINE=InnoDB DEFAULT CHARSET=utf8;

/*Data for the table `transfer_status` */

insert  into `transfer_status`(`id`,`created_by`,`created_date`,`description`,`modified_by`,`modified_date`,`name`,`vendor_id`) values (1,NULL,NULL,'INITIATED',NULL,NULL,'SENT_TO_BENEFICIARY',1),(2,NULL,NULL,'CREDITED TO BENEFICIARY',NULL,NULL,'COMPLETED',1),(3,NULL,NULL,'BLOCK TO CORPORATE ACCOUNT',NULL,NULL,'FAILURE',1),(4,NULL,NULL,'IF YES BANK FAILED DUE TO SYSTEM FAILURE',NULL,NULL,'YES_BANK_TRANSACTION_FAILED',1),(5,NULL,NULL,'CREDITED TO BENEFICIARY',NULL,NULL,'SUCCESS',3);

/*Table structure for table `transfer_type` */

DROP TABLE IF EXISTS `transfer_type`;

CREATE TABLE `transfer_type` (
  `id` bigint(20) NOT NULL,
  `business_process_time` date DEFAULT NULL,
  `created_by` varchar(255) DEFAULT NULL,
  `created_date` date DEFAULT NULL,
  `modified_by` varchar(255) DEFAULT NULL,
  `modified_date` date DEFAULT NULL,
  `name` varchar(255) DEFAULT NULL,
  `vendor_type_id` bigint(20) DEFAULT NULL,
  PRIMARY KEY (`id`),
  KEY `FK4jsu2qliyoxp7qmeh4gldsrey` (`vendor_type_id`),
  CONSTRAINT `FK4jsu2qliyoxp7qmeh4gldsrey` FOREIGN KEY (`vendor_type_id`) REFERENCES `vendor_type` (`id`)
) ENGINE=InnoDB DEFAULT CHARSET=utf8;

/*Data for the table `transfer_type` */

insert  into `transfer_type`(`id`,`business_process_time`,`created_by`,`created_date`,`modified_by`,`modified_date`,`name`,`vendor_type_id`) values (1,NULL,NULL,NULL,NULL,NULL,'W-BANK-NEFT',1),(2,NULL,NULL,NULL,NULL,NULL,'W-BANK-RTGS',1),(3,NULL,NULL,NULL,NULL,NULL,'W-BANK-IMPS',1),(4,NULL,NULL,NULL,NULL,NULL,'W-BANK-ANY',1),(5,NULL,NULL,NULL,NULL,NULL,'W-BANK-FT',1),(6,NULL,NULL,NULL,NULL,NULL,'W-W',3),(7,NULL,NULL,NULL,NULL,NULL,'W-W-GROUP',3),(8,NULL,NULL,NULL,NULL,NULL,'B-W',1),(9,NULL,NULL,NULL,NULL,NULL,'NEFT',1),(10,NULL,NULL,NULL,NULL,NULL,'FT',1),(11,NULL,NULL,NULL,NULL,NULL,'ANY',1),(12,NULL,NULL,NULL,NULL,NULL,'Utility-Bill-Paymart',4);

/*Table structure for table `user_group` */

DROP TABLE IF EXISTS `user_group`;

CREATE TABLE `user_group` (
  `id` bigint(20) NOT NULL AUTO_INCREMENT,
  `created_by` varchar(255) DEFAULT NULL,
  `created_date` datetime DEFAULT NULL,
  `is_deleted` tinyint(1) DEFAULT '0',
  `modified_by` varchar(255) DEFAULT NULL,
  `modified_date` date DEFAULT NULL,
  `name` varchar(255) DEFAULT NULL,
  `owner_id` bigint(20) DEFAULT NULL,
  PRIMARY KEY (`id`),
  KEY `FKopk2e4gxotk6wfphpckdgy9bj` (`owner_id`),
  CONSTRAINT `FKopk2e4gxotk6wfphpckdgy9bj` FOREIGN KEY (`owner_id`) REFERENCES `customer` (`id`) ON DELETE CASCADE
) ENGINE=InnoDB AUTO_INCREMENT=233 DEFAULT CHARSET=utf8;

/*Data for the table `user_group` */

insert  into `user_group`(`id`,`created_by`,`created_date`,`is_deleted`,`modified_by`,`modified_date`,`name`,`owner_id`) values (219,NULL,'2017-11-29 15:34:15',1,NULL,NULL,'Testing',10000183),(222,NULL,'2017-12-04 15:10:25',0,NULL,NULL,'fyyy',10000208),(223,NULL,'2017-12-04 15:11:09',0,NULL,NULL,'aaa',10000208),(224,NULL,'2017-12-04 15:13:59',1,NULL,NULL,'rest',10000186),(225,NULL,'2017-12-07 15:24:49',1,NULL,NULL,'jjj',10000191),(226,NULL,'2017-12-07 16:08:39',0,NULL,NULL,'okayfine',10000186),(227,NULL,'2017-12-08 10:44:16',0,NULL,NULL,'now',10000186),(228,NULL,'2017-12-08 10:45:38',0,NULL,NULL,'hang',10000186),(229,NULL,'2017-12-08 10:47:45',0,NULL,NULL,'XYZ',10000218),(230,NULL,'2017-12-13 12:17:05',0,NULL,NULL,'test',10000183),(231,NULL,'2017-12-18 14:08:29',0,NULL,NULL,'shiv',10000191),(232,NULL,'2017-12-18 14:28:17',0,NULL,NULL,'Hello',10000191);

/*Table structure for table `user_group_members_map` */

DROP TABLE IF EXISTS `user_group_members_map`;

CREATE TABLE `user_group_members_map` (
  `created_by` varchar(255) DEFAULT NULL,
  `created_date` date DEFAULT NULL,
  `group_member_mobile` varchar(255) DEFAULT NULL,
  `group_member_name` varchar(255) DEFAULT NULL,
  `is_deleted` tinyint(1) DEFAULT '0',
  `modified_by` varchar(255) DEFAULT NULL,
  `modified_date` date DEFAULT NULL,
  `group_member_id` bigint(20) DEFAULT NULL,
  `group_id` bigint(20) DEFAULT NULL,
  KEY `FKl64fbldp8qbkx79uc41buy8nv` (`group_member_id`),
  KEY `FKiryldxxqoxmdd5d6ob9fsaen0` (`group_id`),
  CONSTRAINT `FKiryldxxqoxmdd5d6ob9fsaen0` FOREIGN KEY (`group_id`) REFERENCES `user_group` (`id`) ON DELETE CASCADE,
  CONSTRAINT `FKl64fbldp8qbkx79uc41buy8nv` FOREIGN KEY (`group_member_id`) REFERENCES `customer` (`id`) ON DELETE CASCADE
) ENGINE=InnoDB DEFAULT CHARSET=utf8;

/*Data for the table `user_group_members_map` */

insert  into `user_group_members_map`(`created_by`,`created_date`,`group_member_mobile`,`group_member_name`,`is_deleted`,`modified_by`,`modified_date`,`group_member_id`,`group_id`) values (NULL,NULL,'917854444444','Ddddd',0,NULL,NULL,10000206,222),(NULL,NULL,'918336666666','Ccxxx',0,NULL,NULL,10000207,222),(NULL,NULL,'917854444444','Ddddd',0,NULL,NULL,10000206,223),(NULL,NULL,'917676060664','Shivaraj',0,NULL,NULL,10000186,223),(NULL,NULL,'917854444444','Ddddd',0,NULL,NULL,10000206,224),(NULL,NULL,'918336666666','Ccxxx',0,NULL,NULL,10000207,224),(NULL,NULL,'917676060664','Shivaraj',0,NULL,NULL,10000186,225),(NULL,NULL,'919845573055','Aditya',1,NULL,NULL,10000203,225),(NULL,NULL,'917854444444','Ddddd',0,NULL,NULL,10000206,227),(NULL,NULL,'918336666666','Ccxxx',0,NULL,NULL,10000207,227),(NULL,NULL,'917854444444','Ddddd',0,NULL,NULL,10000206,228),(NULL,NULL,'918336666666','Ccxxx',0,NULL,NULL,10000207,228),(NULL,NULL,'919481062088','Puneeth Kumar TR',0,NULL,NULL,10000183,228),(NULL,NULL,'918550814461','Lakshmi',0,NULL,NULL,10000191,229),(NULL,NULL,'919481062088','Puneeth Kumar TR',0,NULL,NULL,10000183,229),(NULL,NULL,'919845573055','Aditya',0,NULL,NULL,10000203,230),(NULL,NULL,'917676060664','Shivaraj',0,NULL,NULL,10000186,231),(NULL,NULL,'917676060664','Shivaraj',0,NULL,NULL,10000186,232),(NULL,NULL,'919591139966','Raja',0,NULL,NULL,10000227,232);

/*Table structure for table `user_roles` */

DROP TABLE IF EXISTS `user_roles`;

CREATE TABLE `user_roles` (
  `user_role_id` int(11) NOT NULL AUTO_INCREMENT,
  `username` varchar(45) NOT NULL,
  `role` varchar(45) NOT NULL,
  PRIMARY KEY (`user_role_id`),
  UNIQUE KEY `uni_username_role` (`role`,`username`),
  KEY `fk_username_idx` (`username`),
  CONSTRAINT `fk_username` FOREIGN KEY (`username`) REFERENCES `users` (`username`)
) ENGINE=InnoDB AUTO_INCREMENT=3 DEFAULT CHARSET=utf8;

/*Data for the table `user_roles` */

insert  into `user_roles`(`user_role_id`,`username`,`role`) values (1,'Amaresh','ROLE_ADMIN'),(2,'Amaresh','ROLE_USER');

/*Table structure for table `users` */

DROP TABLE IF EXISTS `users`;

CREATE TABLE `users` (
  `username` varchar(45) NOT NULL,
  `password` varchar(60) NOT NULL,
  `enabled` tinyint(4) NOT NULL DEFAULT '1',
  `created_on` datetime DEFAULT NULL,
  `created_by` varchar(30) DEFAULT NULL,
  `login_attempts_count` bigint(3) DEFAULT NULL,
  `id` bigint(20) NOT NULL,
  PRIMARY KEY (`username`,`id`),
  KEY `id` (`id`)
) ENGINE=InnoDB DEFAULT CHARSET=utf8;

/*Data for the table `users` */

insert  into `users`(`username`,`password`,`enabled`,`created_on`,`created_by`,`login_attempts_count`,`id`) values ('Amaresh','123',1,NULL,NULL,NULL,1);

/*Table structure for table `utilityservicevendor` */

DROP TABLE IF EXISTS `utilityservicevendor`;

CREATE TABLE `utilityservicevendor` (
  `id` int(11) NOT NULL AUTO_INCREMENT,
  `name` varchar(1000) DEFAULT NULL,
  PRIMARY KEY (`id`),
  UNIQUE KEY `id_UNIQUE` (`id`)
) ENGINE=InnoDB AUTO_INCREMENT=2 DEFAULT CHARSET=utf8;

/*Data for the table `utilityservicevendor` */

insert  into `utilityservicevendor`(`id`,`name`) values (1,'http://billpaymart.com/');

/*Table structure for table `vendor_type` */

DROP TABLE IF EXISTS `vendor_type`;

CREATE TABLE `vendor_type` (
  `id` bigint(20) NOT NULL,
  `created_by` varchar(255) DEFAULT NULL,
  `created_date` date DEFAULT NULL,
  `modified_by` varchar(255) DEFAULT NULL,
  `modified_date` date DEFAULT NULL,
  `name` varchar(255) DEFAULT NULL,
  PRIMARY KEY (`id`)
) ENGINE=InnoDB DEFAULT CHARSET=utf8;

/*Data for the table `vendor_type` */

insert  into `vendor_type`(`id`,`created_by`,`created_date`,`modified_by`,`modified_date`,`name`) values (1,NULL,NULL,NULL,NULL,'YESBANK'),(2,NULL,NULL,NULL,NULL,'HDFCBANK'),(3,NULL,NULL,NULL,NULL,'KOUCHAN'),(4,NULL,NULL,NULL,NULL,'BILLPAYMART');

/*Table structure for table `wallet_balance` */

DROP TABLE IF EXISTS `wallet_balance`;

CREATE TABLE `wallet_balance` (
  `id` bigint(20) NOT NULL AUTO_INCREMENT,
  `balance` double NOT NULL,
  `created_by` varchar(255) DEFAULT NULL,
  `created_date` datetime DEFAULT NULL,
  `is_deleted` tinyint(1) DEFAULT '0',
  `modified_by` varchar(255) DEFAULT NULL,
  `modified_date` date DEFAULT NULL,
  PRIMARY KEY (`id`)
) ENGINE=InnoDB AUTO_INCREMENT=2184 DEFAULT CHARSET=utf8;

/*Data for the table `wallet_balance` */

insert  into `wallet_balance`(`id`,`balance`,`created_by`,`created_date`,`is_deleted`,`modified_by`,`modified_date`) values (1,2489.3600000000006,NULL,'2017-08-24 00:00:00',0,NULL,NULL),(2,16023,NULL,'2017-08-24 00:00:00',0,NULL,NULL),(3,21491,NULL,'2017-08-24 00:00:00',0,NULL,NULL),(4,19792.75999999998,NULL,'2017-08-24 00:00:00',0,NULL,NULL),(1818,19792.75999999998,NULL,NULL,0,NULL,NULL),(1835,19792.75999999998,NULL,'2017-09-20 16:45:45',0,NULL,NULL),(1836,0,NULL,'2017-09-20 18:28:09',0,NULL,NULL),(1837,9999998,NULL,'2017-09-20 18:32:05',0,NULL,NULL),(1838,666699998,NULL,'2017-09-20 21:20:04',0,NULL,NULL),(1864,33333,NULL,'2017-09-21 17:16:56',0,NULL,NULL),(1865,333333,NULL,'2017-09-21 17:18:53',0,NULL,NULL),(1866,555,NULL,'2017-09-21 17:20:44',0,NULL,NULL),(1867,66666,NULL,'2017-09-21 17:24:39',0,NULL,NULL),(1868,777,NULL,'2017-09-21 17:55:30',0,NULL,NULL),(1869,88885,NULL,'2017-09-21 18:10:49',0,NULL,NULL),(1875,3233,NULL,'2017-09-22 11:40:16',0,NULL,NULL),(1876,4555,NULL,'2017-09-22 11:42:17',0,NULL,NULL),(1877,55,NULL,'2017-09-22 11:45:16',0,NULL,NULL),(1878,5555,NULL,'2017-09-22 11:49:11',0,NULL,NULL),(1879,4444,NULL,'2017-09-22 11:50:39',0,NULL,NULL),(1880,333,NULL,'2017-09-22 11:52:49',0,NULL,NULL),(1881,55555,NULL,'2017-09-22 11:56:48',0,NULL,NULL),(1882,55555333,NULL,'2017-09-22 12:00:30',0,NULL,NULL),(1883,457865,NULL,'2017-09-22 12:20:47',0,NULL,NULL),(1884,44422,NULL,'2017-09-22 12:21:43',0,NULL,NULL),(1885,334455,NULL,'2017-09-22 14:37:27',0,NULL,NULL),(1887,555666,NULL,'2017-09-22 14:48:52',0,NULL,NULL),(1888,5566,NULL,'2017-09-22 16:39:20',0,NULL,NULL),(1889,777,NULL,'2017-09-22 16:41:27',0,NULL,NULL),(1890,1000,NULL,'2017-09-22 16:49:35',0,NULL,NULL),(1891,2326.45,NULL,'2017-09-22 17:14:43',0,NULL,NULL),(1892,0,NULL,'2017-09-22 17:26:27',0,NULL,NULL),(1893,0,NULL,'2017-09-22 17:28:20',0,NULL,NULL),(1894,0,NULL,'2017-09-22 17:40:38',0,NULL,NULL),(1895,0,NULL,'2017-09-22 18:14:46',0,NULL,NULL),(1896,0,NULL,'2017-09-22 23:11:10',0,NULL,NULL),(1902,0,NULL,'2017-09-23 16:26:13',0,NULL,NULL),(1903,0,NULL,'2017-09-23 16:27:38',0,NULL,NULL),(1904,0,NULL,'2017-09-23 16:30:50',0,NULL,NULL),(1905,0,NULL,'2017-09-23 16:37:55',0,NULL,NULL),(1906,0,NULL,'2017-09-23 16:49:28',0,NULL,NULL),(1907,0,NULL,'2017-09-23 16:51:07',0,NULL,NULL),(1908,0,NULL,'2017-09-23 16:52:05',0,NULL,NULL),(1910,0,NULL,'2017-09-25 11:35:59',0,NULL,NULL),(1911,0,NULL,'2017-09-25 11:48:33',0,NULL,NULL),(1912,0,NULL,'2017-09-25 11:50:35',0,NULL,NULL),(1913,0,NULL,'2017-09-25 12:19:59',0,NULL,NULL),(1915,0,NULL,'2017-09-25 13:55:18',0,NULL,NULL),(1916,0,NULL,'2017-09-25 14:02:36',0,NULL,NULL),(1917,0,NULL,'2017-09-25 14:44:57',0,NULL,NULL),(1918,0,NULL,'2017-09-25 15:01:49',0,NULL,NULL),(1919,0,NULL,'2017-09-25 15:15:21',0,NULL,NULL),(1920,0,NULL,'2017-09-28 12:47:13',0,NULL,NULL),(1921,0,NULL,'2017-09-28 12:59:01',0,NULL,NULL),(1922,29192.97999999999,NULL,'2017-09-29 11:20:13',0,NULL,NULL),(1923,9900.04,NULL,'2017-09-29 11:27:39',0,NULL,NULL),(1924,763,NULL,'2017-09-29 11:32:05',0,NULL,NULL),(1925,0,NULL,'2017-09-29 11:32:59',0,NULL,NULL),(1926,205.6599999999999,NULL,'2017-09-29 11:59:16',0,NULL,NULL),(1927,77.82999999999996,NULL,'2017-09-30 17:49:52',0,NULL,NULL),(1928,0,NULL,'2017-09-30 22:01:45',0,NULL,NULL),(1929,1034,NULL,'2017-10-01 08:58:03',0,NULL,NULL),(1930,0,NULL,'2017-10-02 08:33:06',0,NULL,NULL),(1931,15000,NULL,'2017-10-02 08:38:26',0,NULL,NULL),(1932,1136,NULL,'2017-10-02 08:49:37',0,NULL,NULL),(1933,0,NULL,'2017-10-02 08:52:06',0,NULL,NULL),(1934,0,NULL,'2017-10-02 08:56:45',0,NULL,NULL),(1935,0,NULL,'2017-10-02 09:22:39',0,NULL,NULL),(1936,0,NULL,'2017-10-02 09:57:24',0,NULL,NULL),(1937,0,NULL,'2017-10-02 09:59:38',0,NULL,NULL),(1938,0,NULL,'2017-10-04 13:24:24',0,NULL,NULL),(1939,18350,NULL,'2017-10-04 17:43:38',0,NULL,NULL),(1940,0,NULL,'2017-10-05 14:23:48',0,NULL,NULL),(1941,1000,NULL,'2017-10-05 14:42:49',0,NULL,NULL),(1942,0,NULL,'2017-10-07 12:26:59',0,NULL,NULL),(1943,10277,NULL,'2017-10-09 12:20:28',0,NULL,NULL),(1944,0,NULL,'2017-10-09 12:32:02',0,NULL,NULL),(1945,100253,NULL,'2017-10-09 12:45:48',0,NULL,NULL),(1946,11520,NULL,'2017-10-09 13:51:52',0,NULL,NULL),(1947,89900,NULL,'2017-10-09 14:19:27',0,NULL,NULL),(1948,9944,NULL,'2017-10-09 14:29:40',0,NULL,NULL),(1949,9850,NULL,'2017-10-09 15:33:26',0,NULL,NULL),(1950,31143,NULL,'2017-10-09 15:36:07',0,NULL,NULL),(1951,20250,NULL,'2017-10-09 15:37:44',0,NULL,NULL),(1952,0,NULL,'2017-10-09 16:45:41',0,NULL,NULL),(1953,0,NULL,'2017-10-09 17:01:01',0,NULL,NULL),(1954,0,NULL,'2017-10-09 17:53:18',0,NULL,NULL),(1955,0,NULL,'2017-10-09 18:07:43',0,NULL,NULL),(1956,12455,NULL,'2017-10-10 16:35:40',0,NULL,NULL),(1957,0,NULL,'2017-10-10 17:54:34',0,NULL,NULL),(1958,0,NULL,'2017-10-17 14:09:53',0,NULL,NULL),(1959,0,NULL,'2017-10-17 14:33:21',0,NULL,NULL),(1960,619,NULL,'2017-10-17 14:42:38',0,NULL,NULL),(1961,0,NULL,'2017-10-17 15:12:32',0,NULL,NULL),(1962,13,NULL,'2017-10-17 15:19:16',0,NULL,NULL),(1968,1205,NULL,'2017-10-18 12:51:39',0,NULL,NULL),(1969,0,NULL,'2017-10-18 13:32:02',0,NULL,NULL),(1970,1960,NULL,'2017-10-18 13:35:57',0,NULL,NULL),(1971,0,NULL,'2017-10-18 14:09:00',0,NULL,NULL),(1972,607,NULL,'2017-10-18 14:28:36',0,NULL,NULL),(1973,0,NULL,'2017-10-20 12:33:09',0,NULL,NULL),(1974,0,NULL,'2017-10-23 17:14:36',0,NULL,NULL),(1975,0,NULL,'2017-10-24 11:47:40',0,NULL,NULL),(1976,0,NULL,'2017-10-24 11:48:36',0,NULL,NULL),(1977,0,NULL,'2017-10-24 12:08:03',0,NULL,NULL),(1978,0,NULL,'2017-10-24 12:08:54',0,NULL,NULL),(1980,0,NULL,'2017-10-24 12:16:48',0,NULL,NULL),(1981,0,NULL,'2017-10-24 12:33:18',0,NULL,NULL),(1982,0,NULL,'2017-10-24 12:34:25',0,NULL,NULL),(1983,493,NULL,'2017-10-24 12:43:03',0,NULL,NULL),(1984,50,NULL,'2017-10-25 15:50:06',0,NULL,NULL),(1985,0,NULL,'2017-10-25 16:43:19',0,NULL,NULL),(1986,0,NULL,'2017-10-25 18:07:48',0,NULL,NULL),(1987,0,NULL,'2017-10-26 15:35:18',0,NULL,NULL),(1988,0,NULL,'2017-10-26 18:07:56',0,NULL,NULL),(1989,0,NULL,'2017-10-26 18:09:23',0,NULL,NULL),(1990,0,NULL,'2017-10-27 11:20:52',0,NULL,NULL),(1991,0,NULL,'2017-10-27 11:50:47',0,NULL,NULL),(1992,0,NULL,'2017-10-27 13:25:58',0,NULL,NULL),(1993,0,NULL,'2017-10-27 14:28:56',0,NULL,NULL),(1994,0,NULL,'2017-10-27 14:28:56',0,NULL,NULL),(1995,0,NULL,'2017-10-27 14:28:57',0,NULL,NULL),(1996,0,NULL,'2017-10-27 14:28:57',0,NULL,NULL),(1997,0,NULL,'2017-10-27 14:28:57',0,NULL,NULL),(1998,0,NULL,'2017-10-27 14:28:58',0,NULL,NULL),(1999,0,NULL,'2017-10-27 14:28:59',0,NULL,NULL),(2000,0,NULL,'2017-10-27 14:28:59',0,NULL,NULL),(2001,0,NULL,'2017-10-27 14:29:00',0,NULL,NULL),(2002,0,NULL,'2017-10-27 14:29:01',0,NULL,NULL),(2003,0,NULL,'2017-10-27 17:12:14',0,NULL,NULL),(2004,0,NULL,'2017-10-27 17:12:14',0,NULL,NULL),(2005,0,NULL,'2017-10-27 17:12:15',0,NULL,NULL),(2006,0,NULL,'2017-10-27 17:12:15',0,NULL,NULL),(2007,0,NULL,'2017-10-27 17:12:16',0,NULL,NULL),(2008,0,NULL,'2017-10-27 17:12:16',0,NULL,NULL),(2009,0,NULL,'2017-10-27 17:12:17',0,NULL,NULL),(2010,0,NULL,'2017-10-27 17:12:17',0,NULL,NULL),(2011,0,NULL,'2017-10-27 17:12:18',0,NULL,NULL),(2012,0,NULL,'2017-10-27 17:12:19',0,NULL,NULL),(2013,0,NULL,'2017-10-27 17:15:35',0,NULL,NULL),(2014,0,NULL,'2017-10-27 17:15:35',0,NULL,NULL),(2015,0,NULL,'2017-10-27 17:15:35',0,NULL,NULL),(2016,0,NULL,'2017-10-27 17:15:36',0,NULL,NULL),(2017,0,NULL,'2017-10-27 17:15:36',0,NULL,NULL),(2018,0,NULL,'2017-10-27 17:15:36',0,NULL,NULL),(2019,0,NULL,'2017-10-27 17:15:37',0,NULL,NULL),(2020,0,NULL,'2017-10-27 17:15:38',0,NULL,NULL),(2021,0,NULL,'2017-10-27 17:15:38',0,NULL,NULL),(2022,0,NULL,'2017-10-27 17:15:39',0,NULL,NULL),(2023,0,NULL,'2017-10-30 10:58:40',0,NULL,NULL),(2025,0,NULL,'2017-10-30 12:02:54',0,NULL,NULL),(2026,1000,NULL,'2017-10-30 12:17:59',0,NULL,NULL),(2052,0,NULL,'2017-11-02 11:20:34',0,NULL,NULL),(2054,0,NULL,'2017-11-02 11:11:10',0,NULL,NULL),(2055,0,NULL,'2017-11-02 11:16:07',0,NULL,NULL),(2056,0,NULL,'2017-11-02 11:21:13',0,NULL,NULL),(2057,0,NULL,'2017-11-02 11:22:38',0,NULL,NULL),(2058,0,NULL,'2017-11-02 11:23:24',0,NULL,NULL),(2059,0,NULL,'2017-11-02 11:24:57',0,NULL,NULL),(2060,0,NULL,'2017-11-02 11:28:22',0,NULL,NULL),(2061,0,NULL,'2017-11-02 11:29:12',0,NULL,NULL),(2062,0,NULL,'2017-11-02 15:45:08',0,NULL,NULL),(2063,0,NULL,'2017-11-03 12:28:12',0,NULL,NULL),(2064,1000,NULL,'2017-11-06 09:01:19',0,NULL,NULL),(2065,0,NULL,'2017-11-06 09:12:00',0,NULL,NULL),(2066,0,NULL,'2017-11-06 10:08:14',0,NULL,NULL),(2067,0,NULL,'2017-11-06 10:08:14',0,NULL,NULL),(2068,0,NULL,'2017-11-06 10:08:14',0,NULL,NULL),(2069,0,NULL,'2017-11-06 10:08:15',0,NULL,NULL),(2070,0,NULL,'2017-11-06 10:08:15',0,NULL,NULL),(2071,0,NULL,'2017-11-06 10:08:16',0,NULL,NULL),(2072,0,NULL,'2017-11-06 10:08:16',0,NULL,NULL),(2073,0,NULL,'2017-11-06 10:08:17',0,NULL,NULL),(2074,0,NULL,'2017-11-06 10:08:18',0,NULL,NULL),(2075,0,NULL,'2017-11-06 10:08:18',0,NULL,NULL),(2076,0,NULL,'2017-11-06 14:11:36',0,NULL,NULL),(2090,0,NULL,'2017-11-09 13:31:20',0,NULL,NULL),(2091,1500,NULL,'2017-11-10 18:15:57',0,NULL,NULL),(2092,0,NULL,'2017-11-13 17:54:30',0,NULL,NULL),(2093,0,NULL,'2017-11-14 17:08:02',0,NULL,NULL),(2094,0,NULL,'2017-11-14 17:21:40',0,NULL,NULL),(2095,0,NULL,'2017-11-14 17:32:57',0,NULL,NULL),(2096,0,NULL,'2017-11-14 17:45:02',0,NULL,NULL),(2097,0,NULL,'2017-11-14 18:02:10',0,NULL,NULL),(2098,0,NULL,'2017-11-14 18:12:57',0,NULL,NULL),(2099,0,NULL,'2017-11-15 17:50:26',0,NULL,NULL),(2102,0,NULL,'2017-11-17 12:30:31',0,NULL,NULL),(2105,5234.9,NULL,'2017-11-18 16:15:27',0,NULL,NULL),(2106,0,NULL,'2017-11-21 17:50:52',0,NULL,NULL),(2107,0,NULL,'2017-11-21 17:50:55',0,NULL,NULL),(2108,0,NULL,'2017-11-21 17:51:18',0,NULL,NULL),(2109,0,NULL,'2017-11-21 17:53:05',0,NULL,NULL),(2110,4915,NULL,'2017-11-22 02:46:57',0,NULL,NULL),(2111,4849.5599999999995,NULL,'2017-11-22 11:37:53',0,NULL,NULL),(2113,5,NULL,'2017-11-22 14:45:34',0,NULL,NULL),(2114,0,NULL,'2017-11-22 23:10:34',0,NULL,NULL),(2115,0,NULL,'2017-11-22 23:37:25',0,NULL,NULL),(2116,0,NULL,'2017-11-22 23:43:48',0,NULL,NULL),(2117,0,NULL,'2017-11-22 23:54:58',0,NULL,NULL),(2118,0,NULL,'2017-11-22 23:58:12',0,NULL,NULL),(2119,0,NULL,'2017-11-23 00:11:07',0,NULL,NULL),(2120,0,NULL,'2017-11-23 00:23:55',0,NULL,NULL),(2121,0,NULL,'2017-11-23 01:20:20',0,NULL,NULL),(2122,5680,NULL,'2017-11-23 10:51:59',0,NULL,NULL),(2123,0,NULL,'2017-11-23 13:02:20',0,NULL,NULL),(2124,400,NULL,'2017-11-27 17:53:10',0,NULL,NULL),(2125,0,NULL,'2017-11-27 18:04:26',0,NULL,NULL),(2126,400,NULL,'2017-11-27 18:09:40',0,NULL,NULL),(2127,0,NULL,'2017-11-27 18:12:08',0,NULL,NULL),(2128,0,NULL,'2017-11-28 10:21:36',0,NULL,NULL),(2129,0,NULL,'2017-11-28 10:36:05',0,NULL,NULL),(2130,0,NULL,'2017-11-28 10:39:49',0,NULL,NULL),(2131,0,NULL,'2017-11-28 10:41:56',0,NULL,NULL),(2132,0,NULL,'2017-11-28 10:56:12',0,NULL,NULL),(2133,0,NULL,'2017-11-28 12:35:34',0,NULL,NULL),(2134,0,NULL,'2017-11-28 12:40:36',0,NULL,NULL),(2135,0,NULL,'2017-11-28 12:41:40',0,NULL,NULL),(2136,0,NULL,'2017-11-28 15:17:06',0,NULL,NULL),(2137,0,NULL,'2017-11-28 15:55:23',0,NULL,NULL),(2140,2272.8199999999997,NULL,'2017-11-29 14:40:14',0,NULL,NULL),(2141,0,NULL,'2017-11-29 14:54:12',0,NULL,NULL),(2142,0,NULL,'2017-11-29 14:54:51',0,NULL,NULL),(2143,4790.680000000003,NULL,'2017-11-29 15:31:03',0,NULL,NULL),(2144,0,NULL,'2017-11-30 11:32:49',0,NULL,NULL),(2145,0,NULL,'2017-11-30 12:31:51',0,NULL,NULL),(2146,0,NULL,'2017-11-30 12:43:44',0,NULL,NULL),(2147,0,NULL,'2017-11-30 12:55:56',0,NULL,NULL),(2148,5439.0999999999985,NULL,'2017-12-01 11:13:27',0,NULL,NULL),(2149,0,NULL,'2017-12-01 11:16:46',0,NULL,NULL),(2150,0,NULL,'2017-12-01 11:19:53',0,NULL,NULL),(2151,0,NULL,'2017-12-01 11:23:44',0,NULL,NULL),(2152,0,NULL,'2017-12-01 11:28:05',0,NULL,NULL),(2153,0,NULL,'2017-12-01 11:31:49',0,NULL,NULL),(2154,0,NULL,'2017-12-01 11:32:14',0,NULL,NULL),(2155,0,NULL,'2017-12-01 11:32:49',0,NULL,NULL),(2156,0,NULL,'2017-12-01 11:33:19',0,NULL,NULL),(2157,0,NULL,'2017-12-01 11:37:11',0,NULL,NULL),(2159,51,NULL,'2017-12-01 16:28:04',0,NULL,NULL),(2160,0,NULL,'2017-12-02 15:02:30',0,NULL,NULL),(2161,0,NULL,'2017-12-02 16:05:49',0,NULL,NULL),(2162,184,NULL,'2017-12-02 16:26:00',0,NULL,NULL),(2163,606,NULL,'2017-12-02 17:08:24',0,NULL,NULL),(2164,829.9799999999999,NULL,'2017-12-02 17:13:49',0,NULL,NULL),(2165,0,NULL,'2017-12-05 12:02:04',0,NULL,NULL),(2166,0,NULL,'2017-12-05 12:07:33',0,NULL,NULL),(2167,0,NULL,'2017-12-05 13:10:50',0,NULL,NULL),(2168,0,NULL,'2017-12-05 13:16:37',0,NULL,NULL),(2169,0,NULL,'2017-12-05 13:25:52',0,NULL,NULL),(2170,50,NULL,'2017-12-06 10:50:32',0,NULL,NULL),(2171,0,NULL,'2017-12-07 14:42:00',0,NULL,NULL),(2172,0,NULL,'2017-12-07 15:14:28',0,NULL,NULL),(2173,0,NULL,'2017-12-07 15:17:41',0,NULL,NULL),(2174,3633.4799999999996,NULL,'2017-12-07 17:02:59',0,NULL,NULL),(2175,2500,NULL,'2017-12-14 20:39:41',0,NULL,NULL),(2176,20,NULL,'2017-12-15 14:43:40',0,NULL,NULL),(2177,0,NULL,'2017-12-15 16:26:45',0,NULL,NULL),(2178,0,NULL,'2017-12-15 16:34:12',0,NULL,NULL),(2179,0,NULL,'2017-12-15 16:35:50',0,NULL,NULL),(2180,0,NULL,'2017-12-15 16:37:12',0,NULL,NULL),(2181,0,NULL,'2017-12-15 16:37:46',0,NULL,NULL),(2182,0,NULL,'2017-12-15 16:37:46',0,NULL,NULL),(2183,0,NULL,'2017-12-18 14:22:36',0,NULL,NULL);

/*!40101 SET SQL_MODE=@OLD_SQL_MODE */;
/*!40014 SET FOREIGN_KEY_CHECKS=@OLD_FOREIGN_KEY_CHECKS */;
/*!40014 SET UNIQUE_CHECKS=@OLD_UNIQUE_CHECKS */;
/*!40111 SET SQL_NOTES=@OLD_SQL_NOTES */;
